run,arm,q,delay_ms
light_8x16,L0,0.0,105.46646118164062
light_8x16,L0,0.001,126.68609619140625
light_8x16,L0,0.002,131.11268615722656
light_8x16,L0,0.003,135.7177734375
light_8x16,L0,0.004,138.8885498046875
light_8x16,L0,0.005,140.8111572265625
light_8x16,L0,0.006,142.5811767578125
light_8x16,L0,0.007,144.03228759765625
light_8x16,L0,0.008,145.77178955078125
light_8x16,L0,0.009,146.856689453125
light_8x16,L0,0.01,148.590087890625
light_8x16,L0,0.011,150.06103515625
light_8x16,L0,0.012,151.2275848388672
light_8x16,L0,0.013,152.3300323486328
light_8x16,L0,0.014,153.5507354736328
light_8x16,L0,0.015,154.16871643066406
light_8x16,L0,0.016,155.17770385742188
light_8x16,L0,0.017,156.5063018798828
light_8x16,L0,0.018,157.48291015625
light_8x16,L0,0.019,158.2199249267578
light_8x16,L0,0.02,159.28041076660156
light_8x16,L0,0.021,160.10284423828125
light_8x16,L0,0.022,160.82077026367188
light_8x16,L0,0.023,161.4395294189453
light_8x16,L0,0.024,162.04225158691406
light_8x16,L0,0.025,162.6556396484375
light_8x16,L0,0.026,163.25759887695312
light_8x16,L0,0.027,163.93280029296875
light_8x16,L0,0.028,164.508056640625
light_8x16,L0,0.029,165.2237091064453
light_8x16,L0,0.03,165.875244140625
light_8x16,L0,0.031,166.49627685546875
light_8x16,L0,0.032,167.15203857421875
light_8x16,L0,0.033,167.62237548828125
light_8x16,L0,0.034,168.19154357910156
light_8x16,L0,0.035,168.76983642578125
light_8x16,L0,0.036,169.27947998046875
light_8x16,L0,0.037,169.85475158691406
light_8x16,L0,0.038,170.3460693359375
light_8x16,L0,0.039,170.9152374267578
light_8x16,L0,0.04,171.32568359375
light_8x16,L0,0.041,171.7376708984375
light_8x16,L0,0.042,172.1832275390625
light_8x16,L0,0.043,172.61199951171875
light_8x16,L0,0.044,172.96981811523438
light_8x16,L0,0.045,173.3123779296875
light_8x16,L0,0.046,173.6480712890625
light_8x16,L0,0.047,174.12567138671875
light_8x16,L0,0.048,174.59716796875
light_8x16,L0,0.049,174.93057250976562
light_8x16,L0,0.05,175.36849975585938
light_8x16,L0,0.051,175.67291259765625
light_8x16,L0,0.052,176.07574462890625
light_8x16,L0,0.053,176.4541778564453
light_8x16,L0,0.054,176.74620056152344
light_8x16,L0,0.055,177.08816528320312
light_8x16,L0,0.056,177.587890625
light_8x16,L0,0.057,177.93121337890625
light_8x16,L0,0.058,178.21807861328125
light_8x16,L0,0.059,178.5308837890625
light_8x16,L0,0.06,178.839111328125
light_8x16,L0,0.061,179.07106018066406
light_8x16,L0,0.062,179.36019897460938
light_8x16,L0,0.063,179.87060546875
light_8x16,L0,0.064,180.2398681640625
light_8x16,L0,0.065,180.50689697265625
light_8x16,L0,0.066,180.81207275390625
light_8x16,L0,0.067,181.06842041015625
light_8x16,L0,0.068,181.39915466308594
light_8x16,L0,0.069,181.77032470703125
light_8x16,L0,0.07,182.09686279296875
light_8x16,L0,0.071,182.48062133789062
light_8x16,L0,0.072,182.69805908203125
light_8x16,L0,0.073,182.95135498046875
light_8x16,L0,0.074,183.17413330078125
light_8x16,L0,0.075,183.45986938476562
light_8x16,L0,0.076,183.721923828125
light_8x16,L0,0.077,184.063720703125
light_8x16,L0,0.078,184.4040069580078
light_8x16,L0,0.079,184.68475341796875
light_8x16,L0,0.08,184.93309020996094
light_8x16,L0,0.081,185.15625
light_8x16,L0,0.082,185.37445068359375
light_8x16,L0,0.083,185.63385009765625
light_8x16,L0,0.084,185.93673706054688
light_8x16,L0,0.085,186.2945556640625
light_8x16,L0,0.086,186.5447998046875
light_8x16,L0,0.087,186.82327270507812
light_8x16,L0,0.088,187.054443359375
light_8x16,L0,0.089,187.261962890625
light_8x16,L0,0.09,187.51220703125
light_8x16,L0,0.091,187.7638702392578
light_8x16,L0,0.092,188.03787231445312
light_8x16,L0,0.093,188.32626342773438
light_8x16,L0,0.094,188.52996826171875
light_8x16,L0,0.095,188.7542724609375
light_8x16,L0,0.096,188.94349670410156
light_8x16,L0,0.097,189.215087890625
light_8x16,L0,0.098,189.43252563476562
light_8x16,L0,0.099,189.6575927734375
light_8x16,L0,0.1,189.90687561035156
light_8x16,L0,0.101,190.11611938476562
light_8x16,L0,0.102,190.40489196777344
light_8x16,L0,0.103,190.61279296875
light_8x16,L0,0.104,190.87677001953125
light_8x16,L0,0.105,191.21246337890625
light_8x16,L0,0.106,191.44287109375
light_8x16,L0,0.107,191.6481170654297
light_8x16,L0,0.108,191.80335998535156
light_8x16,L0,0.109,191.94947814941406
light_8x16,L0,0.11,192.14324951171875
light_8x16,L0,0.111,192.35687255859375
light_8x16,L0,0.112,192.61285400390625
light_8x16,L0,0.113,192.86346435546875
light_8x16,L0,0.114,193.06182861328125
light_8x16,L0,0.115,193.24417114257812
light_8x16,L0,0.116,193.5089111328125
light_8x16,L0,0.117,193.72634887695312
light_8x16,L0,0.118,193.94837951660156
light_8x16,L0,0.119,194.25048828125
light_8x16,L0,0.12,194.48585510253906
light_8x16,L0,0.121,194.6319580078125
light_8x16,L0,0.122,194.88563537597656
light_8x16,L0,0.123,195.10804748535156
light_8x16,L0,0.124,195.30267333984375
light_8x16,L0,0.125,195.49407958984375
light_8x16,L0,0.126,195.67184448242188
light_8x16,L0,0.127,195.904541015625
light_8x16,L0,0.128,196.10595703125
light_8x16,L0,0.129,196.3623046875
light_8x16,L0,0.13,196.62094116210938
light_8x16,L0,0.131,196.8048095703125
light_8x16,L0,0.132,196.9879150390625
light_8x16,L0,0.133,197.22061157226562
light_8x16,L0,0.134,197.47315979003906
light_8x16,L0,0.135,197.6318359375
light_8x16,L0,0.136,197.85919189453125
light_8x16,L0,0.137,198.06976318359375
light_8x16,L0,0.138,198.32305908203125
light_8x16,L0,0.139,198.4844207763672
light_8x16,L0,0.14,198.62127685546875
light_8x16,L0,0.141,198.7823486328125
light_8x16,L0,0.142,198.8998565673828
light_8x16,L0,0.143,199.0509033203125
light_8x16,L0,0.144,199.2626190185547
light_8x16,L0,0.145,199.501953125
light_8x16,L0,0.146,199.74517822265625
light_8x16,L0,0.147,199.95574951171875
light_8x16,L0,0.148,200.1251220703125
light_8x16,L0,0.149,200.2838134765625
light_8x16,L0,0.15,200.46157836914062
light_8x16,L0,0.151,200.61798095703125
light_8x16,L0,0.152,200.86061096191406
light_8x16,L0,0.153,201.07423400878906
light_8x16,L0,0.154,201.3107452392578
light_8x16,L0,0.155,201.4739990234375
light_8x16,L0,0.156,201.7822265625
light_8x16,L0,0.157,201.9908905029297
light_8x16,L0,0.158,202.1839141845703
light_8x16,L0,0.159,202.3529052734375
light_8x16,L0,0.16,202.54058837890625
light_8x16,L0,0.161,202.7450714111328
light_8x16,L0,0.162,202.9632568359375
light_8x16,L0,0.163,203.1524658203125
light_8x16,L0,0.164,203.3249053955078
light_8x16,L0,0.165,203.5064697265625
light_8x16,L0,0.166,203.7242889404297
light_8x16,L0,0.167,203.9269561767578
light_8x16,L0,0.168,204.15269470214844
light_8x16,L0,0.169,204.31805419921875
light_8x16,L0,0.17,204.50668334960938
light_8x16,L0,0.171,204.718017578125
light_8x16,L0,0.172,204.8813018798828
light_8x16,L0,0.173,205.1300048828125
light_8x16,L0,0.174,205.3020477294922
light_8x16,L0,0.175,205.4595947265625
light_8x16,L0,0.176,205.615234375
light_8x16,L0,0.177,205.76849365234375
light_8x16,L0,0.178,205.9967041015625
light_8x16,L0,0.179,206.15234375
light_8x16,L0,0.18,206.28662109375
light_8x16,L0,0.181,206.4678192138672
light_8x16,L0,0.182,206.65969848632812
light_8x16,L0,0.183,206.8012237548828
light_8x16,L0,0.184,206.99005126953125
light_8x16,L0,0.185,207.1380615234375
light_8x16,L0,0.186,207.342529296875
light_8x16,L0,0.187,207.45849609375
light_8x16,L0,0.188,207.60499572753906
light_8x16,L0,0.189,207.7789306640625
light_8x16,L0,0.19,207.9178009033203
light_8x16,L0,0.191,208.0535888671875
light_8x16,L0,0.192,208.23974609375
light_8x16,L0,0.193,208.41407775878906
light_8x16,L0,0.194,208.6181640625
light_8x16,L0,0.195,208.78143310546875
light_8x16,L0,0.196,208.93096923828125
light_8x16,L0,0.197,209.0728759765625
light_8x16,L0,0.198,209.2803955078125
light_8x16,L0,0.199,209.417724609375
light_8x16,L0,0.2,209.5855712890625
light_8x16,L0,0.201,209.7337646484375
light_8x16,L0,0.202,209.9761962890625
light_8x16,L0,0.203,210.1715087890625
light_8x16,L0,0.204,210.3179931640625
light_8x16,L0,0.205,210.44313049316406
light_8x16,L0,0.206,210.62850952148438
light_8x16,L0,0.207,210.8612060546875
light_8x16,L0,0.208,210.99244689941406
light_8x16,L0,0.209,211.16065979003906
light_8x16,L0,0.21,211.31134033203125
light_8x16,L0,0.211,211.50665283203125
light_8x16,L0,0.212,211.7218017578125
light_8x16,L0,0.213,211.86219787597656
light_8x16,L0,0.214,212.0819091796875
light_8x16,L0,0.215,212.3016357421875
light_8x16,L0,0.216,212.4542236328125
light_8x16,L0,0.217,212.62513732910156
light_8x16,L0,0.218,212.79144287109375
light_8x16,L0,0.219,212.9891357421875
light_8x16,L0,0.22,213.15765380859375
light_8x16,L0,0.221,213.3209228515625
light_8x16,L0,0.222,213.50259399414062
light_8x16,L0,0.223,213.7210235595703
light_8x16,L0,0.224,213.91944885253906
light_8x16,L0,0.225,214.0838623046875
light_8x16,L0,0.226,214.28834533691406
light_8x16,L0,0.227,214.4333038330078
light_8x16,L0,0.228,214.5824432373047
light_8x16,L0,0.229,214.7777099609375
light_8x16,L0,0.23,214.9673614501953
light_8x16,L0,0.231,215.12680053710938
light_8x16,L0,0.232,215.29083251953125
light_8x16,L0,0.233,215.47317504882812
light_8x16,L0,0.234,215.618896484375
light_8x16,L0,0.235,215.7745361328125
light_8x16,L0,0.236,215.94161987304688
light_8x16,L0,0.237,216.0507354736328
light_8x16,L0,0.238,216.1895751953125
light_8x16,L0,0.239,216.3116455078125
light_8x16,L0,0.24,216.45431518554688
light_8x16,L0,0.241,216.6412353515625
light_8x16,L0,0.242,216.8285369873047
light_8x16,L0,0.243,216.9796142578125
light_8x16,L0,0.244,217.15850830078125
light_8x16,L0,0.245,217.30577087402344
light_8x16,L0,0.246,217.50564575195312
light_8x16,L0,0.247,217.68569946289062
light_8x16,L0,0.248,217.83294677734375
light_8x16,L0,0.249,218.00537109375
light_8x16,L0,0.25,218.14881896972656
light_8x16,L0,0.251,218.29261779785156
light_8x16,L0,0.252,218.45626831054688
light_8x16,L0,0.253,218.67637634277344
light_8x16,L0,0.254,218.82476806640625
light_8x16,L0,0.255,218.97279357910156
light_8x16,L0,0.256,219.13241577148438
light_8x16,L0,0.257,219.3145751953125
light_8x16,L0,0.258,219.48089599609375
light_8x16,L0,0.259,219.6197509765625
light_8x16,L0,0.26,219.7998046875
light_8x16,L0,0.261,219.93942260742188
light_8x16,L0,0.262,220.1400909423828
light_8x16,L0,0.263,220.2880859375
light_8x16,L0,0.264,220.44677734375
light_8x16,L0,0.265,220.61386108398438
light_8x16,L0,0.266,220.75958251953125
light_8x16,L0,0.267,220.92572021484375
light_8x16,L0,0.268,221.0601806640625
light_8x16,L0,0.269,221.21734619140625
light_8x16,L0,0.27,221.3607940673828
light_8x16,L0,0.271,221.49505615234375
light_8x16,L0,0.272,221.64479064941406
light_8x16,L0,0.273,221.76663208007812
light_8x16,L0,0.274,221.90933227539062
light_8x16,L0,0.275,222.0672607421875
light_8x16,L0,0.276,222.2137451171875
light_8x16,L0,0.277,222.381591796875
light_8x16,L0,0.278,222.50901794433594
light_8x16,L0,0.279,222.674560546875
light_8x16,L0,0.28,222.81494140625
light_8x16,L0,0.281,222.98431396484375
light_8x16,L0,0.282,223.15444946289062
light_8x16,L0,0.283,223.29103088378906
light_8x16,L0,0.284,223.4466552734375
light_8x16,L0,0.285,223.602294921875
light_8x16,L0,0.286,223.8189697265625
light_8x16,L0,0.287,223.9665985107422
light_8x16,L0,0.288,224.11651611328125
light_8x16,L0,0.289,224.285888671875
light_8x16,L0,0.29,224.47509765625
light_8x16,L0,0.291,224.61395263671875
light_8x16,L0,0.292,224.76959228515625
light_8x16,L0,0.293,224.92218017578125
light_8x16,L0,0.294,225.048828125
light_8x16,L0,0.295,225.18157958984375
light_8x16,L0,0.296,225.360107421875
light_8x16,L0,0.297,225.48675537109375
light_8x16,L0,0.298,225.628662109375
light_8x16,L0,0.299,225.830078125
light_8x16,L0,0.3,226.01258850097656
light_8x16,L0,0.301,226.141357421875
light_8x16,L0,0.302,226.25961303710938
light_8x16,L0,0.303,226.4373779296875
light_8x16,L0,0.304,226.5625
light_8x16,L0,0.305,226.7128143310547
light_8x16,L0,0.306,226.84783935546875
light_8x16,L0,0.307,227.04696655273438
light_8x16,L0,0.308,227.177490234375
light_8x16,L0,0.309,227.35443115234375
light_8x16,L0,0.31,227.52609252929688
light_8x16,L0,0.311,227.6885986328125
light_8x16,L0,0.312,227.8656005859375
light_8x16,L0,0.313,228.00027465820312
light_8x16,L0,0.314,228.17575073242188
light_8x16,L0,0.315,228.314208984375
light_8x16,L0,0.316,228.42864990234375
light_8x16,L0,0.317,228.643798828125
light_8x16,L0,0.318,228.7578582763672
light_8x16,L0,0.319,228.9173126220703
light_8x16,L0,0.32,229.0771484375
light_8x16,L0,0.321,229.23202514648438
light_8x16,L0,0.322,229.4219970703125
light_8x16,L0,0.323,229.54864501953125
light_8x16,L0,0.324,229.6768341064453
light_8x16,L0,0.325,229.79278564453125
light_8x16,L0,0.326,229.93545532226562
light_8x16,L0,0.327,230.1025390625
light_8x16,L0,0.328,230.3009033203125
light_8x16,L0,0.329,230.4656982421875
light_8x16,L0,0.33,230.5618438720703
light_8x16,L0,0.331,230.72206115722656
light_8x16,L0,0.332,230.84564208984375
light_8x16,L0,0.333,230.99365234375
light_8x16,L0,0.334,231.10885620117188
light_8x16,L0,0.335,231.23779296875
light_8x16,L0,0.336,231.3751220703125
light_8x16,L0,0.337,231.5032958984375
light_8x16,L0,0.338,231.65435791015625
light_8x16,L0,0.339,231.79244995117188
light_8x16,L0,0.34,231.9961700439453
light_8x16,L0,0.341,232.1502685546875
light_8x16,L0,0.342,232.3169708251953
light_8x16,L0,0.343,232.46156311035156
light_8x16,L0,0.344,232.58209228515625
light_8x16,L0,0.345,232.73622131347656
light_8x16,L0,0.346,232.9010009765625
light_8x16,L0,0.347,233.04139709472656
light_8x16,L0,0.348,233.21878051757812
light_8x16,L0,0.349,233.33438110351562
light_8x16,L0,0.35,233.47320556640625
light_8x16,L0,0.351,233.612060546875
light_8x16,L0,0.352,233.7554931640625
light_8x16,L0,0.353,233.89854431152344
light_8x16,L0,0.354,234.0606689453125
light_8x16,L0,0.355,234.1827392578125
light_8x16,L0,0.356,234.35365295410156
light_8x16,L0,0.357,234.50927734375
light_8x16,L0,0.358,234.67254638671875
light_8x16,L0,0.359,234.8663330078125
light_8x16,L0,0.36,235.015869140625
light_8x16,L0,0.361,235.1806640625
light_8x16,L0,0.362,235.30123901367188
light_8x16,L0,0.363,235.43853759765625
light_8x16,L0,0.364,235.58807373046875
light_8x16,L0,0.365,235.72540283203125
light_8x16,L0,0.366,235.83984375
light_8x16,L0,0.367,236.01455688476562
light_8x16,L0,0.368,236.16563415527344
light_8x16,L0,0.369,236.2991485595703
light_8x16,L0,0.37,236.40899658203125
light_8x16,L0,0.371,236.53565979003906
light_8x16,L0,0.372,236.71417236328125
light_8x16,L0,0.373,236.84234619140625
light_8x16,L0,0.374,236.9964599609375
light_8x16,L0,0.375,237.15057373046875
light_8x16,L0,0.376,237.3046875
light_8x16,L0,0.377,237.457275390625
light_8x16,L0,0.378,237.591552734375
light_8x16,L0,0.379,237.6876983642578
light_8x16,L0,0.38,237.8450469970703
light_8x16,L0,0.381,238.00926208496094
light_8x16,L0,0.382,238.1744384765625
light_8x16,L0,0.383,238.35601806640625
light_8x16,L0,0.384,238.482666015625
light_8x16,L0,0.385,238.59559631347656
light_8x16,L0,0.386,238.714599609375
light_8x16,L0,0.387,238.90380859375
light_8x16,L0,0.388,239.05982971191406
light_8x16,L0,0.389,239.20364379882812
light_8x16,L0,0.39,239.36767578125
light_8x16,L0,0.391,239.5538330078125
light_8x16,L0,0.392,239.68048095703125
light_8x16,L0,0.393,239.83966064453125
light_8x16,L0,0.394,239.9627685546875
light_8x16,L0,0.395,240.11849975585938
light_8x16,L0,0.396,240.240478515625
light_8x16,L0,0.397,240.37246704101562
light_8x16,L0,0.398,240.57388305664062
light_8x16,L0,0.399,240.71197509765625
light_8x16,L0,0.4,240.87448120117188
light_8x16,L0,0.401,241.00648498535156
light_8x16,L0,0.402,241.15525817871094
light_8x16,L0,0.403,241.29180908203125
light_8x16,L0,0.404,241.3818359375
light_8x16,L0,0.405,241.5130615234375
light_8x16,L0,0.406,241.68701171875
light_8x16,L0,0.407,241.79421997070312
light_8x16,L0,0.408,241.92657470703125
light_8x16,L0,0.409,242.0379638671875
light_8x16,L0,0.41,242.22488403320312
light_8x16,L0,0.411,242.43621826171875
light_8x16,L0,0.412,242.5857696533203
light_8x16,L0,0.413,242.73529052734375
light_8x16,L0,0.414,242.91534423828125
light_8x16,L0,0.415,243.023681640625
light_8x16,L0,0.416,243.14727783203125
light_8x16,L0,0.417,243.3074951171875
light_8x16,L0,0.418,243.45855712890625
light_8x16,L0,0.419,243.61573791503906
light_8x16,L0,0.42,243.72254943847656
light_8x16,L0,0.421,243.817138671875
light_8x16,L0,0.422,243.9605712890625
light_8x16,L0,0.423,244.0837860107422
light_8x16,L0,0.424,244.22149658203125
light_8x16,L0,0.425,244.3389892578125
light_8x16,L0,0.426,244.48358154296875
light_8x16,L0,0.427,244.63348388671875
light_8x16,L0,0.428,244.7845458984375
light_8x16,L0,0.429,244.9310302734375
light_8x16,L0,0.43,245.07904052734375
light_8x16,L0,0.431,245.20492553710938
light_8x16,L0,0.432,245.39794921875
light_8x16,L0,0.433,245.550537109375
light_8x16,L0,0.434,245.7183837890625
light_8x16,L0,0.435,245.8343505859375
light_8x16,L0,0.436,246.0174560546875
light_8x16,L0,0.437,246.1563262939453
light_8x16,L0,0.438,246.295166015625
light_8x16,L0,0.439,246.4324951171875
light_8x16,L0,0.44,246.59518432617188
light_8x16,L0,0.441,246.7226104736328
light_8x16,L0,0.442,246.8719482421875
light_8x16,L0,0.443,246.9940185546875
light_8x16,L0,0.444,247.161865234375
light_8x16,L0,0.445,247.29310607910156
light_8x16,L0,0.446,247.418212890625
light_8x16,L0,0.447,247.56851196289062
light_8x16,L0,0.448,247.7127227783203
light_8x16,L0,0.449,247.86834716796875
light_8x16,L0,0.45,247.98507690429688
light_8x16,L0,0.451,248.08120727539062
light_8x16,L0,0.452,248.22998046875
light_8x16,L0,0.453,248.41766357421875
light_8x16,L0,0.454,248.5504150390625
light_8x16,L0,0.455,248.6587677001953
light_8x16,L0,0.456,248.81744384765625
light_8x16,L0,0.457,248.96792602539062
light_8x16,L0,0.458,249.13941955566406
light_8x16,L0,0.459,249.2872314453125
light_8x16,L0,0.46,249.40948486328125
light_8x16,L0,0.461,249.530029296875
light_8x16,L0,0.462,249.69024658203125
light_8x16,L0,0.463,249.8443603515625
light_8x16,L0,0.464,249.95558166503906
light_8x16,L0,0.465,250.091552734375
light_8x16,L0,0.466,250.23880004882812
light_8x16,L0,0.467,250.35858154296875
light_8x16,L0,0.468,250.48065185546875
light_8x16,L0,0.469,250.6197967529297
light_8x16,L0,0.47,250.75759887695312
light_8x16,L0,0.471,250.909423828125
light_8x16,L0,0.472,251.07118225097656
light_8x16,L0,0.473,251.1947784423828
light_8x16,L0,0.474,251.3473663330078
light_8x16,L0,0.475,251.49842834472656
light_8x16,L0,0.476,251.6678009033203
light_8x16,L0,0.477,251.80982971191406
light_8x16,L0,0.478,251.95465087890625
light_8x16,L0,0.479,252.0904541015625
light_8x16,L0,0.48,252.252197265625
light_8x16,L0,0.481,252.41395568847656
light_8x16,L0,0.482,252.52076721191406
light_8x16,L0,0.483,252.66876220703125
light_8x16,L0,0.484,252.83509826660156
light_8x16,L0,0.485,253.03421020507812
light_8x16,L0,0.486,253.17079162597656
light_8x16,L0,0.487,253.34701538085938
light_8x16,L0,0.488,253.46221923828125
light_8x16,L0,0.489,253.63311767578125
light_8x16,L0,0.49,253.75062561035156
light_8x16,L0,0.491,253.95509338378906
light_8x16,L0,0.492,254.09242248535156
light_8x16,L0,0.493,254.27093505859375
light_8x16,L0,0.494,254.41285705566406
light_8x16,L0,0.495,254.571533203125
light_8x16,L0,0.496,254.69667053222656
light_8x16,L0,0.497,254.86451721191406
light_8x16,L0,0.498,255.01861572265625
light_8x16,L0,0.499,255.16969299316406
light_8x16,L0,0.5,255.3497314453125
light_8x16,L0,0.501,255.45120239257812
light_8x16,L0,0.502,255.6365966796875
light_8x16,L0,0.503,255.8395538330078
light_8x16,L0,0.504,255.96315002441406
light_8x16,L0,0.505,256.0913391113281
light_8x16,L0,0.506,256.24774169921875
light_8x16,L0,0.507,256.3629150390625
light_8x16,L0,0.508,256.463623046875
light_8x16,L0,0.509,256.6184997558594
light_8x16,L0,0.51,256.8023681640625
light_8x16,L0,0.511,256.89849853515625
light_8x16,L0,0.512,257.03887939453125
light_8x16,L0,0.513,257.17584228515625
light_8x16,L0,0.514,257.3570251464844
light_8x16,L0,0.515,257.5180358886719
light_8x16,L0,0.516,257.71484375
light_8x16,L0,0.517,257.8741455078125
light_8x16,L0,0.518,258.0368347167969
light_8x16,L0,0.519,258.203125
light_8x16,L0,0.52,258.331298828125
light_8x16,L0,0.521,258.4991455078125
light_8x16,L0,0.522,258.65325927734375
light_8x16,L0,0.523,258.7860107421875
light_8x16,L0,0.524,258.9786682128906
light_8x16,L0,0.525,259.09576416015625
light_8x16,L0,0.526,259.271240234375
light_8x16,L0,0.527,259.4268798828125
light_8x16,L0,0.528,259.5802307128906
light_8x16,L0,0.529,259.70611572265625
light_8x16,L0,0.53,259.8541259765625
light_8x16,L0,0.531,260.0204772949219
light_8x16,L0,0.532,260.19744873046875
light_8x16,L0,0.533,260.34698486328125
light_8x16,L0,0.534,260.4988098144531
light_8x16,L0,0.535,260.64990234375
light_8x16,L0,0.536,260.8184814453125
light_8x16,L0,0.537,260.94512939453125
light_8x16,L0,0.538,261.0740661621094
light_8x16,L0,0.539,261.2327575683594
light_8x16,L0,0.54,261.4281005859375
light_8x16,L0,0.541,261.5814208984375
light_8x16,L0,0.542,261.7210388183594
light_8x16,L0,0.543,261.88812255859375
light_8x16,L0,0.544,262.00103759765625
light_8x16,L0,0.545,262.16497802734375
light_8x16,L0,0.546,262.31231689453125
light_8x16,L0,0.547,262.4137878417969
light_8x16,L0,0.548,262.5804748535156
light_8x16,L0,0.549,262.755615234375
light_8x16,L0,0.55,262.88433837890625
light_8x16,L0,0.551,263.0462646484375
light_8x16,L0,0.552,263.24615478515625
light_8x16,L0,0.553,263.3880615234375
light_8x16,L0,0.554,263.5955810546875
light_8x16,L0,0.555,263.7359924316406
light_8x16,L0,0.556,263.90765380859375
light_8x16,L0,0.557,264.01214599609375
light_8x16,L0,0.558,264.23797607421875
light_8x16,L0,0.559,264.36767578125
light_8x16,L0,0.56,264.5538330078125
light_8x16,L0,0.561,264.70184326171875
light_8x16,L0,0.562,264.85595703125
light_8x16,L0,0.563,265.0115966796875
light_8x16,L0,0.564,265.2252197265625
light_8x16,L0,0.565,265.38800048828125
light_8x16,L0,0.566,265.5853271484375
light_8x16,L0,0.567,265.7341003417969
light_8x16,L0,0.568,265.88287353515625
light_8x16,L0,0.569,266.0400695800781
light_8x16,L0,0.57,266.19110107421875
light_8x16,L0,0.571,266.3063049316406
light_8x16,L0,0.572,266.45355224609375
light_8x16,L0,0.573,266.63818359375
light_8x16,L0,0.574,266.7694091796875
light_8x16,L0,0.575,266.9861145019531
light_8x16,L0,0.576,267.1234436035156
light_8x16,L0,0.577,267.28515625
light_8x16,L0,0.578,267.4774169921875
light_8x16,L0,0.579,267.6727600097656
light_8x16,L0,0.58,267.81463623046875
light_8x16,L0,0.581,268.017578125
light_8x16,L0,0.582,268.1793212890625
light_8x16,L0,0.583,268.31817626953125
light_8x16,L0,0.584,268.5211181640625
light_8x16,L0,0.585,268.69659423828125
light_8x16,L0,0.586,268.88427734375
light_8x16,L0,0.587,269.09466552734375
light_8x16,L0,0.588,269.25762939453125
light_8x16,L0,0.589,269.3893737792969
light_8x16,L0,0.59,269.51446533203125
light_8x16,L0,0.591,269.6891784667969
light_8x16,L0,0.592,269.8638916015625
light_8x16,L0,0.593,270.0378723144531
light_8x16,L0,0.594,270.196533203125
light_8x16,L0,0.595,270.3888244628906
light_8x16,L0,0.596,270.58258056640625
light_8x16,L0,0.597,270.71990966796875
light_8x16,L0,0.598,270.89385986328125
light_8x16,L0,0.599,271.06475830078125
light_8x16,L0,0.6,271.23260498046875
light_8x16,L0,0.601,271.41265869140625
light_8x16,L0,0.602,271.54388427734375
light_8x16,L0,0.603,271.6858215332031
light_8x16,L0,0.604,271.8292236328125
light_8x16,L0,0.605,271.9879150390625
light_8x16,L0,0.606,272.1160888671875
light_8x16,L0,0.607,272.2704162597656
light_8x16,L0,0.608,272.4456787109375
light_8x16,L0,0.609,272.5937194824219
light_8x16,L0,0.61,272.802734375
light_8x16,L0,0.611,272.96142578125
light_8x16,L0,0.612,273.1498718261719
light_8x16,L0,0.613,273.32763671875
light_8x16,L0,0.614,273.4745178222656
light_8x16,L0,0.615,273.6419677734375
light_8x16,L0,0.616,273.773193359375
light_8x16,L0,0.617,273.9612731933594
light_8x16,L0,0.618,274.11041259765625
light_8x16,L0,0.619,274.2401123046875
light_8x16,L0,0.62,274.33892822265625
light_8x16,L0,0.621,274.5361328125
light_8x16,L0,0.622,274.7327880859375
light_8x16,L0,0.623,274.8680114746094
light_8x16,L0,0.624,275.0495910644531
light_8x16,L0,0.625,275.1556396484375
light_8x16,L0,0.626,275.274658203125
light_8x16,L0,0.627,275.4783630371094
light_8x16,L0,0.628,275.59588623046875
light_8x16,L0,0.629,275.73736572265625
light_8x16,L0,0.63,275.943359375
light_8x16,L0,0.631,276.13067626953125
light_8x16,L0,0.632,276.3031005859375
light_8x16,L0,0.633,276.46142578125
light_8x16,L0,0.634,276.6265869140625
light_8x16,L0,0.635,276.8204040527344
light_8x16,L0,0.636,276.9783020019531
light_8x16,L0,0.637,277.12860107421875
light_8x16,L0,0.638,277.29949951171875
light_8x16,L0,0.639,277.50738525390625
light_8x16,L0,0.64,277.6520080566406
light_8x16,L0,0.641,277.83392333984375
light_8x16,L0,0.642,278.0479431152344
light_8x16,L0,0.643,278.24249267578125
light_8x16,L0,0.644,278.4271240234375
light_8x16,L0,0.645,278.5614013671875
light_8x16,L0,0.646,278.7353820800781
light_8x16,L0,0.647,278.88641357421875
light_8x16,L0,0.648,279.1168518066406
light_8x16,L0,0.649,279.2938232421875
light_8x16,L0,0.65,279.4097900390625
light_8x16,L0,0.651,279.56390380859375
light_8x16,L0,0.652,279.74090576171875
light_8x16,L0,0.653,279.9652099609375
light_8x16,L0,0.654,280.12847900390625
light_8x16,L0,0.655,280.3009033203125
light_8x16,L0,0.656,280.45806884765625
light_8x16,L0,0.657,280.6060791015625
light_8x16,L0,0.658,280.767822265625
light_8x16,L0,0.659,280.9250183105469
light_8x16,L0,0.66,281.1393737792969
light_8x16,L0,0.661,281.341552734375
light_8x16,L0,0.662,281.54144287109375
light_8x16,L0,0.663,281.689453125
light_8x16,L0,0.664,281.8206787109375
light_8x16,L0,0.665,282.0411682128906
light_8x16,L0,0.666,282.1807861328125
light_8x16,L0,0.667,282.3932800292969
light_8x16,L0,0.668,282.5522155761719
light_8x16,L0,0.669,282.7262878417969
light_8x16,L0,0.67,282.8857727050781
light_8x16,L0,0.671,283.062744140625
light_8x16,L0,0.672,283.25311279296875
light_8x16,L0,0.673,283.4014892578125
light_8x16,L0,0.674,283.5876770019531
light_8x16,L0,0.675,283.85009765625
light_8x16,L0,0.676,284.01947021484375
light_8x16,L0,0.677,284.222412109375
light_8x16,L0,0.678,284.3605041503906
light_8x16,L0,0.679,284.5550537109375
light_8x16,L0,0.68,284.7068786621094
light_8x16,L0,0.681,284.87548828125
light_8x16,L0,0.682,285.0372619628906
light_8x16,L0,0.683,285.2411193847656
light_8x16,L0,0.684,285.41204833984375
light_8x16,L0,0.685,285.55450439453125
light_8x16,L0,0.686,285.7544250488281
light_8x16,L0,0.687,285.9070129394531
light_8x16,L0,0.688,286.05499267578125
light_8x16,L0,0.689,286.3266296386719
light_8x16,L0,0.69,286.4837646484375
light_8x16,L0,0.691,286.6790771484375
light_8x16,L0,0.692,286.9049072265625
light_8x16,L0,0.693,287.05291748046875
light_8x16,L0,0.694,287.31689453125
light_8x16,L0,0.695,287.4542236328125
light_8x16,L0,0.696,287.63275146484375
light_8x16,L0,0.697,287.84027099609375
light_8x16,L0,0.698,288.0096435546875
light_8x16,L0,0.699,288.24310302734375
light_8x16,L0,0.7,288.40789794921875
light_8x16,L0,0.701,288.6199951171875
light_8x16,L0,0.702,288.87176513671875
light_8x16,L0,0.703,289.0198059082031
light_8x16,L0,0.704,289.1723937988281
light_8x16,L0,0.705,289.3326110839844
light_8x16,L0,0.706,289.4826965332031
light_8x16,L0,0.707,289.6377868652344
light_8x16,L0,0.708,289.8391418457031
light_8x16,L0,0.709,290.0428771972656
light_8x16,L0,0.71,290.289306640625
light_8x16,L0,0.711,290.4255065917969
light_8x16,L0,0.712,290.60211181640625
light_8x16,L0,0.713,290.740966796875
light_8x16,L0,0.714,290.9424133300781
light_8x16,L0,0.715,291.1468505859375
light_8x16,L0,0.716,291.381103515625
light_8x16,L0,0.717,291.5618896484375
light_8x16,L0,0.718,291.778564453125
light_8x16,L0,0.719,291.9525146484375
light_8x16,L0,0.72,292.2012634277344
light_8x16,L0,0.721,292.388916015625
light_8x16,L0,0.722,292.6025390625
light_8x16,L0,0.723,292.80548095703125
light_8x16,L0,0.724,292.98553466796875
light_8x16,L0,0.725,293.15032958984375
light_8x16,L0,0.726,293.3197021484375
light_8x16,L0,0.727,293.47686767578125
light_8x16,L0,0.728,293.6631164550781
light_8x16,L0,0.729,293.8316345214844
light_8x16,L0,0.73,294.0673828125
light_8x16,L0,0.731,294.2882385253906
light_8x16,L0,0.732,294.45648193359375
light_8x16,L0,0.733,294.6441650390625
light_8x16,L0,0.734,294.85931396484375
light_8x16,L0,0.735,295.1057434082031
light_8x16,L0,0.736,295.3338623046875
light_8x16,L0,0.737,295.5887145996094
light_8x16,L0,0.738,295.7641906738281
light_8x16,L0,0.739,295.9854431152344
light_8x16,L0,0.74,296.1555480957031
light_8x16,L0,0.741,296.36651611328125
light_8x16,L0,0.742,296.63067626953125
light_8x16,L0,0.743,296.856689453125
light_8x16,L0,0.744,297.06268310546875
light_8x16,L0,0.745,297.26104736328125
light_8x16,L0,0.746,297.54486083984375
light_8x16,L0,0.747,297.7402038574219
light_8x16,L0,0.748,298.040771484375
light_8x16,L0,0.749,298.33984375
light_8x16,L0,0.75,298.53057861328125
light_8x16,L0,0.751,298.712158203125
light_8x16,L0,0.752,298.8945007324219
light_8x16,L0,0.753,299.07379150390625
light_8x16,L0,0.754,299.2737121582031
light_8x16,L0,0.755,299.5865173339844
light_8x16,L0,0.756,299.8764343261719
light_8x16,L0,0.757,300.08221435546875
light_8x16,L0,0.758,300.3265686035156
light_8x16,L0,0.759,300.5523681640625
light_8x16,L0,0.76,300.7659912109375
light_8x16,L0,0.761,301.0406494140625
light_8x16,L0,0.762,301.2955017089844
light_8x16,L0,0.763,301.4808654785156
light_8x16,L0,0.764,301.73187255859375
light_8x16,L0,0.765,301.9866943359375
light_8x16,L0,0.766,302.23846435546875
light_8x16,L0,0.767,302.45361328125
light_8x16,L0,0.768,302.6947021484375
light_8x16,L0,0.769,302.899169921875
light_8x16,L0,0.77,303.1280517578125
light_8x16,L0,0.771,303.33404541015625
light_8x16,L0,0.772,303.5538024902344
light_8x16,L0,0.773,303.8170166015625
light_8x16,L0,0.774,304.1229248046875
light_8x16,L0,0.775,304.4403076171875
light_8x16,L0,0.776,304.6722412109375
light_8x16,L0,0.777,304.8980712890625
light_8x16,L0,0.778,305.1841735839844
light_8x16,L0,0.779,305.3863525390625
light_8x16,L0,0.78,305.57098388671875
light_8x16,L0,0.781,305.7952880859375
light_8x16,L0,0.782,306.11572265625
light_8x16,L0,0.783,306.38275146484375
light_8x16,L0,0.784,306.54754638671875
light_8x16,L0,0.785,306.7962951660156
light_8x16,L0,0.786,307.0251770019531
light_8x16,L0,0.787,307.2334289550781
light_8x16,L0,0.788,307.4493408203125
light_8x16,L0,0.789,307.6652526855469
light_8x16,L0,0.79,307.8846130371094
light_8x16,L0,0.791,308.1329345703125
light_8x16,L0,0.792,308.40301513671875
light_8x16,L0,0.793,308.6212158203125
light_8x16,L0,0.794,308.85467529296875
light_8x16,L0,0.795,309.0576171875
light_8x16,L0,0.796,309.3674011230469
light_8x16,L0,0.797,309.7030944824219
light_8x16,L0,0.798,310.01702880859375
light_8x16,L0,0.799,310.2422790527344
light_8x16,L0,0.8,310.56060791015625
light_8x16,L0,0.801,310.82305908203125
light_8x16,L0,0.802,311.0738830566406
light_8x16,L0,0.803,311.3006591796875
light_8x16,L0,0.804,311.4806213378906
light_8x16,L0,0.805,311.7637634277344
light_8x16,L0,0.806,311.98272705078125
light_8x16,L0,0.807,312.2158203125
light_8x16,L0,0.808,312.49237060546875
light_8x16,L0,0.809,312.69683837890625
light_8x16,L0,0.81,312.9203796386719
light_8x16,L0,0.811,313.14697265625
light_8x16,L0,0.812,313.4368896484375
light_8x16,L0,0.813,313.665771484375
light_8x16,L0,0.814,313.87939453125
light_8x16,L0,0.815,314.1517639160156
light_8x16,L0,0.816,314.4622802734375
light_8x16,L0,0.817,314.7430419921875
light_8x16,L0,0.818,314.9658203125
light_8x16,L0,0.819,315.1809997558594
light_8x16,L0,0.82,315.4266357421875
light_8x16,L0,0.821,315.64788818359375
light_8x16,L0,0.822,315.92559814453125
light_8x16,L0,0.823,316.1590576171875
light_8x16,L0,0.824,316.32232666015625
light_8x16,L0,0.825,316.6259765625
light_8x16,L0,0.826,316.98797607421875
light_8x16,L0,0.827,317.23480224609375
light_8x16,L0,0.828,317.4698181152344
light_8x16,L0,0.829,317.8314208984375
light_8x16,L0,0.83,318.0747985839844
light_8x16,L0,0.831,318.31817626953125
light_8x16,L0,0.832,318.6073303222656
light_8x16,L0,0.833,318.935791015625
light_8x16,L0,0.834,319.2192077636719
light_8x16,L0,0.835,319.586181640625
light_8x16,L0,0.836,319.88372802734375
light_8x16,L0,0.837,320.294189453125
light_8x16,L0,0.838,320.5444641113281
light_8x16,L0,0.839,320.80078125
light_8x16,L0,0.84,321.0903015136719
light_8x16,L0,0.841,321.38671875
light_8x16,L0,0.842,321.6949462890625
light_8x16,L0,0.843,321.99859619140625
light_8x16,L0,0.844,322.2992248535156
light_8x16,L0,0.845,322.64404296875
light_8x16,L0,0.846,322.996337890625
light_8x16,L0,0.847,323.2276306152344
light_8x16,L0,0.848,323.61260986328125
light_8x16,L0,0.849,323.94036865234375
light_8x16,L0,0.85,324.15771484375
light_8x16,L0,0.851,324.50714111328125
light_8x16,L0,0.852,324.7840881347656
light_8x16,L0,0.853,325.14801025390625
light_8x16,L0,0.854,325.4608154296875
light_8x16,L0,0.855,325.8026123046875
light_8x16,L0,0.856,326.1520690917969
light_8x16,L0,0.857,326.4953918457031
light_8x16,L0,0.858,326.81427001953125
light_8x16,L0,0.859,327.1596984863281
light_8x16,L0,0.86,327.4169921875
light_8x16,L0,0.861,327.7374267578125
light_8x16,L0,0.862,328.070068359375
light_8x16,L0,0.863,328.54156494140625
light_8x16,L0,0.864,328.8421630859375
light_8x16,L0,0.865,329.205322265625
light_8x16,L0,0.866,329.60968017578125
light_8x16,L0,0.867,330.0537109375
light_8x16,L0,0.868,330.352783203125
light_8x16,L0,0.869,330.6728210449219
light_8x16,L0,0.87,330.9486389160156
light_8x16,L0,0.871,331.33392333984375
light_8x16,L0,0.872,331.60400390625
light_8x16,L0,0.873,331.9732971191406
light_8x16,L0,0.874,332.3700256347656
light_8x16,L0,0.875,332.7339172363281
light_8x16,L0,0.876,333.1794738769531
light_8x16,L0,0.877,333.7310791015625
light_8x16,L0,0.878,334.149169921875
light_8x16,L0,0.879,334.50927734375
light_8x16,L0,0.88,334.80987548828125
light_8x16,L0,0.881,335.1929016113281
light_8x16,L0,0.882,335.64605712890625
light_8x16,L0,0.883,336.0076904296875
light_8x16,L0,0.884,336.2945556640625
light_8x16,L0,0.885,336.5959167480469
light_8x16,L0,0.886,337.0431823730469
light_8x16,L0,0.887,337.48016357421875
light_8x16,L0,0.888,337.77545166015625
light_8x16,L0,0.889,338.21209716796875
light_8x16,L0,0.89,338.7024230957031
light_8x16,L0,0.891,339.17236328125
light_8x16,L0,0.892,339.53021240234375
light_8x16,L0,0.893,340.0138854980469
light_8x16,L0,0.894,340.5674133300781
light_8x16,L0,0.895,340.8966064453125
light_8x16,L0,0.896,341.27655029296875
light_8x16,L0,0.897,341.54437255859375
light_8x16,L0,0.898,341.8991394042969
light_8x16,L0,0.899,342.2195739746094
light_8x16,L0,0.9,342.7032470703125
light_8x16,L0,0.901,343.1961364746094
light_8x16,L0,0.902,343.62945556640625
light_8x16,L0,0.903,344.000244140625
light_8x16,L0,0.904,344.4671630859375
light_8x16,L0,0.905,344.80438232421875
light_8x16,L0,0.906,345.29266357421875
light_8x16,L0,0.907,345.76416015625
light_8x16,L0,0.908,346.356201171875
light_8x16,L0,0.909,346.74072265625
light_8x16,L0,0.91,347.289306640625
light_8x16,L0,0.911,347.66387939453125
light_8x16,L0,0.912,348.10791015625
light_8x16,L0,0.913,348.5626220703125
light_8x16,L0,0.914,349.1020202636719
light_8x16,L0,0.915,349.598876953125
light_8x16,L0,0.916,350.168212890625
light_8x16,L0,0.917,350.8880615234375
light_8x16,L0,0.918,351.3885498046875
light_8x16,L0,0.919,351.971435546875
light_8x16,L0,0.92,352.6149597167969
light_8x16,L0,0.921,353.0262145996094
light_8x16,L0,0.922,353.5134582519531
light_8x16,L0,0.923,354.1443176269531
light_8x16,L0,0.924,354.58526611328125
light_8x16,L0,0.925,355.19866943359375
light_8x16,L0,0.926,355.718994140625
light_8x16,L0,0.927,356.414794921875
light_8x16,L0,0.928,356.9187316894531
light_8x16,L0,0.929,357.42645263671875
light_8x16,L0,0.93,357.9819030761719
light_8x16,L0,0.931,358.7011413574219
light_8x16,L0,0.932,359.356689453125
light_8x16,L0,0.933,359.8518371582031
light_8x16,L0,0.934,360.3607177734375
light_8x16,L0,0.935,360.8642578125
light_8x16,L0,0.936,361.474609375
light_8x16,L0,0.937,362.0350036621094
light_8x16,L0,0.938,362.7227783203125
light_8x16,L0,0.939,363.3453674316406
light_8x16,L0,0.94,364.15863037109375
light_8x16,L0,0.941,364.849853515625
light_8x16,L0,0.942,365.6585693359375
light_8x16,L0,0.943,366.4123840332031
light_8x16,L0,0.944,366.9891357421875
light_8x16,L0,0.945,367.81005859375
light_8x16,L0,0.946,368.4974670410156
light_8x16,L0,0.947,369.2901611328125
light_8x16,L0,0.948,370.1278991699219
light_8x16,L0,0.949,370.9712829589844
light_8x16,L0,0.95,372.0787048339844
light_8x16,L0,0.951,372.833251953125
light_8x16,L0,0.952,373.63128662109375
light_8x16,L0,0.953,374.26605224609375
light_8x16,L0,0.954,375.32806396484375
light_8x16,L0,0.955,376.1810302734375
light_8x16,L0,0.956,377.0904541015625
light_8x16,L0,0.957,378.0609130859375
light_8x16,L0,0.958,378.8116455078125
light_8x16,L0,0.959,380.0537414550781
light_8x16,L0,0.96,380.9791564941406
light_8x16,L0,0.961,381.774169921875
light_8x16,L0,0.962,382.7127380371094
light_8x16,L0,0.963,383.9019775390625
light_8x16,L0,0.964,385.174560546875
light_8x16,L0,0.965,386.6150207519531
light_8x16,L0,0.966,387.6740417480469
light_8x16,L0,0.967,388.76953125
light_8x16,L0,0.968,390.08026123046875
light_8x16,L0,0.969,391.23687744140625
light_8x16,L0,0.97,393.0677490234375
light_8x16,L0,0.971,394.5098876953125
light_8x16,L0,0.972,395.7366943359375
light_8x16,L0,0.973,397.2259521484375
light_8x16,L0,0.974,398.745361328125
light_8x16,L0,0.975,400.4852600097656
light_8x16,L0,0.976,402.01416015625
light_8x16,L0,0.977,403.63006591796875
light_8x16,L0,0.978,405.18341064453125
light_8x16,L0,0.979,407.0885009765625
light_8x16,L0,0.98,408.5724182128906
light_8x16,L0,0.981,410.8795166015625
light_8x16,L0,0.982,412.506103515625
light_8x16,L0,0.983,414.39398193359375
light_8x16,L0,0.984,417.01776123046875
light_8x16,L0,0.985,419.7952575683594
light_8x16,L0,0.986,422.0733642578125
light_8x16,L0,0.987,424.45526123046875
light_8x16,L0,0.988,427.52227783203125
light_8x16,L0,0.989,431.10809326171875
light_8x16,L0,0.99,434.2979431152344
light_8x16,L0,0.991,439.27154541015625
light_8x16,L0,0.992,442.63916015625
light_8x16,L0,0.993,445.85345458984375
light_8x16,L0,0.994,450.59393310546875
light_8x16,L0,0.995,457.90863037109375
light_8x16,L0,0.996,465.18402099609375
light_8x16,L0,0.997,473.08197021484375
light_8x16,L0,0.998,484.4215393066406
light_8x16,L0,0.999,505.45806884765625
light_8x16,L0,1.0,658.7891235351562
light_8x16,L0-emp,0.0,44.99969482421875
light_8x16,L0-emp,0.001,69.99969482421875
light_8x16,L0-emp,0.002,132.50123596191406
light_8x16,L0-emp,0.003,159.99984741210938
light_8x16,L0-emp,0.004,170.001220703125
light_8x16,L0-emp,0.005,182.49969482421875
light_8x16,L0-emp,0.006,192.49879455566406
light_8x16,L0-emp,0.007,192.50030517578125
light_8x16,L0-emp,0.008,194.99969482421875
light_8x16,L0-emp,0.009,197.49986267089844
light_8x16,L0-emp,0.01,197.50003051757812
light_8x16,L0-emp,0.011,197.5006103515625
light_8x16,L0-emp,0.012,200.0
light_8x16,L0-emp,0.013,200.0
light_8x16,L0-emp,0.014,200.0
light_8x16,L0-emp,0.015,200.0
light_8x16,L0-emp,0.016,200.0
light_8x16,L0-emp,0.017,202.4993896484375
light_8x16,L0-emp,0.018,202.4993896484375
light_8x16,L0-emp,0.019,202.4993896484375
light_8x16,L0-emp,0.02,202.49996948242188
light_8x16,L0-emp,0.021,202.50015258789062
light_8x16,L0-emp,0.022,204.998779296875
light_8x16,L0-emp,0.023,204.9999237060547
light_8x16,L0-emp,0.024,204.9999237060547
light_8x16,L0-emp,0.025,205.00030517578125
light_8x16,L0-emp,0.026,205.00030517578125
light_8x16,L0-emp,0.027,205.00030517578125
light_8x16,L0-emp,0.028,205.00030517578125
light_8x16,L0-emp,0.029,205.00030517578125
light_8x16,L0-emp,0.03,207.49969482421875
light_8x16,L0-emp,0.031,207.49969482421875
light_8x16,L0-emp,0.032,207.49969482421875
light_8x16,L0-emp,0.033,207.49969482421875
light_8x16,L0-emp,0.034,207.49969482421875
light_8x16,L0-emp,0.035,207.49969482421875
light_8x16,L0-emp,0.036,207.49969482421875
light_8x16,L0-emp,0.037,207.50009155273438
light_8x16,L0-emp,0.038,207.50009155273438
light_8x16,L0-emp,0.039,207.501220703125
light_8x16,L0-emp,0.04,209.99984741210938
light_8x16,L0-emp,0.041,209.99984741210938
light_8x16,L0-emp,0.042,209.99984741210938
light_8x16,L0-emp,0.043,209.99984741210938
light_8x16,L0-emp,0.044,210.0
light_8x16,L0-emp,0.045,210.00003051757812
light_8x16,L0-emp,0.046,210.00062561035156
light_8x16,L0-emp,0.047,210.00062561035156
light_8x16,L0-emp,0.048,210.00062561035156
light_8x16,L0-emp,0.049,210.00062561035156
light_8x16,L0-emp,0.05,210.00062561035156
light_8x16,L0-emp,0.051,210.00062561035156
light_8x16,L0-emp,0.052,210.00062561035156
light_8x16,L0-emp,0.053,210.00062561035156
light_8x16,L0-emp,0.054,210.00062561035156
light_8x16,L0-emp,0.055,212.5
light_8x16,L0-emp,0.056,212.5
light_8x16,L0-emp,0.057,212.5
light_8x16,L0-emp,0.058,212.5
light_8x16,L0-emp,0.059,212.5
light_8x16,L0-emp,0.06,212.5
light_8x16,L0-emp,0.061,212.5
light_8x16,L0-emp,0.062,212.5
light_8x16,L0-emp,0.063,212.5
light_8x16,L0-emp,0.064,212.5
light_8x16,L0-emp,0.065,212.5
light_8x16,L0-emp,0.066,212.5
light_8x16,L0-emp,0.067,212.5
light_8x16,L0-emp,0.068,212.5
light_8x16,L0-emp,0.069,212.5
light_8x16,L0-emp,0.07,212.5
light_8x16,L0-emp,0.071,212.5
light_8x16,L0-emp,0.072,214.9993896484375
light_8x16,L0-emp,0.073,214.9993896484375
light_8x16,L0-emp,0.074,214.9993896484375
light_8x16,L0-emp,0.075,214.9993896484375
light_8x16,L0-emp,0.076,214.9993896484375
light_8x16,L0-emp,0.077,214.9993896484375
light_8x16,L0-emp,0.078,214.9993896484375
light_8x16,L0-emp,0.079,214.9993896484375
light_8x16,L0-emp,0.08,214.9993896484375
light_8x16,L0-emp,0.081,214.9993896484375
light_8x16,L0-emp,0.082,214.9993896484375
light_8x16,L0-emp,0.083,214.9993896484375
light_8x16,L0-emp,0.084,214.9993896484375
light_8x16,L0-emp,0.085,214.9993896484375
light_8x16,L0-emp,0.086,214.9999542236328
light_8x16,L0-emp,0.087,214.9999542236328
light_8x16,L0-emp,0.088,215.00015258789062
light_8x16,L0-emp,0.089,215.00015258789062
light_8x16,L0-emp,0.09,215.00015258789062
light_8x16,L0-emp,0.091,215.00015258789062
light_8x16,L0-emp,0.092,215.00015258789062
light_8x16,L0-emp,0.093,215.00015258789062
light_8x16,L0-emp,0.094,215.00015258789062
light_8x16,L0-emp,0.095,215.00015258789062
light_8x16,L0-emp,0.096,215.00015258789062
light_8x16,L0-emp,0.097,217.498779296875
light_8x16,L0-emp,0.098,217.498779296875
light_8x16,L0-emp,0.099,217.498779296875
light_8x16,L0-emp,0.1,217.498779296875
light_8x16,L0-emp,0.101,217.4999237060547
light_8x16,L0-emp,0.102,217.4999237060547
light_8x16,L0-emp,0.103,217.4999237060547
light_8x16,L0-emp,0.104,217.4999237060547
light_8x16,L0-emp,0.105,217.5
light_8x16,L0-emp,0.106,217.50001525878906
light_8x16,L0-emp,0.107,217.50001525878906
light_8x16,L0-emp,0.108,217.5003204345703
light_8x16,L0-emp,0.109,217.5003204345703
light_8x16,L0-emp,0.11,217.5003204345703
light_8x16,L0-emp,0.111,217.5003204345703
light_8x16,L0-emp,0.112,217.5003204345703
light_8x16,L0-emp,0.113,217.5003204345703
light_8x16,L0-emp,0.114,217.5003204345703
light_8x16,L0-emp,0.115,217.5003204345703
light_8x16,L0-emp,0.116,217.5003204345703
light_8x16,L0-emp,0.117,217.5003204345703
light_8x16,L0-emp,0.118,217.5003204345703
light_8x16,L0-emp,0.119,217.5003204345703
light_8x16,L0-emp,0.12,217.5003204345703
light_8x16,L0-emp,0.121,217.5003204345703
light_8x16,L0-emp,0.122,217.5003204345703
light_8x16,L0-emp,0.123,217.5003204345703
light_8x16,L0-emp,0.124,217.5003204345703
light_8x16,L0-emp,0.125,217.5003204345703
light_8x16,L0-emp,0.126,217.5003204345703
light_8x16,L0-emp,0.127,219.99969482421875
light_8x16,L0-emp,0.128,219.99969482421875
light_8x16,L0-emp,0.129,219.99969482421875
light_8x16,L0-emp,0.13,219.99969482421875
light_8x16,L0-emp,0.131,219.99969482421875
light_8x16,L0-emp,0.132,219.99969482421875
light_8x16,L0-emp,0.133,219.99969482421875
light_8x16,L0-emp,0.134,219.99969482421875
light_8x16,L0-emp,0.135,219.99969482421875
light_8x16,L0-emp,0.136,219.99969482421875
light_8x16,L0-emp,0.137,219.99969482421875
light_8x16,L0-emp,0.138,219.99969482421875
light_8x16,L0-emp,0.139,219.99969482421875
light_8x16,L0-emp,0.14,219.99969482421875
light_8x16,L0-emp,0.141,219.99969482421875
light_8x16,L0-emp,0.142,219.99969482421875
light_8x16,L0-emp,0.143,219.99969482421875
light_8x16,L0-emp,0.144,219.99969482421875
light_8x16,L0-emp,0.145,219.99969482421875
light_8x16,L0-emp,0.146,219.99998474121094
light_8x16,L0-emp,0.147,219.99998474121094
light_8x16,L0-emp,0.148,220.0000762939453
light_8x16,L0-emp,0.149,220.0000762939453
light_8x16,L0-emp,0.15,220.0000762939453
light_8x16,L0-emp,0.151,220.0000762939453
light_8x16,L0-emp,0.152,220.0000762939453
light_8x16,L0-emp,0.153,220.001220703125
light_8x16,L0-emp,0.154,220.001220703125
light_8x16,L0-emp,0.155,220.001220703125
light_8x16,L0-emp,0.156,220.001220703125
light_8x16,L0-emp,0.157,222.49984741210938
light_8x16,L0-emp,0.158,222.49984741210938
light_8x16,L0-emp,0.159,222.49984741210938
light_8x16,L0-emp,0.16,222.49984741210938
light_8x16,L0-emp,0.161,222.49984741210938
light_8x16,L0-emp,0.162,222.49984741210938
light_8x16,L0-emp,0.163,222.49984741210938
light_8x16,L0-emp,0.164,222.49984741210938
light_8x16,L0-emp,0.165,222.49984741210938
light_8x16,L0-emp,0.166,222.49984741210938
light_8x16,L0-emp,0.167,222.49984741210938
light_8x16,L0-emp,0.168,222.5
light_8x16,L0-emp,0.169,222.5000457763672
light_8x16,L0-emp,0.17,222.5000457763672
light_8x16,L0-emp,0.171,222.5006103515625
light_8x16,L0-emp,0.172,222.5006103515625
light_8x16,L0-emp,0.173,222.5006103515625
light_8x16,L0-emp,0.174,222.5006103515625
light_8x16,L0-emp,0.175,222.5006103515625
light_8x16,L0-emp,0.176,222.5006103515625
light_8x16,L0-emp,0.177,222.5006103515625
light_8x16,L0-emp,0.178,222.5006103515625
light_8x16,L0-emp,0.179,222.5006103515625
light_8x16,L0-emp,0.18,222.5006103515625
light_8x16,L0-emp,0.181,222.5006103515625
light_8x16,L0-emp,0.182,222.5006103515625
light_8x16,L0-emp,0.183,222.5006103515625
light_8x16,L0-emp,0.184,222.5006103515625
light_8x16,L0-emp,0.185,222.5006103515625
light_8x16,L0-emp,0.186,222.5006103515625
light_8x16,L0-emp,0.187,222.5006103515625
light_8x16,L0-emp,0.188,222.5006103515625
light_8x16,L0-emp,0.189,222.5006103515625
light_8x16,L0-emp,0.19,225.00001525878906
light_8x16,L0-emp,0.191,225.00001525878906
light_8x16,L0-emp,0.192,225.00001525878906
light_8x16,L0-emp,0.193,225.00001525878906
light_8x16,L0-emp,0.194,225.00001525878906
light_8x16,L0-emp,0.195,225.00001525878906
light_8x16,L0-emp,0.196,225.00001525878906
light_8x16,L0-emp,0.197,225.00001525878906
light_8x16,L0-emp,0.198,225.00001525878906
light_8x16,L0-emp,0.199,225.00001525878906
light_8x16,L0-emp,0.2,225.00001525878906
light_8x16,L0-emp,0.201,225.00001525878906
light_8x16,L0-emp,0.202,225.00001525878906
light_8x16,L0-emp,0.203,225.00001525878906
light_8x16,L0-emp,0.204,225.00001525878906
light_8x16,L0-emp,0.205,225.00001525878906
light_8x16,L0-emp,0.206,225.00001525878906
light_8x16,L0-emp,0.207,225.00001525878906
light_8x16,L0-emp,0.208,225.00001525878906
light_8x16,L0-emp,0.209,225.00001525878906
light_8x16,L0-emp,0.21,225.00001525878906
light_8x16,L0-emp,0.211,225.00001525878906
light_8x16,L0-emp,0.212,225.00001525878906
light_8x16,L0-emp,0.213,225.00001525878906
light_8x16,L0-emp,0.214,225.00001525878906
light_8x16,L0-emp,0.215,225.00001525878906
light_8x16,L0-emp,0.216,225.00001525878906
light_8x16,L0-emp,0.217,225.00001525878906
light_8x16,L0-emp,0.218,225.00001525878906
light_8x16,L0-emp,0.219,225.00001525878906
light_8x16,L0-emp,0.22,225.00001525878906
light_8x16,L0-emp,0.221,225.00003051757812
light_8x16,L0-emp,0.222,227.4993896484375
light_8x16,L0-emp,0.223,227.4993896484375
light_8x16,L0-emp,0.224,227.4993896484375
light_8x16,L0-emp,0.225,227.4993896484375
light_8x16,L0-emp,0.226,227.4993896484375
light_8x16,L0-emp,0.227,227.4993896484375
light_8x16,L0-emp,0.228,227.4993896484375
light_8x16,L0-emp,0.229,227.4993896484375
light_8x16,L0-emp,0.23,227.4993896484375
light_8x16,L0-emp,0.231,227.4993896484375
light_8x16,L0-emp,0.232,227.4993896484375
light_8x16,L0-emp,0.233,227.4993896484375
light_8x16,L0-emp,0.234,227.4993896484375
light_8x16,L0-emp,0.235,227.4993896484375
light_8x16,L0-emp,0.236,227.4993896484375
light_8x16,L0-emp,0.237,227.4993896484375
light_8x16,L0-emp,0.238,227.4993896484375
light_8x16,L0-emp,0.239,227.4993896484375
light_8x16,L0-emp,0.24,227.49996948242188
light_8x16,L0-emp,0.241,227.5
light_8x16,L0-emp,0.242,227.50015258789062
light_8x16,L0-emp,0.243,227.50015258789062
light_8x16,L0-emp,0.244,227.50015258789062
light_8x16,L0-emp,0.245,227.50015258789062
light_8x16,L0-emp,0.246,227.50015258789062
light_8x16,L0-emp,0.247,227.50015258789062
light_8x16,L0-emp,0.248,227.50015258789062
light_8x16,L0-emp,0.249,227.50015258789062
light_8x16,L0-emp,0.25,227.50015258789062
light_8x16,L0-emp,0.251,227.50015258789062
light_8x16,L0-emp,0.252,227.50015258789062
light_8x16,L0-emp,0.253,229.998779296875
light_8x16,L0-emp,0.254,229.998779296875
light_8x16,L0-emp,0.255,229.998779296875
light_8x16,L0-emp,0.256,229.998779296875
light_8x16,L0-emp,0.257,229.9999237060547
light_8x16,L0-emp,0.258,229.9999237060547
light_8x16,L0-emp,0.259,229.9999237060547
light_8x16,L0-emp,0.26,229.9999237060547
light_8x16,L0-emp,0.261,229.9999237060547
light_8x16,L0-emp,0.262,230.0
light_8x16,L0-emp,0.263,230.00001525878906
light_8x16,L0-emp,0.264,230.00030517578125
light_8x16,L0-emp,0.265,230.00030517578125
light_8x16,L0-emp,0.266,230.00030517578125
light_8x16,L0-emp,0.267,230.00030517578125
light_8x16,L0-emp,0.268,230.00030517578125
light_8x16,L0-emp,0.269,230.00030517578125
light_8x16,L0-emp,0.27,230.00030517578125
light_8x16,L0-emp,0.271,230.00030517578125
light_8x16,L0-emp,0.272,230.00030517578125
light_8x16,L0-emp,0.273,230.00030517578125
light_8x16,L0-emp,0.274,230.00030517578125
light_8x16,L0-emp,0.275,230.00030517578125
light_8x16,L0-emp,0.276,230.00030517578125
light_8x16,L0-emp,0.277,230.00030517578125
light_8x16,L0-emp,0.278,230.00030517578125
light_8x16,L0-emp,0.279,230.00030517578125
light_8x16,L0-emp,0.28,230.00030517578125
light_8x16,L0-emp,0.281,230.00030517578125
light_8x16,L0-emp,0.282,230.00030517578125
light_8x16,L0-emp,0.283,230.00030517578125
light_8x16,L0-emp,0.284,232.4997100830078
light_8x16,L0-emp,0.285,232.4997100830078
light_8x16,L0-emp,0.286,232.4997100830078
light_8x16,L0-emp,0.287,232.4997100830078
light_8x16,L0-emp,0.288,232.4997100830078
light_8x16,L0-emp,0.289,232.4997100830078
light_8x16,L0-emp,0.29,232.4997100830078
light_8x16,L0-emp,0.291,232.4997100830078
light_8x16,L0-emp,0.292,232.4997100830078
light_8x16,L0-emp,0.293,232.4997100830078
light_8x16,L0-emp,0.294,232.4997100830078
light_8x16,L0-emp,0.295,232.4997100830078
light_8x16,L0-emp,0.296,232.4997100830078
light_8x16,L0-emp,0.297,232.4997100830078
light_8x16,L0-emp,0.298,232.4997100830078
light_8x16,L0-emp,0.299,232.4997100830078
light_8x16,L0-emp,0.3,232.4997100830078
light_8x16,L0-emp,0.301,232.49998474121094
light_8x16,L0-emp,0.302,232.5
light_8x16,L0-emp,0.303,232.5000762939453
light_8x16,L0-emp,0.304,232.5000762939453
light_8x16,L0-emp,0.305,232.5000762939453
light_8x16,L0-emp,0.306,232.5000762939453
light_8x16,L0-emp,0.307,232.501220703125
light_8x16,L0-emp,0.308,232.501220703125
light_8x16,L0-emp,0.309,232.501220703125
light_8x16,L0-emp,0.31,232.501220703125
light_8x16,L0-emp,0.311,234.99984741210938
light_8x16,L0-emp,0.312,234.99984741210938
light_8x16,L0-emp,0.313,234.99984741210938
light_8x16,L0-emp,0.314,234.99984741210938
light_8x16,L0-emp,0.315,234.99984741210938
light_8x16,L0-emp,0.316,234.99984741210938
light_8x16,L0-emp,0.317,234.99984741210938
light_8x16,L0-emp,0.318,234.99984741210938
light_8x16,L0-emp,0.319,234.99984741210938
light_8x16,L0-emp,0.32,235.0
light_8x16,L0-emp,0.321,235.0000457763672
light_8x16,L0-emp,0.322,235.0000457763672
light_8x16,L0-emp,0.323,235.0006103515625
light_8x16,L0-emp,0.324,235.0006103515625
light_8x16,L0-emp,0.325,235.0006103515625
light_8x16,L0-emp,0.326,235.0006103515625
light_8x16,L0-emp,0.327,235.0006103515625
light_8x16,L0-emp,0.328,235.0006103515625
light_8x16,L0-emp,0.329,235.0006103515625
light_8x16,L0-emp,0.33,235.0006103515625
light_8x16,L0-emp,0.331,235.0006103515625
light_8x16,L0-emp,0.332,235.0006103515625
light_8x16,L0-emp,0.333,235.0006103515625
light_8x16,L0-emp,0.334,235.0006103515625
light_8x16,L0-emp,0.335,235.0006103515625
light_8x16,L0-emp,0.336,235.0006103515625
light_8x16,L0-emp,0.337,235.0006103515625
light_8x16,L0-emp,0.338,235.0006103515625
light_8x16,L0-emp,0.339,235.0006103515625
light_8x16,L0-emp,0.34,237.5
light_8x16,L0-emp,0.341,237.5
light_8x16,L0-emp,0.342,237.5
light_8x16,L0-emp,0.343,237.5
light_8x16,L0-emp,0.344,237.5
light_8x16,L0-emp,0.345,237.5
light_8x16,L0-emp,0.346,237.5
light_8x16,L0-emp,0.347,237.5
light_8x16,L0-emp,0.348,237.5
light_8x16,L0-emp,0.349,237.5
light_8x16,L0-emp,0.35,237.5
light_8x16,L0-emp,0.351,237.5
light_8x16,L0-emp,0.352,237.5
light_8x16,L0-emp,0.353,237.5
light_8x16,L0-emp,0.354,237.5
light_8x16,L0-emp,0.355,237.5
light_8x16,L0-emp,0.356,237.5
light_8x16,L0-emp,0.357,237.5
light_8x16,L0-emp,0.358,237.5
light_8x16,L0-emp,0.359,237.5
light_8x16,L0-emp,0.36,237.5
light_8x16,L0-emp,0.361,237.5
light_8x16,L0-emp,0.362,237.5
light_8x16,L0-emp,0.363,237.5
light_8x16,L0-emp,0.364,239.99940490722656
light_8x16,L0-emp,0.365,239.99940490722656
light_8x16,L0-emp,0.366,239.99940490722656
light_8x16,L0-emp,0.367,239.99940490722656
light_8x16,L0-emp,0.368,239.99940490722656
light_8x16,L0-emp,0.369,239.99940490722656
light_8x16,L0-emp,0.37,239.99940490722656
light_8x16,L0-emp,0.371,239.99940490722656
light_8x16,L0-emp,0.372,239.99940490722656
light_8x16,L0-emp,0.373,239.99940490722656
light_8x16,L0-emp,0.374,239.99940490722656
light_8x16,L0-emp,0.375,239.99940490722656
light_8x16,L0-emp,0.376,239.99940490722656
light_8x16,L0-emp,0.377,239.99940490722656
light_8x16,L0-emp,0.378,239.99996948242188
light_8x16,L0-emp,0.379,240.00015258789062
light_8x16,L0-emp,0.38,240.00015258789062
light_8x16,L0-emp,0.381,240.00015258789062
light_8x16,L0-emp,0.382,240.00015258789062
light_8x16,L0-emp,0.383,240.00015258789062
light_8x16,L0-emp,0.384,240.00015258789062
light_8x16,L0-emp,0.385,240.00015258789062
light_8x16,L0-emp,0.386,240.00015258789062
light_8x16,L0-emp,0.387,242.498779296875
light_8x16,L0-emp,0.388,242.498779296875
light_8x16,L0-emp,0.389,242.498779296875
light_8x16,L0-emp,0.39,242.49993896484375
light_8x16,L0-emp,0.391,242.49993896484375
light_8x16,L0-emp,0.392,242.49993896484375
light_8x16,L0-emp,0.393,242.49993896484375
light_8x16,L0-emp,0.394,242.49998474121094
light_8x16,L0-emp,0.395,242.50001525878906
light_8x16,L0-emp,0.396,242.50030517578125
light_8x16,L0-emp,0.397,242.50030517578125
light_8x16,L0-emp,0.398,242.50030517578125
light_8x16,L0-emp,0.399,242.50030517578125
light_8x16,L0-emp,0.4,242.50030517578125
light_8x16,L0-emp,0.401,242.50030517578125
light_8x16,L0-emp,0.402,242.50030517578125
light_8x16,L0-emp,0.403,242.50030517578125
light_8x16,L0-emp,0.404,242.50030517578125
light_8x16,L0-emp,0.405,242.50030517578125
light_8x16,L0-emp,0.406,242.50030517578125
light_8x16,L0-emp,0.407,242.50030517578125
light_8x16,L0-emp,0.408,242.50030517578125
light_8x16,L0-emp,0.409,242.50030517578125
light_8x16,L0-emp,0.41,242.50030517578125
light_8x16,L0-emp,0.411,244.99969482421875
light_8x16,L0-emp,0.412,244.99969482421875
light_8x16,L0-emp,0.413,244.99969482421875
light_8x16,L0-emp,0.414,244.99969482421875
light_8x16,L0-emp,0.415,244.99969482421875
light_8x16,L0-emp,0.416,244.99969482421875
light_8x16,L0-emp,0.417,244.99969482421875
light_8x16,L0-emp,0.418,244.99969482421875
light_8x16,L0-emp,0.419,244.99969482421875
light_8x16,L0-emp,0.42,244.99969482421875
light_8x16,L0-emp,0.421,244.99969482421875
light_8x16,L0-emp,0.422,244.99969482421875
light_8x16,L0-emp,0.423,244.99969482421875
light_8x16,L0-emp,0.424,244.99969482421875
light_8x16,L0-emp,0.425,244.99969482421875
light_8x16,L0-emp,0.426,245.0
light_8x16,L0-emp,0.427,245.0000762939453
light_8x16,L0-emp,0.428,245.0000762939453
light_8x16,L0-emp,0.429,245.0000762939453
light_8x16,L0-emp,0.43,245.001220703125
light_8x16,L0-emp,0.431,245.001220703125
light_8x16,L0-emp,0.432,245.001220703125
light_8x16,L0-emp,0.433,245.001220703125
light_8x16,L0-emp,0.434,247.49984741210938
light_8x16,L0-emp,0.435,247.49984741210938
light_8x16,L0-emp,0.436,247.49984741210938
light_8x16,L0-emp,0.437,247.49984741210938
light_8x16,L0-emp,0.438,247.49984741210938
light_8x16,L0-emp,0.439,247.49984741210938
light_8x16,L0-emp,0.44,247.49984741210938
light_8x16,L0-emp,0.441,247.5000457763672
light_8x16,L0-emp,0.442,247.5000457763672
light_8x16,L0-emp,0.443,247.5006103515625
light_8x16,L0-emp,0.444,247.5006103515625
light_8x16,L0-emp,0.445,247.5006103515625
light_8x16,L0-emp,0.446,247.5006103515625
light_8x16,L0-emp,0.447,247.5006103515625
light_8x16,L0-emp,0.448,247.5006103515625
light_8x16,L0-emp,0.449,247.5006103515625
light_8x16,L0-emp,0.45,247.5006103515625
light_8x16,L0-emp,0.451,247.5006103515625
light_8x16,L0-emp,0.452,247.5006103515625
light_8x16,L0-emp,0.453,247.5006103515625
light_8x16,L0-emp,0.454,250.0
light_8x16,L0-emp,0.455,250.0
light_8x16,L0-emp,0.456,250.0
light_8x16,L0-emp,0.457,250.0
light_8x16,L0-emp,0.458,250.0
light_8x16,L0-emp,0.459,250.0
light_8x16,L0-emp,0.46,250.0
light_8x16,L0-emp,0.461,250.0
light_8x16,L0-emp,0.462,250.0
light_8x16,L0-emp,0.463,250.0
light_8x16,L0-emp,0.464,250.0
light_8x16,L0-emp,0.465,250.0
light_8x16,L0-emp,0.466,250.0
light_8x16,L0-emp,0.467,250.0
light_8x16,L0-emp,0.468,250.0
light_8x16,L0-emp,0.469,250.0
light_8x16,L0-emp,0.47,250.0
light_8x16,L0-emp,0.471,250.0
light_8x16,L0-emp,0.472,250.0
light_8x16,L0-emp,0.473,250.0
light_8x16,L0-emp,0.474,250.0
light_8x16,L0-emp,0.475,252.49940490722656
light_8x16,L0-emp,0.476,252.49940490722656
light_8x16,L0-emp,0.477,252.49940490722656
light_8x16,L0-emp,0.478,252.49940490722656
light_8x16,L0-emp,0.479,252.49940490722656
light_8x16,L0-emp,0.48,252.49940490722656
light_8x16,L0-emp,0.481,252.49940490722656
light_8x16,L0-emp,0.482,252.49940490722656
light_8x16,L0-emp,0.483,252.49940490722656
light_8x16,L0-emp,0.484,252.49996948242188
light_8x16,L0-emp,0.485,252.50006103515625
light_8x16,L0-emp,0.486,252.50015258789062
light_8x16,L0-emp,0.487,252.50015258789062
light_8x16,L0-emp,0.488,252.50015258789062
light_8x16,L0-emp,0.489,252.50015258789062
light_8x16,L0-emp,0.49,252.50015258789062
light_8x16,L0-emp,0.491,254.998779296875
light_8x16,L0-emp,0.492,254.998779296875
light_8x16,L0-emp,0.493,254.99993896484375
light_8x16,L0-emp,0.494,254.99993896484375
light_8x16,L0-emp,0.495,254.99993896484375
light_8x16,L0-emp,0.496,255.00003051757812
light_8x16,L0-emp,0.497,255.0003204345703
light_8x16,L0-emp,0.498,255.0003204345703
light_8x16,L0-emp,0.499,255.0003204345703
light_8x16,L0-emp,0.5,255.0003204345703
light_8x16,L0-emp,0.501,255.0003204345703
light_8x16,L0-emp,0.502,255.0003204345703
light_8x16,L0-emp,0.503,255.0003204345703
light_8x16,L0-emp,0.504,255.0003204345703
light_8x16,L0-emp,0.505,255.0003204345703
light_8x16,L0-emp,0.506,255.0003204345703
light_8x16,L0-emp,0.507,255.0003204345703
light_8x16,L0-emp,0.508,257.49969482421875
light_8x16,L0-emp,0.509,257.49969482421875
light_8x16,L0-emp,0.51,257.49969482421875
light_8x16,L0-emp,0.511,257.49969482421875
light_8x16,L0-emp,0.512,257.49969482421875
light_8x16,L0-emp,0.513,257.49969482421875
light_8x16,L0-emp,0.514,257.49969482421875
light_8x16,L0-emp,0.515,257.49969482421875
light_8x16,L0-emp,0.516,257.49969482421875
light_8x16,L0-emp,0.517,257.49969482421875
light_8x16,L0-emp,0.518,257.5000915527344
light_8x16,L0-emp,0.519,257.5000915527344
light_8x16,L0-emp,0.52,257.5000915527344
light_8x16,L0-emp,0.521,257.501220703125
light_8x16,L0-emp,0.522,257.501220703125
light_8x16,L0-emp,0.523,259.9998474121094
light_8x16,L0-emp,0.524,259.9998474121094
light_8x16,L0-emp,0.525,259.9998474121094
light_8x16,L0-emp,0.526,259.9998474121094
light_8x16,L0-emp,0.527,259.9998474121094
light_8x16,L0-emp,0.528,260.0
light_8x16,L0-emp,0.529,260.00006103515625
light_8x16,L0-emp,0.53,260.0006103515625
light_8x16,L0-emp,0.531,260.0006103515625
light_8x16,L0-emp,0.532,260.0006103515625
light_8x16,L0-emp,0.533,260.0006103515625
light_8x16,L0-emp,0.534,260.0006103515625
light_8x16,L0-emp,0.535,260.0006103515625
light_8x16,L0-emp,0.536,260.0006103515625
light_8x16,L0-emp,0.537,260.0006103515625
light_8x16,L0-emp,0.538,262.5000305175781
light_8x16,L0-emp,0.539,262.5000305175781
light_8x16,L0-emp,0.54,262.5000305175781
light_8x16,L0-emp,0.541,262.5000305175781
light_8x16,L0-emp,0.542,262.5000305175781
light_8x16,L0-emp,0.543,262.5000305175781
light_8x16,L0-emp,0.544,262.5000305175781
light_8x16,L0-emp,0.545,262.5000305175781
light_8x16,L0-emp,0.546,262.5000305175781
light_8x16,L0-emp,0.547,262.5000305175781
light_8x16,L0-emp,0.548,262.5000305175781
light_8x16,L0-emp,0.549,262.5000305175781
light_8x16,L0-emp,0.55,264.9993896484375
light_8x16,L0-emp,0.551,264.9993896484375
light_8x16,L0-emp,0.552,264.9993896484375
light_8x16,L0-emp,0.553,264.9993896484375
light_8x16,L0-emp,0.554,264.9993896484375
light_8x16,L0-emp,0.555,264.9993896484375
light_8x16,L0-emp,0.556,264.9999694824219
light_8x16,L0-emp,0.557,265.0001525878906
light_8x16,L0-emp,0.558,265.0001525878906
light_8x16,L0-emp,0.559,265.0001525878906
light_8x16,L0-emp,0.56,265.0001525878906
light_8x16,L0-emp,0.561,267.498779296875
light_8x16,L0-emp,0.562,267.49993896484375
light_8x16,L0-emp,0.563,267.49993896484375
light_8x16,L0-emp,0.564,267.5
light_8x16,L0-emp,0.565,267.50030517578125
light_8x16,L0-emp,0.566,267.50030517578125
light_8x16,L0-emp,0.567,267.50030517578125
light_8x16,L0-emp,0.568,267.50030517578125
light_8x16,L0-emp,0.569,267.50030517578125
light_8x16,L0-emp,0.57,267.50030517578125
light_8x16,L0-emp,0.571,267.50030517578125
light_8x16,L0-emp,0.572,269.9997253417969
light_8x16,L0-emp,0.573,269.9997253417969
light_8x16,L0-emp,0.574,269.9997253417969
light_8x16,L0-emp,0.575,269.9997253417969
light_8x16,L0-emp,0.576,269.9997253417969
light_8x16,L0-emp,0.577,269.9997253417969
light_8x16,L0-emp,0.578,269.9997253417969
light_8x16,L0-emp,0.579,270.00006103515625
light_8x16,L0-emp,0.58,270.001220703125
light_8x16,L0-emp,0.581,270.001220703125
light_8x16,L0-emp,0.582,272.4998474121094
light_8x16,L0-emp,0.583,272.4998474121094
light_8x16,L0-emp,0.584,272.4998474121094
light_8x16,L0-emp,0.585,272.5000305175781
light_8x16,L0-emp,0.586,272.5006103515625
light_8x16,L0-emp,0.587,272.5006103515625
light_8x16,L0-emp,0.588,272.5006103515625
light_8x16,L0-emp,0.589,272.5006103515625
light_8x16,L0-emp,0.59,272.5006103515625
light_8x16,L0-emp,0.591,275.0
light_8x16,L0-emp,0.592,275.0
light_8x16,L0-emp,0.593,275.0
light_8x16,L0-emp,0.594,275.0
light_8x16,L0-emp,0.595,275.0
light_8x16,L0-emp,0.596,275.0
light_8x16,L0-emp,0.597,275.0
light_8x16,L0-emp,0.598,275.0
light_8x16,L0-emp,0.599,277.4994201660156
light_8x16,L0-emp,0.6,277.4994201660156
light_8x16,L0-emp,0.601,277.4994201660156
light_8x16,L0-emp,0.602,277.4994201660156
light_8x16,L0-emp,0.603,277.4994201660156
light_8x16,L0-emp,0.604,277.4994201660156
light_8x16,L0-emp,0.605,277.4999694824219
light_8x16,L0-emp,0.606,277.5001525878906
light_8x16,L0-emp,0.607,277.5001525878906
light_8x16,L0-emp,0.608,279.998779296875
light_8x16,L0-emp,0.609,279.998779296875
light_8x16,L0-emp,0.61,279.99993896484375
light_8x16,L0-emp,0.611,280.0000305175781
light_8x16,L0-emp,0.612,280.00030517578125
light_8x16,L0-emp,0.613,280.00030517578125
light_8x16,L0-emp,0.614,280.00030517578125
light_8x16,L0-emp,0.615,280.00030517578125
light_8x16,L0-emp,0.616,280.00030517578125
light_8x16,L0-emp,0.617,282.49969482421875
light_8x16,L0-emp,0.618,282.49969482421875
light_8x16,L0-emp,0.619,282.49969482421875
light_8x16,L0-emp,0.62,282.49969482421875
light_8x16,L0-emp,0.621,282.49969482421875
light_8x16,L0-emp,0.622,282.49969482421875
light_8x16,L0-emp,0.623,282.5000915527344
light_8x16,L0-emp,0.624,282.5000915527344
light_8x16,L0-emp,0.625,282.501220703125
light_8x16,L0-emp,0.626,284.9998474121094
light_8x16,L0-emp,0.627,284.9998474121094
light_8x16,L0-emp,0.628,284.9998474121094
light_8x16,L0-emp,0.629,284.9998474121094
light_8x16,L0-emp,0.63,285.00006103515625
light_8x16,L0-emp,0.631,285.0006103515625
light_8x16,L0-emp,0.632,285.0006103515625
light_8x16,L0-emp,0.633,285.0006103515625
light_8x16,L0-emp,0.634,285.0006103515625
light_8x16,L0-emp,0.635,285.0006103515625
light_8x16,L0-emp,0.636,287.5
light_8x16,L0-emp,0.637,287.5
light_8x16,L0-emp,0.638,287.5
light_8x16,L0-emp,0.639,287.5
light_8x16,L0-emp,0.64,287.5
light_8x16,L0-emp,0.641,287.5
light_8x16,L0-emp,0.642,287.5
light_8x16,L0-emp,0.643,287.5
light_8x16,L0-emp,0.644,287.5
light_8x16,L0-emp,0.645,289.9993896484375
light_8x16,L0-emp,0.646,289.9993896484375
light_8x16,L0-emp,0.647,289.9993896484375
light_8x16,L0-emp,0.648,289.9993896484375
light_8x16,L0-emp,0.649,289.9993896484375
light_8x16,L0-emp,0.65,289.9993896484375
light_8x16,L0-emp,0.651,290.00006103515625
light_8x16,L0-emp,0.652,290.00018310546875
light_8x16,L0-emp,0.653,290.00018310546875
light_8x16,L0-emp,0.654,290.00018310546875
light_8x16,L0-emp,0.655,292.4988098144531
light_8x16,L0-emp,0.656,292.49993896484375
light_8x16,L0-emp,0.657,292.49993896484375
light_8x16,L0-emp,0.658,292.50030517578125
light_8x16,L0-emp,0.659,292.50030517578125
light_8x16,L0-emp,0.66,292.50030517578125
light_8x16,L0-emp,0.661,292.50030517578125
light_8x16,L0-emp,0.662,292.50030517578125
light_8x16,L0-emp,0.663,292.50030517578125
light_8x16,L0-emp,0.664,292.50030517578125
light_8x16,L0-emp,0.665,294.99969482421875
light_8x16,L0-emp,0.666,294.99969482421875
light_8x16,L0-emp,0.667,294.99969482421875
light_8x16,L0-emp,0.668,294.99969482421875
light_8x16,L0-emp,0.669,294.99969482421875
light_8x16,L0-emp,0.67,294.99969482421875
light_8x16,L0-emp,0.671,295.00006103515625
light_8x16,L0-emp,0.672,295.00006103515625
light_8x16,L0-emp,0.673,295.0012512207031
light_8x16,L0-emp,0.674,297.4998779296875
light_8x16,L0-emp,0.675,297.4998779296875
light_8x16,L0-emp,0.676,297.4998779296875
light_8x16,L0-emp,0.677,297.4999694824219
light_8x16,L0-emp,0.678,297.5006103515625
light_8x16,L0-emp,0.679,297.5006103515625
light_8x16,L0-emp,0.68,297.5006103515625
light_8x16,L0-emp,0.681,297.5006103515625
light_8x16,L0-emp,0.682,297.5006103515625
light_8x16,L0-emp,0.683,297.5006103515625
light_8x16,L0-emp,0.684,300.0
light_8x16,L0-emp,0.685,300.0
light_8x16,L0-emp,0.686,300.0
light_8x16,L0-emp,0.687,300.0
light_8x16,L0-emp,0.688,300.0
light_8x16,L0-emp,0.689,300.0
light_8x16,L0-emp,0.69,300.0
light_8x16,L0-emp,0.691,300.0
light_8x16,L0-emp,0.692,300.0
light_8x16,L0-emp,0.693,302.4993896484375
light_8x16,L0-emp,0.694,302.4993896484375
light_8x16,L0-emp,0.695,302.4993896484375
light_8x16,L0-emp,0.696,302.4993896484375
light_8x16,L0-emp,0.697,302.4993896484375
light_8x16,L0-emp,0.698,302.4999694824219
light_8x16,L0-emp,0.699,302.5001525878906
light_8x16,L0-emp,0.7,302.5001525878906
light_8x16,L0-emp,0.701,302.5001525878906
light_8x16,L0-emp,0.702,304.998779296875
light_8x16,L0-emp,0.703,304.9999084472656
light_8x16,L0-emp,0.704,304.9999084472656
light_8x16,L0-emp,0.705,305.00030517578125
light_8x16,L0-emp,0.706,305.00030517578125
light_8x16,L0-emp,0.707,305.00030517578125
light_8x16,L0-emp,0.708,305.00030517578125
light_8x16,L0-emp,0.709,305.00030517578125
light_8x16,L0-emp,0.71,307.49969482421875
light_8x16,L0-emp,0.711,307.49969482421875
light_8x16,L0-emp,0.712,307.49969482421875
light_8x16,L0-emp,0.713,307.49969482421875
light_8x16,L0-emp,0.714,307.49969482421875
light_8x16,L0-emp,0.715,307.49969482421875
light_8x16,L0-emp,0.716,307.5
light_8x16,L0-emp,0.717,307.5000915527344
light_8x16,L0-emp,0.718,307.501220703125
light_8x16,L0-emp,0.719,309.9998474121094
light_8x16,L0-emp,0.72,309.9998474121094
light_8x16,L0-emp,0.721,309.9998474121094
light_8x16,L0-emp,0.722,310.0000305175781
light_8x16,L0-emp,0.723,310.0006408691406
light_8x16,L0-emp,0.724,310.0006408691406
light_8x16,L0-emp,0.725,310.0006408691406
light_8x16,L0-emp,0.726,310.0006408691406
light_8x16,L0-emp,0.727,310.0006408691406
light_8x16,L0-emp,0.728,312.5
light_8x16,L0-emp,0.729,312.5
light_8x16,L0-emp,0.73,312.5
light_8x16,L0-emp,0.731,312.5
light_8x16,L0-emp,0.732,312.5
light_8x16,L0-emp,0.733,312.5
light_8x16,L0-emp,0.734,312.5
light_8x16,L0-emp,0.735,312.5
light_8x16,L0-emp,0.736,314.9993896484375
light_8x16,L0-emp,0.737,314.9993896484375
light_8x16,L0-emp,0.738,314.9993896484375
light_8x16,L0-emp,0.739,314.9993896484375
light_8x16,L0-emp,0.74,314.9993896484375
light_8x16,L0-emp,0.741,315.00006103515625
light_8x16,L0-emp,0.742,315.0001525878906
light_8x16,L0-emp,0.743,315.0001525878906
light_8x16,L0-emp,0.744,317.498779296875
light_8x16,L0-emp,0.745,317.49993896484375
light_8x16,L0-emp,0.746,317.5000305175781
light_8x16,L0-emp,0.747,317.5003356933594
light_8x16,L0-emp,0.748,317.5003356933594
light_8x16,L0-emp,0.749,317.5003356933594
light_8x16,L0-emp,0.75,317.5003356933594
light_8x16,L0-emp,0.751,317.5003356933594
light_8x16,L0-emp,0.752,319.99969482421875
light_8x16,L0-emp,0.753,319.99969482421875
light_8x16,L0-emp,0.754,319.99969482421875
light_8x16,L0-emp,0.755,319.99969482421875
light_8x16,L0-emp,0.756,320.0000915527344
light_8x16,L0-emp,0.757,320.0000915527344
light_8x16,L0-emp,0.758,320.001220703125
light_8x16,L0-emp,0.759,322.4998474121094
light_8x16,L0-emp,0.76,322.4998474121094
light_8x16,L0-emp,0.761,322.5006103515625
light_8x16,L0-emp,0.762,322.5006103515625
light_8x16,L0-emp,0.763,322.5006103515625
light_8x16,L0-emp,0.764,322.5006103515625
light_8x16,L0-emp,0.765,322.5006103515625
light_8x16,L0-emp,0.766,325.0000305175781
light_8x16,L0-emp,0.767,325.0000305175781
light_8x16,L0-emp,0.768,325.0000305175781
light_8x16,L0-emp,0.769,325.0000305175781
light_8x16,L0-emp,0.77,325.0000305175781
light_8x16,L0-emp,0.771,325.0000305175781
light_8x16,L0-emp,0.772,325.0000305175781
light_8x16,L0-emp,0.773,325.0000305175781
light_8x16,L0-emp,0.774,327.4993896484375
light_8x16,L0-emp,0.775,327.4993896484375
light_8x16,L0-emp,0.776,327.4993896484375
light_8x16,L0-emp,0.777,327.4993896484375
light_8x16,L0-emp,0.778,327.4993896484375
light_8x16,L0-emp,0.779,327.5001525878906
light_8x16,L0-emp,0.78,327.5001525878906
light_8x16,L0-emp,0.781,329.998779296875
light_8x16,L0-emp,0.782,329.99993896484375
light_8x16,L0-emp,0.783,329.99993896484375
light_8x16,L0-emp,0.784,330.00030517578125
light_8x16,L0-emp,0.785,330.00030517578125
light_8x16,L0-emp,0.786,330.00030517578125
light_8x16,L0-emp,0.787,330.00030517578125
light_8x16,L0-emp,0.788,330.00030517578125
light_8x16,L0-emp,0.789,332.4997253417969
light_8x16,L0-emp,0.79,332.4997253417969
light_8x16,L0-emp,0.791,332.4997253417969
light_8x16,L0-emp,0.792,332.4997253417969
light_8x16,L0-emp,0.793,332.4997253417969
light_8x16,L0-emp,0.794,332.50006103515625
light_8x16,L0-emp,0.795,332.501220703125
light_8x16,L0-emp,0.796,334.9998474121094
light_8x16,L0-emp,0.797,334.9998474121094
light_8x16,L0-emp,0.798,335.0006103515625
light_8x16,L0-emp,0.799,335.0006103515625
light_8x16,L0-emp,0.8,335.0006103515625
light_8x16,L0-emp,0.801,337.5
light_8x16,L0-emp,0.802,337.5
light_8x16,L0-emp,0.803,337.5
light_8x16,L0-emp,0.804,337.5
light_8x16,L0-emp,0.805,337.5
light_8x16,L0-emp,0.806,337.5
light_8x16,L0-emp,0.807,337.5
light_8x16,L0-emp,0.808,339.9994201660156
light_8x16,L0-emp,0.809,339.9994201660156
light_8x16,L0-emp,0.81,339.9994201660156
light_8x16,L0-emp,0.811,339.9994201660156
light_8x16,L0-emp,0.812,339.9999694824219
light_8x16,L0-emp,0.813,340.0001525878906
light_8x16,L0-emp,0.814,340.0001525878906
light_8x16,L0-emp,0.815,342.498779296875
light_8x16,L0-emp,0.816,342.49993896484375
light_8x16,L0-emp,0.817,342.50030517578125
light_8x16,L0-emp,0.818,342.50030517578125
light_8x16,L0-emp,0.819,342.50030517578125
light_8x16,L0-emp,0.82,342.50030517578125
light_8x16,L0-emp,0.821,342.50030517578125
light_8x16,L0-emp,0.822,344.99969482421875
light_8x16,L0-emp,0.823,344.99969482421875
light_8x16,L0-emp,0.824,344.99969482421875
light_8x16,L0-emp,0.825,344.99969482421875
light_8x16,L0-emp,0.826,344.99969482421875
light_8x16,L0-emp,0.827,345.0000915527344
light_8x16,L0-emp,0.828,345.001220703125
light_8x16,L0-emp,0.829,345.001220703125
light_8x16,L0-emp,0.83,347.4998474121094
light_8x16,L0-emp,0.831,347.50006103515625
light_8x16,L0-emp,0.832,347.5006103515625
light_8x16,L0-emp,0.833,347.5006103515625
light_8x16,L0-emp,0.834,347.5006103515625
light_8x16,L0-emp,0.835,350.0
light_8x16,L0-emp,0.836,350.0
light_8x16,L0-emp,0.837,350.0
light_8x16,L0-emp,0.838,350.0
light_8x16,L0-emp,0.839,350.0
light_8x16,L0-emp,0.84,350.0
light_8x16,L0-emp,0.841,350.0
light_8x16,L0-emp,0.842,352.4993896484375
light_8x16,L0-emp,0.843,352.4993896484375
light_8x16,L0-emp,0.844,352.4993896484375
light_8x16,L0-emp,0.845,352.50018310546875
light_8x16,L0-emp,0.846,352.50018310546875
light_8x16,L0-emp,0.847,352.50018310546875
light_8x16,L0-emp,0.848,354.99993896484375
light_8x16,L0-emp,0.849,355.0000305175781
light_8x16,L0-emp,0.85,355.00030517578125
light_8x16,L0-emp,0.851,355.00030517578125
light_8x16,L0-emp,0.852,355.00030517578125
light_8x16,L0-emp,0.853,357.49969482421875
light_8x16,L0-emp,0.854,357.49969482421875
light_8x16,L0-emp,0.855,357.49969482421875
light_8x16,L0-emp,0.856,357.49969482421875
light_8x16,L0-emp,0.857,357.50006103515625
light_8x16,L0-emp,0.858,357.5012512207031
light_8x16,L0-emp,0.859,359.9998779296875
light_8x16,L0-emp,0.86,360.0000305175781
light_8x16,L0-emp,0.861,360.0006103515625
light_8x16,L0-emp,0.862,360.0006103515625
light_8x16,L0-emp,0.863,360.0006103515625
light_8x16,L0-emp,0.864,362.5
light_8x16,L0-emp,0.865,362.5
light_8x16,L0-emp,0.866,362.5
light_8x16,L0-emp,0.867,362.5
light_8x16,L0-emp,0.868,362.5
light_8x16,L0-emp,0.869,362.5
light_8x16,L0-emp,0.87,364.9993896484375
light_8x16,L0-emp,0.871,364.9993896484375
light_8x16,L0-emp,0.872,364.9993896484375
light_8x16,L0-emp,0.873,365.0001525878906
light_8x16,L0-emp,0.874,365.0001525878906
light_8x16,L0-emp,0.875,367.498779296875
light_8x16,L0-emp,0.876,367.4999084472656
light_8x16,L0-emp,0.877,367.50030517578125
light_8x16,L0-emp,0.878,367.50030517578125
light_8x16,L0-emp,0.879,367.50030517578125
light_8x16,L0-emp,0.88,369.99969482421875
light_8x16,L0-emp,0.881,369.99969482421875
light_8x16,L0-emp,0.882,369.99969482421875
light_8x16,L0-emp,0.883,370.0000915527344
light_8x16,L0-emp,0.884,370.001220703125
light_8x16,L0-emp,0.885,372.4998474121094
light_8x16,L0-emp,0.886,372.5000305175781
light_8x16,L0-emp,0.887,372.5006408691406
light_8x16,L0-emp,0.888,372.5006408691406
light_8x16,L0-emp,0.889,372.5006408691406
light_8x16,L0-emp,0.89,375.0
light_8x16,L0-emp,0.891,375.0
light_8x16,L0-emp,0.892,375.0
light_8x16,L0-emp,0.893,375.0
light_8x16,L0-emp,0.894,375.0
light_8x16,L0-emp,0.895,377.4993896484375
light_8x16,L0-emp,0.896,377.4993896484375
light_8x16,L0-emp,0.897,377.4993896484375
light_8x16,L0-emp,0.898,377.50006103515625
light_8x16,L0-emp,0.899,377.5001525878906
light_8x16,L0-emp,0.9,379.998779296875
light_8x16,L0-emp,0.901,379.99993896484375
light_8x16,L0-emp,0.902,380.0003356933594
light_8x16,L0-emp,0.903,380.0003356933594
light_8x16,L0-emp,0.904,380.0003356933594
light_8x16,L0-emp,0.905,382.49969482421875
light_8x16,L0-emp,0.906,382.49969482421875
light_8x16,L0-emp,0.907,382.49969482421875
light_8x16,L0-emp,0.908,382.5000915527344
light_8x16,L0-emp,0.909,382.501220703125
light_8x16,L0-emp,0.91,384.9998474121094
light_8x16,L0-emp,0.911,384.9998474121094
light_8x16,L0-emp,0.912,385.0006103515625
light_8x16,L0-emp,0.913,385.0006103515625
light_8x16,L0-emp,0.914,387.5000305175781
light_8x16,L0-emp,0.915,387.5000305175781
light_8x16,L0-emp,0.916,387.5000305175781
light_8x16,L0-emp,0.917,387.5000305175781
light_8x16,L0-emp,0.918,389.9993896484375
light_8x16,L0-emp,0.919,389.9993896484375
light_8x16,L0-emp,0.92,389.9999694824219
light_8x16,L0-emp,0.921,390.0001525878906
light_8x16,L0-emp,0.922,392.498779296875
light_8x16,L0-emp,0.923,392.50030517578125
light_8x16,L0-emp,0.924,392.50030517578125
light_8x16,L0-emp,0.925,392.50030517578125
light_8x16,L0-emp,0.926,394.9997253417969
light_8x16,L0-emp,0.927,394.9997253417969
light_8x16,L0-emp,0.928,395.00006103515625
light_8x16,L0-emp,0.929,397.4998474121094
light_8x16,L0-emp,0.93,397.5006103515625
light_8x16,L0-emp,0.931,397.5006103515625
light_8x16,L0-emp,0.932,400.0
light_8x16,L0-emp,0.933,400.0
light_8x16,L0-emp,0.934,400.0
light_8x16,L0-emp,0.935,400.0
light_8x16,L0-emp,0.936,402.4994201660156
light_8x16,L0-emp,0.937,402.4994201660156
light_8x16,L0-emp,0.938,402.5001525878906
light_8x16,L0-emp,0.939,405.0000305175781
light_8x16,L0-emp,0.94,405.00030517578125
light_8x16,L0-emp,0.941,405.00030517578125
light_8x16,L0-emp,0.942,407.49969482421875
light_8x16,L0-emp,0.943,407.49969482421875
light_8x16,L0-emp,0.944,407.501220703125
light_8x16,L0-emp,0.945,409.9998474121094
light_8x16,L0-emp,0.946,410.0006103515625
light_8x16,L0-emp,0.947,412.5
light_8x16,L0-emp,0.948,412.5
light_8x16,L0-emp,0.949,412.5
light_8x16,L0-emp,0.95,414.9993896484375
light_8x16,L0-emp,0.951,417.4988098144531
light_8x16,L0-emp,0.952,417.50030517578125
light_8x16,L0-emp,0.953,417.50030517578125
light_8x16,L0-emp,0.954,419.99969482421875
light_8x16,L0-emp,0.955,420.0
light_8x16,L0-emp,0.956,422.4998779296875
light_8x16,L0-emp,0.957,422.5006103515625
light_8x16,L0-emp,0.958,425.0
light_8x16,L0-emp,0.959,425.0
light_8x16,L0-emp,0.96,427.4993896484375
light_8x16,L0-emp,0.961,427.4993896484375
light_8x16,L0-emp,0.962,429.9999084472656
light_8x16,L0-emp,0.963,430.00030517578125
light_8x16,L0-emp,0.964,432.49969482421875
light_8x16,L0-emp,0.965,434.9998474121094
light_8x16,L0-emp,0.966,435.0006408691406
light_8x16,L0-emp,0.967,437.5
light_8x16,L0-emp,0.968,437.5
light_8x16,L0-emp,0.969,439.9993896484375
light_8x16,L0-emp,0.97,442.49993896484375
light_8x16,L0-emp,0.971,442.5003356933594
light_8x16,L0-emp,0.972,444.99969482421875
light_8x16,L0-emp,0.973,447.4998474121094
light_8x16,L0-emp,0.974,447.5006103515625
light_8x16,L0-emp,0.975,450.0000305175781
light_8x16,L0-emp,0.976,452.4993896484375
light_8x16,L0-emp,0.977,452.5001525878906
light_8x16,L0-emp,0.978,455.00030517578125
light_8x16,L0-emp,0.979,457.50006103515625
light_8x16,L0-emp,0.98,460.0006103515625
light_8x16,L0-emp,0.981,462.5
light_8x16,L0-emp,0.982,465.0001525878906
light_8x16,L0-emp,0.983,467.50030517578125
light_8x16,L0-emp,0.984,469.99969482421875
light_8x16,L0-emp,0.985,475.0
light_8x16,L0-emp,0.986,477.4993896484375
light_8x16,L0-emp,0.987,480.00030517578125
light_8x16,L0-emp,0.988,482.50006103515625
light_8x16,L0-emp,0.989,489.9993896484375
light_8x16,L0-emp,0.99,492.50030517578125
light_8x16,L0-emp,0.991,497.5006408691406
light_8x16,L0-emp,0.992,502.4993896484375
light_8x16,L0-emp,0.993,505.00030517578125
light_8x16,L0-emp,0.994,510.0006408691406
light_8x16,L0-emp,0.995,517.5003662109375
light_8x16,L0-emp,0.996,522.5006103515625
light_8x16,L0-emp,0.997,530.0003051757812
light_8x16,L0-emp,0.998,537.5
light_8x16,L0-emp,0.999,550.0
light_8x16,L0-emp,1.0,595.001220703125
light_8x16,L1,0.0,269.9997253417969
light_8x16,L1,0.001,269.9997253417969
light_8x16,L1,0.002,269.9997253417969
light_8x16,L1,0.003,269.9997253417969
light_8x16,L1,0.004,269.9997253417969
light_8x16,L1,0.005,269.9997253417969
light_8x16,L1,0.006,269.9997253417969
light_8x16,L1,0.007,269.9997253417969
light_8x16,L1,0.008,269.9997253417969
light_8x16,L1,0.009,269.9997253417969
light_8x16,L1,0.01,269.9997253417969
light_8x16,L1,0.011,269.9997253417969
light_8x16,L1,0.012,269.9997253417969
light_8x16,L1,0.013,269.9997253417969
light_8x16,L1,0.014,269.9997253417969
light_8x16,L1,0.015,269.9997253417969
light_8x16,L1,0.016,269.9997253417969
light_8x16,L1,0.017,269.9997253417969
light_8x16,L1,0.018,269.9997253417969
light_8x16,L1,0.019,269.9997253417969
light_8x16,L1,0.02,269.9997253417969
light_8x16,L1,0.021,269.9997253417969
light_8x16,L1,0.022,269.9997253417969
light_8x16,L1,0.023,269.9997253417969
light_8x16,L1,0.024,269.9997253417969
light_8x16,L1,0.025,269.9997253417969
light_8x16,L1,0.026,269.9997253417969
light_8x16,L1,0.027,269.9997253417969
light_8x16,L1,0.028,269.9997253417969
light_8x16,L1,0.029,269.9997253417969
light_8x16,L1,0.03,269.9997253417969
light_8x16,L1,0.031,269.9997253417969
light_8x16,L1,0.032,269.9997253417969
light_8x16,L1,0.033,269.9997253417969
light_8x16,L1,0.034,269.9997253417969
light_8x16,L1,0.035,269.9997253417969
light_8x16,L1,0.036,269.9997253417969
light_8x16,L1,0.037,269.9997253417969
light_8x16,L1,0.038,269.9997253417969
light_8x16,L1,0.039,269.9997253417969
light_8x16,L1,0.04,269.9997253417969
light_8x16,L1,0.041,269.9997253417969
light_8x16,L1,0.042,269.9997253417969
light_8x16,L1,0.043,269.9997253417969
light_8x16,L1,0.044,269.9997253417969
light_8x16,L1,0.045,269.9997253417969
light_8x16,L1,0.046,269.9997253417969
light_8x16,L1,0.047,269.9997253417969
light_8x16,L1,0.048,269.9997253417969
light_8x16,L1,0.049,269.9997253417969
light_8x16,L1,0.05,269.9997253417969
light_8x16,L1,0.051,269.9997253417969
light_8x16,L1,0.052,269.9997253417969
light_8x16,L1,0.053,269.9997253417969
light_8x16,L1,0.054,269.9997253417969
light_8x16,L1,0.055,269.9997253417969
light_8x16,L1,0.056,269.9997253417969
light_8x16,L1,0.057,269.9997253417969
light_8x16,L1,0.058,269.9997253417969
light_8x16,L1,0.059,269.9997253417969
light_8x16,L1,0.06,269.9997253417969
light_8x16,L1,0.061,269.9997253417969
light_8x16,L1,0.062,269.9997253417969
light_8x16,L1,0.063,269.9997253417969
light_8x16,L1,0.064,269.9997253417969
light_8x16,L1,0.065,269.9997253417969
light_8x16,L1,0.066,269.9997253417969
light_8x16,L1,0.067,269.9997253417969
light_8x16,L1,0.068,269.9997253417969
light_8x16,L1,0.069,269.9997253417969
light_8x16,L1,0.07,269.9997253417969
light_8x16,L1,0.071,269.9997253417969
light_8x16,L1,0.072,269.9997253417969
light_8x16,L1,0.073,269.9997253417969
light_8x16,L1,0.074,269.9997253417969
light_8x16,L1,0.075,269.9997253417969
light_8x16,L1,0.076,269.9997253417969
light_8x16,L1,0.077,269.9997253417969
light_8x16,L1,0.078,269.9997253417969
light_8x16,L1,0.079,269.9997253417969
light_8x16,L1,0.08,269.9997253417969
light_8x16,L1,0.081,269.9997253417969
light_8x16,L1,0.082,269.9997253417969
light_8x16,L1,0.083,269.9997253417969
light_8x16,L1,0.084,269.9997253417969
light_8x16,L1,0.085,269.9997253417969
light_8x16,L1,0.086,269.9997253417969
light_8x16,L1,0.087,269.9997253417969
light_8x16,L1,0.088,269.9997253417969
light_8x16,L1,0.089,269.9997253417969
light_8x16,L1,0.09,269.9997253417969
light_8x16,L1,0.091,269.9997253417969
light_8x16,L1,0.092,269.9997253417969
light_8x16,L1,0.093,269.9997253417969
light_8x16,L1,0.094,269.9997253417969
light_8x16,L1,0.095,269.9997253417969
light_8x16,L1,0.096,269.9997253417969
light_8x16,L1,0.097,269.9997253417969
light_8x16,L1,0.098,269.9997253417969
light_8x16,L1,0.099,269.9997253417969
light_8x16,L1,0.1,269.9997253417969
light_8x16,L1,0.101,269.9997253417969
light_8x16,L1,0.102,269.9997253417969
light_8x16,L1,0.103,269.9997253417969
light_8x16,L1,0.104,269.9997253417969
light_8x16,L1,0.105,269.9997253417969
light_8x16,L1,0.106,269.9997253417969
light_8x16,L1,0.107,269.9997253417969
light_8x16,L1,0.108,269.9997253417969
light_8x16,L1,0.109,269.9997253417969
light_8x16,L1,0.11,269.9997253417969
light_8x16,L1,0.111,269.9997253417969
light_8x16,L1,0.112,269.9997253417969
light_8x16,L1,0.113,269.9997253417969
light_8x16,L1,0.114,269.9997253417969
light_8x16,L1,0.115,269.9997253417969
light_8x16,L1,0.116,269.9997253417969
light_8x16,L1,0.117,269.9997253417969
light_8x16,L1,0.118,269.9997253417969
light_8x16,L1,0.119,269.9997253417969
light_8x16,L1,0.12,269.9997253417969
light_8x16,L1,0.121,269.9997253417969
light_8x16,L1,0.122,269.9997253417969
light_8x16,L1,0.123,269.9997253417969
light_8x16,L1,0.124,269.9997253417969
light_8x16,L1,0.125,269.9997253417969
light_8x16,L1,0.126,269.9997253417969
light_8x16,L1,0.127,269.9997253417969
light_8x16,L1,0.128,269.9997253417969
light_8x16,L1,0.129,269.9997253417969
light_8x16,L1,0.13,269.9997253417969
light_8x16,L1,0.131,269.9997253417969
light_8x16,L1,0.132,269.9997253417969
light_8x16,L1,0.133,269.9997253417969
light_8x16,L1,0.134,269.9997253417969
light_8x16,L1,0.135,269.9997253417969
light_8x16,L1,0.136,269.9997253417969
light_8x16,L1,0.137,269.9997253417969
light_8x16,L1,0.138,269.9997253417969
light_8x16,L1,0.139,269.9997253417969
light_8x16,L1,0.14,269.9997253417969
light_8x16,L1,0.141,269.9997253417969
light_8x16,L1,0.142,269.9997253417969
light_8x16,L1,0.143,269.9997253417969
light_8x16,L1,0.144,269.9997253417969
light_8x16,L1,0.145,269.9997253417969
light_8x16,L1,0.146,269.9997253417969
light_8x16,L1,0.147,269.9997253417969
light_8x16,L1,0.148,269.9997253417969
light_8x16,L1,0.149,269.9997253417969
light_8x16,L1,0.15,269.9997253417969
light_8x16,L1,0.151,269.9997253417969
light_8x16,L1,0.152,269.9997253417969
light_8x16,L1,0.153,269.9997253417969
light_8x16,L1,0.154,269.9997253417969
light_8x16,L1,0.155,269.9997253417969
light_8x16,L1,0.156,269.9997253417969
light_8x16,L1,0.157,269.9997253417969
light_8x16,L1,0.158,269.9997253417969
light_8x16,L1,0.159,269.9997253417969
light_8x16,L1,0.16,269.9997253417969
light_8x16,L1,0.161,269.9997253417969
light_8x16,L1,0.162,269.9997253417969
light_8x16,L1,0.163,269.9997253417969
light_8x16,L1,0.164,269.9997253417969
light_8x16,L1,0.165,269.9997253417969
light_8x16,L1,0.166,269.9997253417969
light_8x16,L1,0.167,269.9997253417969
light_8x16,L1,0.168,269.9997253417969
light_8x16,L1,0.169,269.9997253417969
light_8x16,L1,0.17,269.9997253417969
light_8x16,L1,0.171,269.9997253417969
light_8x16,L1,0.172,269.9997253417969
light_8x16,L1,0.173,269.9997253417969
light_8x16,L1,0.174,269.9997253417969
light_8x16,L1,0.175,269.9997253417969
light_8x16,L1,0.176,269.9997253417969
light_8x16,L1,0.177,269.9997253417969
light_8x16,L1,0.178,269.9997253417969
light_8x16,L1,0.179,269.9997253417969
light_8x16,L1,0.18,269.9997253417969
light_8x16,L1,0.181,269.9997253417969
light_8x16,L1,0.182,269.9997253417969
light_8x16,L1,0.183,269.9997253417969
light_8x16,L1,0.184,269.9997253417969
light_8x16,L1,0.185,269.9997253417969
light_8x16,L1,0.186,269.9997253417969
light_8x16,L1,0.187,269.9997253417969
light_8x16,L1,0.188,269.9997253417969
light_8x16,L1,0.189,269.9997253417969
light_8x16,L1,0.19,269.9997253417969
light_8x16,L1,0.191,269.9997253417969
light_8x16,L1,0.192,269.9997253417969
light_8x16,L1,0.193,269.9997253417969
light_8x16,L1,0.194,269.9997253417969
light_8x16,L1,0.195,269.9997253417969
light_8x16,L1,0.196,269.9997253417969
light_8x16,L1,0.197,269.9997253417969
light_8x16,L1,0.198,269.9997253417969
light_8x16,L1,0.199,269.9997253417969
light_8x16,L1,0.2,269.9997253417969
light_8x16,L1,0.201,269.9997253417969
light_8x16,L1,0.202,269.9997253417969
light_8x16,L1,0.203,269.9997253417969
light_8x16,L1,0.204,269.9997253417969
light_8x16,L1,0.205,269.9997253417969
light_8x16,L1,0.206,269.9997253417969
light_8x16,L1,0.207,269.9997253417969
light_8x16,L1,0.208,269.9997253417969
light_8x16,L1,0.209,269.9997253417969
light_8x16,L1,0.21,269.9997253417969
light_8x16,L1,0.211,269.9997253417969
light_8x16,L1,0.212,269.9997253417969
light_8x16,L1,0.213,269.9997253417969
light_8x16,L1,0.214,269.9997253417969
light_8x16,L1,0.215,269.9997253417969
light_8x16,L1,0.216,269.9997253417969
light_8x16,L1,0.217,269.9997253417969
light_8x16,L1,0.218,269.9997253417969
light_8x16,L1,0.219,269.9997253417969
light_8x16,L1,0.22,269.9997253417969
light_8x16,L1,0.221,269.9997253417969
light_8x16,L1,0.222,269.9997253417969
light_8x16,L1,0.223,269.9997253417969
light_8x16,L1,0.224,269.9997253417969
light_8x16,L1,0.225,269.9997253417969
light_8x16,L1,0.226,269.9997253417969
light_8x16,L1,0.227,269.9997253417969
light_8x16,L1,0.228,269.9997253417969
light_8x16,L1,0.229,269.9997253417969
light_8x16,L1,0.23,269.9997253417969
light_8x16,L1,0.231,269.9997253417969
light_8x16,L1,0.232,269.9997253417969
light_8x16,L1,0.233,269.9997253417969
light_8x16,L1,0.234,269.9997253417969
light_8x16,L1,0.235,269.9997253417969
light_8x16,L1,0.236,269.9997253417969
light_8x16,L1,0.237,269.9997253417969
light_8x16,L1,0.238,269.9997253417969
light_8x16,L1,0.239,269.9997253417969
light_8x16,L1,0.24,269.9997253417969
light_8x16,L1,0.241,269.9997253417969
light_8x16,L1,0.242,269.9997253417969
light_8x16,L1,0.243,269.9997253417969
light_8x16,L1,0.244,269.9997253417969
light_8x16,L1,0.245,269.9997253417969
light_8x16,L1,0.246,269.9997253417969
light_8x16,L1,0.247,269.9997253417969
light_8x16,L1,0.248,269.9997253417969
light_8x16,L1,0.249,269.9997253417969
light_8x16,L1,0.25,269.9997253417969
light_8x16,L1,0.251,269.9997253417969
light_8x16,L1,0.252,269.9997253417969
light_8x16,L1,0.253,269.9997253417969
light_8x16,L1,0.254,269.9997253417969
light_8x16,L1,0.255,269.9997253417969
light_8x16,L1,0.256,269.9997253417969
light_8x16,L1,0.257,269.9997253417969
light_8x16,L1,0.258,269.9997253417969
light_8x16,L1,0.259,269.9997253417969
light_8x16,L1,0.26,269.9997253417969
light_8x16,L1,0.261,269.9997253417969
light_8x16,L1,0.262,269.9997253417969
light_8x16,L1,0.263,269.9997253417969
light_8x16,L1,0.264,269.9997253417969
light_8x16,L1,0.265,269.9997253417969
light_8x16,L1,0.266,269.9997253417969
light_8x16,L1,0.267,269.9997253417969
light_8x16,L1,0.268,269.9997253417969
light_8x16,L1,0.269,269.9997253417969
light_8x16,L1,0.27,269.9997253417969
light_8x16,L1,0.271,269.9997253417969
light_8x16,L1,0.272,269.9997253417969
light_8x16,L1,0.273,269.9997253417969
light_8x16,L1,0.274,269.9997253417969
light_8x16,L1,0.275,269.9997253417969
light_8x16,L1,0.276,269.9997253417969
light_8x16,L1,0.277,269.9997253417969
light_8x16,L1,0.278,269.9997253417969
light_8x16,L1,0.279,269.9997253417969
light_8x16,L1,0.28,269.9997253417969
light_8x16,L1,0.281,269.9997253417969
light_8x16,L1,0.282,269.9997253417969
light_8x16,L1,0.283,269.9997253417969
light_8x16,L1,0.284,269.9997253417969
light_8x16,L1,0.285,269.9997253417969
light_8x16,L1,0.286,269.9997253417969
light_8x16,L1,0.287,269.9997253417969
light_8x16,L1,0.288,269.9997253417969
light_8x16,L1,0.289,269.9997253417969
light_8x16,L1,0.29,269.9997253417969
light_8x16,L1,0.291,269.9997253417969
light_8x16,L1,0.292,269.9997253417969
light_8x16,L1,0.293,269.9997253417969
light_8x16,L1,0.294,269.9997253417969
light_8x16,L1,0.295,269.9997253417969
light_8x16,L1,0.296,269.9997253417969
light_8x16,L1,0.297,269.9997253417969
light_8x16,L1,0.298,269.9997253417969
light_8x16,L1,0.299,269.9997253417969
light_8x16,L1,0.3,269.9997253417969
light_8x16,L1,0.301,269.9997253417969
light_8x16,L1,0.302,269.9997253417969
light_8x16,L1,0.303,269.9997253417969
light_8x16,L1,0.304,269.9997253417969
light_8x16,L1,0.305,269.9997253417969
light_8x16,L1,0.306,269.9997253417969
light_8x16,L1,0.307,269.9997253417969
light_8x16,L1,0.308,269.9997253417969
light_8x16,L1,0.309,269.9997253417969
light_8x16,L1,0.31,269.9997253417969
light_8x16,L1,0.311,269.9997253417969
light_8x16,L1,0.312,269.9997253417969
light_8x16,L1,0.313,269.9997253417969
light_8x16,L1,0.314,269.9997253417969
light_8x16,L1,0.315,269.9997253417969
light_8x16,L1,0.316,269.9997253417969
light_8x16,L1,0.317,269.9997253417969
light_8x16,L1,0.318,269.9997253417969
light_8x16,L1,0.319,269.9997253417969
light_8x16,L1,0.32,269.9997253417969
light_8x16,L1,0.321,269.9997253417969
light_8x16,L1,0.322,269.9997253417969
light_8x16,L1,0.323,269.9997253417969
light_8x16,L1,0.324,269.9997253417969
light_8x16,L1,0.325,269.9997253417969
light_8x16,L1,0.326,269.9997253417969
light_8x16,L1,0.327,269.9997253417969
light_8x16,L1,0.328,269.9997253417969
light_8x16,L1,0.329,269.9997253417969
light_8x16,L1,0.33,269.9997253417969
light_8x16,L1,0.331,269.9997253417969
light_8x16,L1,0.332,269.9997253417969
light_8x16,L1,0.333,269.9997253417969
light_8x16,L1,0.334,269.9997253417969
light_8x16,L1,0.335,269.9997253417969
light_8x16,L1,0.336,269.9997253417969
light_8x16,L1,0.337,269.9997253417969
light_8x16,L1,0.338,269.9997253417969
light_8x16,L1,0.339,269.9997253417969
light_8x16,L1,0.34,269.9997253417969
light_8x16,L1,0.341,269.9997253417969
light_8x16,L1,0.342,269.9997253417969
light_8x16,L1,0.343,269.9997253417969
light_8x16,L1,0.344,269.9997253417969
light_8x16,L1,0.345,269.9997253417969
light_8x16,L1,0.346,269.9997253417969
light_8x16,L1,0.347,269.9997253417969
light_8x16,L1,0.348,269.9997253417969
light_8x16,L1,0.349,269.9997253417969
light_8x16,L1,0.35,269.9997253417969
light_8x16,L1,0.351,269.9997253417969
light_8x16,L1,0.352,269.9997253417969
light_8x16,L1,0.353,269.9997253417969
light_8x16,L1,0.354,269.9997253417969
light_8x16,L1,0.355,269.9997253417969
light_8x16,L1,0.356,269.9997253417969
light_8x16,L1,0.357,269.9997253417969
light_8x16,L1,0.358,269.9997253417969
light_8x16,L1,0.359,269.9997253417969
light_8x16,L1,0.36,269.9997253417969
light_8x16,L1,0.361,269.9997253417969
light_8x16,L1,0.362,269.9997253417969
light_8x16,L1,0.363,269.9997253417969
light_8x16,L1,0.364,269.9997253417969
light_8x16,L1,0.365,269.9997253417969
light_8x16,L1,0.366,269.9997253417969
light_8x16,L1,0.367,269.9997253417969
light_8x16,L1,0.368,269.9997253417969
light_8x16,L1,0.369,269.9997253417969
light_8x16,L1,0.37,269.9997253417969
light_8x16,L1,0.371,269.9997253417969
light_8x16,L1,0.372,269.9997253417969
light_8x16,L1,0.373,269.9997253417969
light_8x16,L1,0.374,269.9997253417969
light_8x16,L1,0.375,269.9997253417969
light_8x16,L1,0.376,269.9997253417969
light_8x16,L1,0.377,269.9997253417969
light_8x16,L1,0.378,269.9997253417969
light_8x16,L1,0.379,269.9997253417969
light_8x16,L1,0.38,269.9997253417969
light_8x16,L1,0.381,269.9997253417969
light_8x16,L1,0.382,269.9997253417969
light_8x16,L1,0.383,269.9997253417969
light_8x16,L1,0.384,269.9997253417969
light_8x16,L1,0.385,269.9997253417969
light_8x16,L1,0.386,269.9997253417969
light_8x16,L1,0.387,269.9997253417969
light_8x16,L1,0.388,269.9997253417969
light_8x16,L1,0.389,269.9997253417969
light_8x16,L1,0.39,269.9997253417969
light_8x16,L1,0.391,269.9997253417969
light_8x16,L1,0.392,269.9997253417969
light_8x16,L1,0.393,269.9997253417969
light_8x16,L1,0.394,269.9997253417969
light_8x16,L1,0.395,269.9997253417969
light_8x16,L1,0.396,269.9997253417969
light_8x16,L1,0.397,269.9997253417969
light_8x16,L1,0.398,269.9997253417969
light_8x16,L1,0.399,269.9997253417969
light_8x16,L1,0.4,269.9997253417969
light_8x16,L1,0.401,269.9997253417969
light_8x16,L1,0.402,269.9997253417969
light_8x16,L1,0.403,269.9997253417969
light_8x16,L1,0.404,269.9997253417969
light_8x16,L1,0.405,269.9997253417969
light_8x16,L1,0.406,269.9997253417969
light_8x16,L1,0.407,269.9997253417969
light_8x16,L1,0.408,269.9997253417969
light_8x16,L1,0.409,269.9997253417969
light_8x16,L1,0.41,269.9997253417969
light_8x16,L1,0.411,269.9997253417969
light_8x16,L1,0.412,269.9997253417969
light_8x16,L1,0.413,269.9997253417969
light_8x16,L1,0.414,269.9997253417969
light_8x16,L1,0.415,269.9997253417969
light_8x16,L1,0.416,269.9997253417969
light_8x16,L1,0.417,269.9997253417969
light_8x16,L1,0.418,269.9997253417969
light_8x16,L1,0.419,269.9997253417969
light_8x16,L1,0.42,269.9997253417969
light_8x16,L1,0.421,269.9997253417969
light_8x16,L1,0.422,269.9997253417969
light_8x16,L1,0.423,269.9997253417969
light_8x16,L1,0.424,269.9997253417969
light_8x16,L1,0.425,269.9997253417969
light_8x16,L1,0.426,269.9997253417969
light_8x16,L1,0.427,269.9997253417969
light_8x16,L1,0.428,269.9997253417969
light_8x16,L1,0.429,269.9997253417969
light_8x16,L1,0.43,269.9997253417969
light_8x16,L1,0.431,269.9997253417969
light_8x16,L1,0.432,269.9997253417969
light_8x16,L1,0.433,269.9997253417969
light_8x16,L1,0.434,269.9997253417969
light_8x16,L1,0.435,269.9997253417969
light_8x16,L1,0.436,269.9997253417969
light_8x16,L1,0.437,269.9997253417969
light_8x16,L1,0.438,269.9997253417969
light_8x16,L1,0.439,269.9997253417969
light_8x16,L1,0.44,269.9997253417969
light_8x16,L1,0.441,269.9997253417969
light_8x16,L1,0.442,269.9997253417969
light_8x16,L1,0.443,269.9997253417969
light_8x16,L1,0.444,269.9997253417969
light_8x16,L1,0.445,269.9997253417969
light_8x16,L1,0.446,269.9997253417969
light_8x16,L1,0.447,269.9997253417969
light_8x16,L1,0.448,269.9997253417969
light_8x16,L1,0.449,269.9997253417969
light_8x16,L1,0.45,269.9997253417969
light_8x16,L1,0.451,269.9997253417969
light_8x16,L1,0.452,269.9997253417969
light_8x16,L1,0.453,269.9997253417969
light_8x16,L1,0.454,269.9997253417969
light_8x16,L1,0.455,269.9997253417969
light_8x16,L1,0.456,269.9997253417969
light_8x16,L1,0.457,269.9997253417969
light_8x16,L1,0.458,269.9997253417969
light_8x16,L1,0.459,269.9997253417969
light_8x16,L1,0.46,269.9997253417969
light_8x16,L1,0.461,269.9997253417969
light_8x16,L1,0.462,269.9997253417969
light_8x16,L1,0.463,269.9997253417969
light_8x16,L1,0.464,269.9997253417969
light_8x16,L1,0.465,269.9997253417969
light_8x16,L1,0.466,269.9997253417969
light_8x16,L1,0.467,269.9997253417969
light_8x16,L1,0.468,269.9997253417969
light_8x16,L1,0.469,269.9997253417969
light_8x16,L1,0.47,269.9997253417969
light_8x16,L1,0.471,269.9997253417969
light_8x16,L1,0.472,269.9997253417969
light_8x16,L1,0.473,269.9997253417969
light_8x16,L1,0.474,269.9997253417969
light_8x16,L1,0.475,269.9997253417969
light_8x16,L1,0.476,269.9997253417969
light_8x16,L1,0.477,269.9997253417969
light_8x16,L1,0.478,269.9997253417969
light_8x16,L1,0.479,269.9997253417969
light_8x16,L1,0.48,269.9997253417969
light_8x16,L1,0.481,269.9997253417969
light_8x16,L1,0.482,269.9997253417969
light_8x16,L1,0.483,269.9997253417969
light_8x16,L1,0.484,269.9997253417969
light_8x16,L1,0.485,269.9997253417969
light_8x16,L1,0.486,269.9997253417969
light_8x16,L1,0.487,269.9997253417969
light_8x16,L1,0.488,269.9997253417969
light_8x16,L1,0.489,269.9997253417969
light_8x16,L1,0.49,269.9997253417969
light_8x16,L1,0.491,269.9997253417969
light_8x16,L1,0.492,269.9997253417969
light_8x16,L1,0.493,269.9997253417969
light_8x16,L1,0.494,269.9997253417969
light_8x16,L1,0.495,269.9997253417969
light_8x16,L1,0.496,269.9997253417969
light_8x16,L1,0.497,269.9997253417969
light_8x16,L1,0.498,269.9997253417969
light_8x16,L1,0.499,269.9997253417969
light_8x16,L1,0.5,269.9997253417969
light_8x16,L1,0.501,269.9997253417969
light_8x16,L1,0.502,269.9997253417969
light_8x16,L1,0.503,269.9997253417969
light_8x16,L1,0.504,269.9997253417969
light_8x16,L1,0.505,269.9999694824219
light_8x16,L1,0.506,269.9999694824219
light_8x16,L1,0.507,269.9999694824219
light_8x16,L1,0.508,269.9999694824219
light_8x16,L1,0.509,269.9999694824219
light_8x16,L1,0.51,269.9999694824219
light_8x16,L1,0.511,269.9999694824219
light_8x16,L1,0.512,269.9999694824219
light_8x16,L1,0.513,269.9999694824219
light_8x16,L1,0.514,269.9999694824219
light_8x16,L1,0.515,269.9999694824219
light_8x16,L1,0.516,269.9999694824219
light_8x16,L1,0.517,269.9999694824219
light_8x16,L1,0.518,269.9999694824219
light_8x16,L1,0.519,269.9999694824219
light_8x16,L1,0.52,269.9999694824219
light_8x16,L1,0.521,269.9999694824219
light_8x16,L1,0.522,269.9999694824219
light_8x16,L1,0.523,269.9999694824219
light_8x16,L1,0.524,269.9999694824219
light_8x16,L1,0.525,269.9999694824219
light_8x16,L1,0.526,269.9999694824219
light_8x16,L1,0.527,269.9999694824219
light_8x16,L1,0.528,269.9999694824219
light_8x16,L1,0.529,269.9999694824219
light_8x16,L1,0.53,269.9999694824219
light_8x16,L1,0.531,269.9999694824219
light_8x16,L1,0.532,269.9999694824219
light_8x16,L1,0.533,269.9999694824219
light_8x16,L1,0.534,269.9999694824219
light_8x16,L1,0.535,269.9999694824219
light_8x16,L1,0.536,270.0
light_8x16,L1,0.537,270.0
light_8x16,L1,0.538,270.0
light_8x16,L1,0.539,270.0
light_8x16,L1,0.54,270.0
light_8x16,L1,0.541,270.0
light_8x16,L1,0.542,270.0
light_8x16,L1,0.543,270.0
light_8x16,L1,0.544,270.0
light_8x16,L1,0.545,270.0
light_8x16,L1,0.546,270.0
light_8x16,L1,0.547,270.0
light_8x16,L1,0.548,270.0
light_8x16,L1,0.549,270.0
light_8x16,L1,0.55,270.0
light_8x16,L1,0.551,270.00006103515625
light_8x16,L1,0.552,270.00006103515625
light_8x16,L1,0.553,270.00006103515625
light_8x16,L1,0.554,270.00006103515625
light_8x16,L1,0.555,270.00006103515625
light_8x16,L1,0.556,270.00006103515625
light_8x16,L1,0.557,270.00006103515625
light_8x16,L1,0.558,270.00006103515625
light_8x16,L1,0.559,270.00006103515625
light_8x16,L1,0.56,270.00006103515625
light_8x16,L1,0.561,270.00006103515625
light_8x16,L1,0.562,270.00006103515625
light_8x16,L1,0.563,270.00006103515625
light_8x16,L1,0.564,270.00006103515625
light_8x16,L1,0.565,270.00006103515625
light_8x16,L1,0.566,270.00006103515625
light_8x16,L1,0.567,270.00006103515625
light_8x16,L1,0.568,270.00006103515625
light_8x16,L1,0.569,270.00006103515625
light_8x16,L1,0.57,270.00006103515625
light_8x16,L1,0.571,270.00006103515625
light_8x16,L1,0.572,270.00006103515625
light_8x16,L1,0.573,270.00006103515625
light_8x16,L1,0.574,270.00006103515625
light_8x16,L1,0.575,270.00006103515625
light_8x16,L1,0.576,270.00006103515625
light_8x16,L1,0.577,270.00006103515625
light_8x16,L1,0.578,270.00006103515625
light_8x16,L1,0.579,270.00006103515625
light_8x16,L1,0.58,270.00006103515625
light_8x16,L1,0.581,270.00006103515625
light_8x16,L1,0.582,270.00006103515625
light_8x16,L1,0.583,270.00006103515625
light_8x16,L1,0.584,270.00006103515625
light_8x16,L1,0.585,270.00006103515625
light_8x16,L1,0.586,270.00006103515625
light_8x16,L1,0.587,270.00006103515625
light_8x16,L1,0.588,270.00006103515625
light_8x16,L1,0.589,270.00006103515625
light_8x16,L1,0.59,270.00006103515625
light_8x16,L1,0.591,270.00006103515625
light_8x16,L1,0.592,270.00006103515625
light_8x16,L1,0.593,270.00006103515625
light_8x16,L1,0.594,270.00006103515625
light_8x16,L1,0.595,270.00006103515625
light_8x16,L1,0.596,270.00006103515625
light_8x16,L1,0.597,270.00006103515625
light_8x16,L1,0.598,270.00006103515625
light_8x16,L1,0.599,270.00006103515625
light_8x16,L1,0.6,270.00006103515625
light_8x16,L1,0.601,270.00006103515625
light_8x16,L1,0.602,270.00006103515625
light_8x16,L1,0.603,270.00006103515625
light_8x16,L1,0.604,270.00006103515625
light_8x16,L1,0.605,270.00006103515625
light_8x16,L1,0.606,270.00006103515625
light_8x16,L1,0.607,270.00006103515625
light_8x16,L1,0.608,270.00006103515625
light_8x16,L1,0.609,270.00006103515625
light_8x16,L1,0.61,270.00006103515625
light_8x16,L1,0.611,270.00006103515625
light_8x16,L1,0.612,270.00006103515625
light_8x16,L1,0.613,270.00006103515625
light_8x16,L1,0.614,270.00006103515625
light_8x16,L1,0.615,270.00006103515625
light_8x16,L1,0.616,270.00006103515625
light_8x16,L1,0.617,270.00006103515625
light_8x16,L1,0.618,270.00006103515625
light_8x16,L1,0.619,270.00006103515625
light_8x16,L1,0.62,270.00006103515625
light_8x16,L1,0.621,270.00006103515625
light_8x16,L1,0.622,270.00006103515625
light_8x16,L1,0.623,270.00006103515625
light_8x16,L1,0.624,270.00006103515625
light_8x16,L1,0.625,270.00006103515625
light_8x16,L1,0.626,270.00006103515625
light_8x16,L1,0.627,270.00006103515625
light_8x16,L1,0.628,270.00006103515625
light_8x16,L1,0.629,270.00006103515625
light_8x16,L1,0.63,270.00006103515625
light_8x16,L1,0.631,270.00006103515625
light_8x16,L1,0.632,270.00006103515625
light_8x16,L1,0.633,270.00006103515625
light_8x16,L1,0.634,270.00006103515625
light_8x16,L1,0.635,270.00006103515625
light_8x16,L1,0.636,270.00006103515625
light_8x16,L1,0.637,270.00006103515625
light_8x16,L1,0.638,270.00006103515625
light_8x16,L1,0.639,270.00006103515625
light_8x16,L1,0.64,270.00006103515625
light_8x16,L1,0.641,270.00006103515625
light_8x16,L1,0.642,270.00006103515625
light_8x16,L1,0.643,270.00006103515625
light_8x16,L1,0.644,270.00006103515625
light_8x16,L1,0.645,270.00006103515625
light_8x16,L1,0.646,270.00006103515625
light_8x16,L1,0.647,270.00006103515625
light_8x16,L1,0.648,270.00006103515625
light_8x16,L1,0.649,270.00006103515625
light_8x16,L1,0.65,270.00006103515625
light_8x16,L1,0.651,270.00006103515625
light_8x16,L1,0.652,270.00006103515625
light_8x16,L1,0.653,270.00006103515625
light_8x16,L1,0.654,270.00006103515625
light_8x16,L1,0.655,270.00006103515625
light_8x16,L1,0.656,270.00006103515625
light_8x16,L1,0.657,270.00006103515625
light_8x16,L1,0.658,270.00006103515625
light_8x16,L1,0.659,270.00006103515625
light_8x16,L1,0.66,270.00006103515625
light_8x16,L1,0.661,270.00006103515625
light_8x16,L1,0.662,270.00006103515625
light_8x16,L1,0.663,270.00006103515625
light_8x16,L1,0.664,270.00006103515625
light_8x16,L1,0.665,270.00006103515625
light_8x16,L1,0.666,270.00006103515625
light_8x16,L1,0.667,270.00006103515625
light_8x16,L1,0.668,270.00006103515625
light_8x16,L1,0.669,270.00006103515625
light_8x16,L1,0.67,270.00006103515625
light_8x16,L1,0.671,270.00006103515625
light_8x16,L1,0.672,270.00006103515625
light_8x16,L1,0.673,270.00006103515625
light_8x16,L1,0.674,270.00006103515625
light_8x16,L1,0.675,270.00006103515625
light_8x16,L1,0.676,270.00006103515625
light_8x16,L1,0.677,270.00006103515625
light_8x16,L1,0.678,270.001220703125
light_8x16,L1,0.679,270.001220703125
light_8x16,L1,0.68,270.001220703125
light_8x16,L1,0.681,270.001220703125
light_8x16,L1,0.682,270.001220703125
light_8x16,L1,0.683,270.001220703125
light_8x16,L1,0.684,270.001220703125
light_8x16,L1,0.685,270.001220703125
light_8x16,L1,0.686,270.001220703125
light_8x16,L1,0.687,270.001220703125
light_8x16,L1,0.688,270.001220703125
light_8x16,L1,0.689,270.001220703125
light_8x16,L1,0.69,270.001220703125
light_8x16,L1,0.691,270.001220703125
light_8x16,L1,0.692,270.001220703125
light_8x16,L1,0.693,270.001220703125
light_8x16,L1,0.694,270.001220703125
light_8x16,L1,0.695,270.001220703125
light_8x16,L1,0.696,270.001220703125
light_8x16,L1,0.697,270.001220703125
light_8x16,L1,0.698,270.001220703125
light_8x16,L1,0.699,270.001220703125
light_8x16,L1,0.7,270.001220703125
light_8x16,L1,0.701,270.001220703125
light_8x16,L1,0.702,270.001220703125
light_8x16,L1,0.703,270.001220703125
light_8x16,L1,0.704,270.001220703125
light_8x16,L1,0.705,270.001220703125
light_8x16,L1,0.706,270.001220703125
light_8x16,L1,0.707,270.001220703125
light_8x16,L1,0.708,270.001220703125
light_8x16,L1,0.709,270.001220703125
light_8x16,L1,0.71,270.001220703125
light_8x16,L1,0.711,270.001220703125
light_8x16,L1,0.712,270.001220703125
light_8x16,L1,0.713,270.001220703125
light_8x16,L1,0.714,270.001220703125
light_8x16,L1,0.715,270.001220703125
light_8x16,L1,0.716,270.001220703125
light_8x16,L1,0.717,270.001220703125
light_8x16,L1,0.718,270.001220703125
light_8x16,L1,0.719,270.001220703125
light_8x16,L1,0.72,270.001220703125
light_8x16,L1,0.721,270.001220703125
light_8x16,L1,0.722,270.001220703125
light_8x16,L1,0.723,270.001220703125
light_8x16,L1,0.724,270.001220703125
light_8x16,L1,0.725,270.001220703125
light_8x16,L1,0.726,270.001220703125
light_8x16,L1,0.727,270.001220703125
light_8x16,L1,0.728,270.001220703125
light_8x16,L1,0.729,270.001220703125
light_8x16,L1,0.73,270.001220703125
light_8x16,L1,0.731,270.001220703125
light_8x16,L1,0.732,270.001220703125
light_8x16,L1,0.733,270.001220703125
light_8x16,L1,0.734,270.001220703125
light_8x16,L1,0.735,270.001220703125
light_8x16,L1,0.736,270.001220703125
light_8x16,L1,0.737,270.001220703125
light_8x16,L1,0.738,270.001220703125
light_8x16,L1,0.739,270.001220703125
light_8x16,L1,0.74,270.001220703125
light_8x16,L1,0.741,270.001220703125
light_8x16,L1,0.742,270.001220703125
light_8x16,L1,0.743,270.001220703125
light_8x16,L1,0.744,270.001220703125
light_8x16,L1,0.745,270.001220703125
light_8x16,L1,0.746,270.001220703125
light_8x16,L1,0.747,270.001220703125
light_8x16,L1,0.748,270.001220703125
light_8x16,L1,0.749,270.001220703125
light_8x16,L1,0.75,270.001220703125
light_8x16,L1,0.751,270.001220703125
light_8x16,L1,0.752,270.001220703125
light_8x16,L1,0.753,270.001220703125
light_8x16,L1,0.754,270.001220703125
light_8x16,L1,0.755,270.001220703125
light_8x16,L1,0.756,270.001220703125
light_8x16,L1,0.757,270.001220703125
light_8x16,L1,0.758,270.001220703125
light_8x16,L1,0.759,270.001220703125
light_8x16,L1,0.76,270.001220703125
light_8x16,L1,0.761,270.001220703125
light_8x16,L1,0.762,270.001220703125
light_8x16,L1,0.763,270.001220703125
light_8x16,L1,0.764,270.001220703125
light_8x16,L1,0.765,270.001220703125
light_8x16,L1,0.766,270.001220703125
light_8x16,L1,0.767,270.001220703125
light_8x16,L1,0.768,270.001220703125
light_8x16,L1,0.769,270.001220703125
light_8x16,L1,0.77,270.001220703125
light_8x16,L1,0.771,270.001220703125
light_8x16,L1,0.772,270.001220703125
light_8x16,L1,0.773,270.001220703125
light_8x16,L1,0.774,270.001220703125
light_8x16,L1,0.775,270.001220703125
light_8x16,L1,0.776,270.001220703125
light_8x16,L1,0.777,270.001220703125
light_8x16,L1,0.778,270.001220703125
light_8x16,L1,0.779,270.001220703125
light_8x16,L1,0.78,270.001220703125
light_8x16,L1,0.781,270.001220703125
light_8x16,L1,0.782,270.001220703125
light_8x16,L1,0.783,270.001220703125
light_8x16,L1,0.784,270.001220703125
light_8x16,L1,0.785,270.001220703125
light_8x16,L1,0.786,270.001220703125
light_8x16,L1,0.787,270.001220703125
light_8x16,L1,0.788,272.4998474121094
light_8x16,L1,0.789,272.4998474121094
light_8x16,L1,0.79,272.4998474121094
light_8x16,L1,0.791,272.4998474121094
light_8x16,L1,0.792,272.4998474121094
light_8x16,L1,0.793,272.4998474121094
light_8x16,L1,0.794,272.4998474121094
light_8x16,L1,0.795,272.4998474121094
light_8x16,L1,0.796,272.4998474121094
light_8x16,L1,0.797,272.5
light_8x16,L1,0.798,272.5000305175781
light_8x16,L1,0.799,272.5000305175781
light_8x16,L1,0.8,272.5006103515625
light_8x16,L1,0.801,272.5006103515625
light_8x16,L1,0.802,272.5006103515625
light_8x16,L1,0.803,272.5006103515625
light_8x16,L1,0.804,272.5006103515625
light_8x16,L1,0.805,272.5006103515625
light_8x16,L1,0.806,272.5006103515625
light_8x16,L1,0.807,272.5006103515625
light_8x16,L1,0.808,272.5006103515625
light_8x16,L1,0.809,272.5006103515625
light_8x16,L1,0.81,272.5006103515625
light_8x16,L1,0.811,272.5006103515625
light_8x16,L1,0.812,272.5006103515625
light_8x16,L1,0.813,272.5006103515625
light_8x16,L1,0.814,272.5006103515625
light_8x16,L1,0.815,272.5006103515625
light_8x16,L1,0.816,272.5006103515625
light_8x16,L1,0.817,272.5006103515625
light_8x16,L1,0.818,272.5006103515625
light_8x16,L1,0.819,275.0
light_8x16,L1,0.82,275.0
light_8x16,L1,0.821,275.0
light_8x16,L1,0.822,275.0
light_8x16,L1,0.823,275.0
light_8x16,L1,0.824,275.0
light_8x16,L1,0.825,275.0
light_8x16,L1,0.826,275.0
light_8x16,L1,0.827,275.0
light_8x16,L1,0.828,275.0
light_8x16,L1,0.829,275.0
light_8x16,L1,0.83,275.0
light_8x16,L1,0.831,275.0
light_8x16,L1,0.832,275.0
light_8x16,L1,0.833,275.0
light_8x16,L1,0.834,275.0
light_8x16,L1,0.835,275.0
light_8x16,L1,0.836,275.0
light_8x16,L1,0.837,275.0
light_8x16,L1,0.838,275.0
light_8x16,L1,0.839,275.0
light_8x16,L1,0.84,275.0
light_8x16,L1,0.841,275.0
light_8x16,L1,0.842,275.0
light_8x16,L1,0.843,275.0
light_8x16,L1,0.844,275.0
light_8x16,L1,0.845,275.0
light_8x16,L1,0.846,275.0
light_8x16,L1,0.847,275.0
light_8x16,L1,0.848,277.4994201660156
light_8x16,L1,0.849,277.4994201660156
light_8x16,L1,0.85,277.4994201660156
light_8x16,L1,0.851,277.4994201660156
light_8x16,L1,0.852,277.4994201660156
light_8x16,L1,0.853,277.4994201660156
light_8x16,L1,0.854,277.4994201660156
light_8x16,L1,0.855,277.4994201660156
light_8x16,L1,0.856,277.4994201660156
light_8x16,L1,0.857,277.4994201660156
light_8x16,L1,0.858,277.4994201660156
light_8x16,L1,0.859,277.4994201660156
light_8x16,L1,0.86,277.4994201660156
light_8x16,L1,0.861,277.4994201660156
light_8x16,L1,0.862,277.4994201660156
light_8x16,L1,0.863,277.4994201660156
light_8x16,L1,0.864,277.4999694824219
light_8x16,L1,0.865,277.4999694824219
light_8x16,L1,0.866,277.5
light_8x16,L1,0.867,277.5001525878906
light_8x16,L1,0.868,277.5001525878906
light_8x16,L1,0.869,277.5001525878906
light_8x16,L1,0.87,277.5001525878906
light_8x16,L1,0.871,277.5001525878906
light_8x16,L1,0.872,277.5001525878906
light_8x16,L1,0.873,277.5001525878906
light_8x16,L1,0.874,277.5001525878906
light_8x16,L1,0.875,279.998779296875
light_8x16,L1,0.876,279.998779296875
light_8x16,L1,0.877,279.998779296875
light_8x16,L1,0.878,279.99993896484375
light_8x16,L1,0.879,279.99993896484375
light_8x16,L1,0.88,279.99993896484375
light_8x16,L1,0.881,279.99993896484375
light_8x16,L1,0.882,280.0
light_8x16,L1,0.883,280.0000305175781
light_8x16,L1,0.884,280.00030517578125
light_8x16,L1,0.885,280.00030517578125
light_8x16,L1,0.886,280.00030517578125
light_8x16,L1,0.887,280.00030517578125
light_8x16,L1,0.888,280.00030517578125
light_8x16,L1,0.889,280.00030517578125
light_8x16,L1,0.89,280.00030517578125
light_8x16,L1,0.891,280.00030517578125
light_8x16,L1,0.892,280.00030517578125
light_8x16,L1,0.893,280.00030517578125
light_8x16,L1,0.894,280.00030517578125
light_8x16,L1,0.895,280.00030517578125
light_8x16,L1,0.896,280.00030517578125
light_8x16,L1,0.897,280.00030517578125
light_8x16,L1,0.898,280.00030517578125
light_8x16,L1,0.899,280.00030517578125
light_8x16,L1,0.9,280.00030517578125
light_8x16,L1,0.901,282.49969482421875
light_8x16,L1,0.902,282.49969482421875
light_8x16,L1,0.903,282.49969482421875
light_8x16,L1,0.904,282.49969482421875
light_8x16,L1,0.905,282.49969482421875
light_8x16,L1,0.906,282.49969482421875
light_8x16,L1,0.907,282.49969482421875
light_8x16,L1,0.908,282.49969482421875
light_8x16,L1,0.909,282.49969482421875
light_8x16,L1,0.91,282.49969482421875
light_8x16,L1,0.911,282.49969482421875
light_8x16,L1,0.912,282.5
light_8x16,L1,0.913,282.5
light_8x16,L1,0.914,282.5000915527344
light_8x16,L1,0.915,282.5000915527344
light_8x16,L1,0.916,282.5000915527344
light_8x16,L1,0.917,282.501220703125
light_8x16,L1,0.918,282.501220703125
light_8x16,L1,0.919,282.501220703125
light_8x16,L1,0.92,284.9998474121094
light_8x16,L1,0.921,284.9998474121094
light_8x16,L1,0.922,284.9998474121094
light_8x16,L1,0.923,284.9998474121094
light_8x16,L1,0.924,284.9998474121094
light_8x16,L1,0.925,285.0
light_8x16,L1,0.926,285.00006103515625
light_8x16,L1,0.927,285.0006103515625
light_8x16,L1,0.928,285.0006103515625
light_8x16,L1,0.929,285.0006103515625
light_8x16,L1,0.93,285.0006103515625
light_8x16,L1,0.931,285.0006103515625
light_8x16,L1,0.932,285.0006103515625
light_8x16,L1,0.933,285.0006103515625
light_8x16,L1,0.934,285.0006103515625
light_8x16,L1,0.935,287.5
light_8x16,L1,0.936,287.5
light_8x16,L1,0.937,287.5
light_8x16,L1,0.938,287.5
light_8x16,L1,0.939,287.5
light_8x16,L1,0.94,287.5
light_8x16,L1,0.941,287.5
light_8x16,L1,0.942,287.5
light_8x16,L1,0.943,287.5
light_8x16,L1,0.944,287.5
light_8x16,L1,0.945,287.5
light_8x16,L1,0.946,287.5
light_8x16,L1,0.947,287.5
light_8x16,L1,0.948,289.9993896484375
light_8x16,L1,0.949,289.9993896484375
light_8x16,L1,0.95,289.9993896484375
light_8x16,L1,0.951,289.9993896484375
light_8x16,L1,0.952,289.9993896484375
light_8x16,L1,0.953,289.9993896484375
light_8x16,L1,0.954,289.9999694824219
light_8x16,L1,0.955,290.00018310546875
light_8x16,L1,0.956,290.00018310546875
light_8x16,L1,0.957,290.00018310546875
light_8x16,L1,0.958,292.4988098144531
light_8x16,L1,0.959,292.49993896484375
light_8x16,L1,0.96,292.49993896484375
light_8x16,L1,0.961,292.50030517578125
light_8x16,L1,0.962,292.50030517578125
light_8x16,L1,0.963,292.50030517578125
light_8x16,L1,0.964,292.50030517578125
light_8x16,L1,0.965,292.50030517578125
light_8x16,L1,0.966,292.50030517578125
light_8x16,L1,0.967,294.99969482421875
light_8x16,L1,0.968,294.99969482421875
light_8x16,L1,0.969,294.99969482421875
light_8x16,L1,0.97,295.0
light_8x16,L1,0.971,295.00006103515625
light_8x16,L1,0.972,295.0012512207031
light_8x16,L1,0.973,297.4998779296875
light_8x16,L1,0.974,297.5000305175781
light_8x16,L1,0.975,297.5006103515625
light_8x16,L1,0.976,297.5006103515625
light_8x16,L1,0.977,297.5006103515625
light_8x16,L1,0.978,297.5006103515625
light_8x16,L1,0.979,300.0
light_8x16,L1,0.98,300.0
light_8x16,L1,0.981,300.0
light_8x16,L1,0.982,300.0
light_8x16,L1,0.983,300.0
light_8x16,L1,0.984,300.0
light_8x16,L1,0.985,302.4993896484375
light_8x16,L1,0.986,302.4993896484375
light_8x16,L1,0.987,302.5001525878906
light_8x16,L1,0.988,302.5001525878906
light_8x16,L1,0.989,304.9999084472656
light_8x16,L1,0.99,305.00030517578125
light_8x16,L1,0.991,305.00030517578125
light_8x16,L1,0.992,307.49969482421875
light_8x16,L1,0.993,307.49969482421875
light_8x16,L1,0.994,309.9998474121094
light_8x16,L1,0.995,310.0006408691406
light_8x16,L1,0.996,310.0006408691406
light_8x16,L1,0.997,312.5
light_8x16,L1,0.998,314.9993896484375
light_8x16,L1,0.999,315.0000305175781
light_8x16,L1,1.0,335.0
light_8x16,L2,0.0,44.999996185302734
light_8x16,L2,0.001,65.0
light_8x16,L2,0.002,137.5
light_8x16,L2,0.003,160.00001525878906
light_8x16,L2,0.004,170.0
light_8x16,L2,0.005,185.0
light_8x16,L2,0.006,192.5
light_8x16,L2,0.007,195.00001525878906
light_8x16,L2,0.008,195.00001525878906
light_8x16,L2,0.009,197.5
light_8x16,L2,0.01,197.5
light_8x16,L2,0.011,197.5
light_8x16,L2,0.012,200.0
light_8x16,L2,0.013,200.0
light_8x16,L2,0.014,200.0
light_8x16,L2,0.015,200.0
light_8x16,L2,0.016,200.0
light_8x16,L2,0.017,202.50001525878906
light_8x16,L2,0.018,202.50001525878906
light_8x16,L2,0.019,202.50001525878906
light_8x16,L2,0.02,202.50001525878906
light_8x16,L2,0.021,202.50001525878906
light_8x16,L2,0.022,202.50001525878906
light_8x16,L2,0.023,205.0
light_8x16,L2,0.024,205.0
light_8x16,L2,0.025,205.0
light_8x16,L2,0.026,205.0
light_8x16,L2,0.027,205.0
light_8x16,L2,0.028,205.0
light_8x16,L2,0.029,205.0
light_8x16,L2,0.03,205.0
light_8x16,L2,0.031,207.50001525878906
light_8x16,L2,0.032,207.50001525878906
light_8x16,L2,0.033,207.50001525878906
light_8x16,L2,0.034,207.50001525878906
light_8x16,L2,0.035,207.50001525878906
light_8x16,L2,0.036,207.50001525878906
light_8x16,L2,0.037,207.50001525878906
light_8x16,L2,0.038,207.50001525878906
light_8x16,L2,0.039,207.50001525878906
light_8x16,L2,0.04,207.50001525878906
light_8x16,L2,0.041,207.50001525878906
light_8x16,L2,0.042,210.0
light_8x16,L2,0.043,210.0
light_8x16,L2,0.044,210.0
light_8x16,L2,0.045,210.0
light_8x16,L2,0.046,210.0
light_8x16,L2,0.047,210.0
light_8x16,L2,0.048,210.0
light_8x16,L2,0.049,210.0
light_8x16,L2,0.05,210.0
light_8x16,L2,0.051,210.0
light_8x16,L2,0.052,210.0
light_8x16,L2,0.053,210.0
light_8x16,L2,0.054,210.0
light_8x16,L2,0.055,210.0
light_8x16,L2,0.056,212.5
light_8x16,L2,0.057,212.5
light_8x16,L2,0.058,212.5
light_8x16,L2,0.059,212.5
light_8x16,L2,0.06,212.5
light_8x16,L2,0.061,212.5
light_8x16,L2,0.062,212.5
light_8x16,L2,0.063,212.5
light_8x16,L2,0.064,212.5
light_8x16,L2,0.065,212.5
light_8x16,L2,0.066,212.5
light_8x16,L2,0.067,212.5
light_8x16,L2,0.068,212.5
light_8x16,L2,0.069,212.5
light_8x16,L2,0.07,212.5
light_8x16,L2,0.071,212.5
light_8x16,L2,0.072,212.5
light_8x16,L2,0.073,215.00001525878906
light_8x16,L2,0.074,215.00001525878906
light_8x16,L2,0.075,215.00001525878906
light_8x16,L2,0.076,215.00001525878906
light_8x16,L2,0.077,215.00001525878906
light_8x16,L2,0.078,215.00001525878906
light_8x16,L2,0.079,215.00001525878906
light_8x16,L2,0.08,215.00001525878906
light_8x16,L2,0.081,215.00001525878906
light_8x16,L2,0.082,215.00001525878906
light_8x16,L2,0.083,215.00001525878906
light_8x16,L2,0.084,215.00001525878906
light_8x16,L2,0.085,215.00001525878906
light_8x16,L2,0.086,215.00001525878906
light_8x16,L2,0.087,215.00001525878906
light_8x16,L2,0.088,215.00001525878906
light_8x16,L2,0.089,215.00001525878906
light_8x16,L2,0.09,215.00001525878906
light_8x16,L2,0.091,215.00001525878906
light_8x16,L2,0.092,215.00001525878906
light_8x16,L2,0.093,215.00001525878906
light_8x16,L2,0.094,215.00001525878906
light_8x16,L2,0.095,215.00001525878906
light_8x16,L2,0.096,215.00001525878906
light_8x16,L2,0.097,217.5
light_8x16,L2,0.098,217.5
light_8x16,L2,0.099,217.5
light_8x16,L2,0.1,217.5
light_8x16,L2,0.101,217.5
light_8x16,L2,0.102,217.5
light_8x16,L2,0.103,217.5
light_8x16,L2,0.104,217.5
light_8x16,L2,0.105,217.5
light_8x16,L2,0.106,217.5
light_8x16,L2,0.107,217.5
light_8x16,L2,0.108,217.5
light_8x16,L2,0.109,217.5
light_8x16,L2,0.11,217.5
light_8x16,L2,0.111,217.5
light_8x16,L2,0.112,217.5
light_8x16,L2,0.113,217.5
light_8x16,L2,0.114,217.5
light_8x16,L2,0.115,217.5
light_8x16,L2,0.116,217.5
light_8x16,L2,0.117,217.5
light_8x16,L2,0.118,217.5
light_8x16,L2,0.119,217.5
light_8x16,L2,0.12,217.5
light_8x16,L2,0.121,217.5
light_8x16,L2,0.122,217.5
light_8x16,L2,0.123,217.5
light_8x16,L2,0.124,217.5
light_8x16,L2,0.125,220.00001525878906
light_8x16,L2,0.126,220.00001525878906
light_8x16,L2,0.127,220.00001525878906
light_8x16,L2,0.128,220.00001525878906
light_8x16,L2,0.129,220.00001525878906
light_8x16,L2,0.13,220.00001525878906
light_8x16,L2,0.131,220.00001525878906
light_8x16,L2,0.132,220.00001525878906
light_8x16,L2,0.133,220.00001525878906
light_8x16,L2,0.134,220.00001525878906
light_8x16,L2,0.135,220.00001525878906
light_8x16,L2,0.136,220.00001525878906
light_8x16,L2,0.137,220.00001525878906
light_8x16,L2,0.138,220.00001525878906
light_8x16,L2,0.139,220.00001525878906
light_8x16,L2,0.14,220.00001525878906
light_8x16,L2,0.141,220.00001525878906
light_8x16,L2,0.142,220.00001525878906
light_8x16,L2,0.143,220.00001525878906
light_8x16,L2,0.144,220.00001525878906
light_8x16,L2,0.145,220.00001525878906
light_8x16,L2,0.146,220.00001525878906
light_8x16,L2,0.147,220.00001525878906
light_8x16,L2,0.148,220.00001525878906
light_8x16,L2,0.149,220.00001525878906
light_8x16,L2,0.15,220.00001525878906
light_8x16,L2,0.151,220.00001525878906
light_8x16,L2,0.152,220.00001525878906
light_8x16,L2,0.153,220.00001525878906
light_8x16,L2,0.154,220.00001525878906
light_8x16,L2,0.155,222.5
light_8x16,L2,0.156,222.5
light_8x16,L2,0.157,222.5
light_8x16,L2,0.158,222.5
light_8x16,L2,0.159,222.5
light_8x16,L2,0.16,222.5
light_8x16,L2,0.161,222.5
light_8x16,L2,0.162,222.5
light_8x16,L2,0.163,222.5
light_8x16,L2,0.164,222.5
light_8x16,L2,0.165,222.5
light_8x16,L2,0.166,222.5
light_8x16,L2,0.167,222.5
light_8x16,L2,0.168,222.5
light_8x16,L2,0.169,222.5
light_8x16,L2,0.17,222.5
light_8x16,L2,0.171,222.5
light_8x16,L2,0.172,222.5
light_8x16,L2,0.173,222.5
light_8x16,L2,0.174,222.5
light_8x16,L2,0.175,222.5
light_8x16,L2,0.176,222.5
light_8x16,L2,0.177,222.5
light_8x16,L2,0.178,222.5
light_8x16,L2,0.179,222.5
light_8x16,L2,0.18,222.5
light_8x16,L2,0.181,222.5
light_8x16,L2,0.182,222.5
light_8x16,L2,0.183,222.5
light_8x16,L2,0.184,222.5
light_8x16,L2,0.185,222.5
light_8x16,L2,0.186,222.5
light_8x16,L2,0.187,225.00001525878906
light_8x16,L2,0.188,225.00001525878906
light_8x16,L2,0.189,225.00001525878906
light_8x16,L2,0.19,225.00001525878906
light_8x16,L2,0.191,225.00001525878906
light_8x16,L2,0.192,225.00001525878906
light_8x16,L2,0.193,225.00001525878906
light_8x16,L2,0.194,225.00001525878906
light_8x16,L2,0.195,225.00001525878906
light_8x16,L2,0.196,225.00001525878906
light_8x16,L2,0.197,225.00001525878906
light_8x16,L2,0.198,225.00001525878906
light_8x16,L2,0.199,225.00001525878906
light_8x16,L2,0.2,225.00001525878906
light_8x16,L2,0.201,225.00001525878906
light_8x16,L2,0.202,225.00001525878906
light_8x16,L2,0.203,225.00001525878906
light_8x16,L2,0.204,225.00001525878906
light_8x16,L2,0.205,225.00001525878906
light_8x16,L2,0.206,225.00001525878906
light_8x16,L2,0.207,225.00001525878906
light_8x16,L2,0.208,225.00001525878906
light_8x16,L2,0.209,225.00001525878906
light_8x16,L2,0.21,225.00001525878906
light_8x16,L2,0.211,225.00001525878906
light_8x16,L2,0.212,225.00001525878906
light_8x16,L2,0.213,225.00001525878906
light_8x16,L2,0.214,225.00001525878906
light_8x16,L2,0.215,225.00001525878906
light_8x16,L2,0.216,225.00001525878906
light_8x16,L2,0.217,225.00001525878906
light_8x16,L2,0.218,225.00001525878906
light_8x16,L2,0.219,227.5
light_8x16,L2,0.22,227.5
light_8x16,L2,0.221,227.5
light_8x16,L2,0.222,227.5
light_8x16,L2,0.223,227.5
light_8x16,L2,0.224,227.5
light_8x16,L2,0.225,227.5
light_8x16,L2,0.226,227.5
light_8x16,L2,0.227,227.5
light_8x16,L2,0.228,227.5
light_8x16,L2,0.229,227.5
light_8x16,L2,0.23,227.5
light_8x16,L2,0.231,227.5
light_8x16,L2,0.232,227.5
light_8x16,L2,0.233,227.5
light_8x16,L2,0.234,227.5
light_8x16,L2,0.235,227.5
light_8x16,L2,0.236,227.5
light_8x16,L2,0.237,227.5
light_8x16,L2,0.238,227.5
light_8x16,L2,0.239,227.5
light_8x16,L2,0.24,227.5
light_8x16,L2,0.241,227.5
light_8x16,L2,0.242,227.5
light_8x16,L2,0.243,227.5
light_8x16,L2,0.244,227.5
light_8x16,L2,0.245,227.5
light_8x16,L2,0.246,227.5
light_8x16,L2,0.247,227.5
light_8x16,L2,0.248,227.5
light_8x16,L2,0.249,227.5
light_8x16,L2,0.25,227.5
light_8x16,L2,0.251,230.0
light_8x16,L2,0.252,230.0
light_8x16,L2,0.253,230.0
light_8x16,L2,0.254,230.0
light_8x16,L2,0.255,230.0
light_8x16,L2,0.256,230.0
light_8x16,L2,0.257,230.0
light_8x16,L2,0.258,230.0
light_8x16,L2,0.259,230.0
light_8x16,L2,0.26,230.0
light_8x16,L2,0.261,230.0
light_8x16,L2,0.262,230.0
light_8x16,L2,0.263,230.0
light_8x16,L2,0.264,230.0
light_8x16,L2,0.265,230.0
light_8x16,L2,0.266,230.0
light_8x16,L2,0.267,230.0
light_8x16,L2,0.268,230.0
light_8x16,L2,0.269,230.0
light_8x16,L2,0.27,230.0
light_8x16,L2,0.271,230.0
light_8x16,L2,0.272,230.0
light_8x16,L2,0.273,230.0
light_8x16,L2,0.274,230.0
light_8x16,L2,0.275,230.0
light_8x16,L2,0.276,230.0
light_8x16,L2,0.277,230.0
light_8x16,L2,0.278,230.0
light_8x16,L2,0.279,230.0
light_8x16,L2,0.28,230.0
light_8x16,L2,0.281,230.0
light_8x16,L2,0.282,232.5
light_8x16,L2,0.283,232.5
light_8x16,L2,0.284,232.5
light_8x16,L2,0.285,232.5
light_8x16,L2,0.286,232.5
light_8x16,L2,0.287,232.5
light_8x16,L2,0.288,232.5
light_8x16,L2,0.289,232.5
light_8x16,L2,0.29,232.5
light_8x16,L2,0.291,232.5
light_8x16,L2,0.292,232.5
light_8x16,L2,0.293,232.5
light_8x16,L2,0.294,232.5
light_8x16,L2,0.295,232.5
light_8x16,L2,0.296,232.5
light_8x16,L2,0.297,232.5
light_8x16,L2,0.298,232.5
light_8x16,L2,0.299,232.5
light_8x16,L2,0.3,232.5
light_8x16,L2,0.301,232.5
light_8x16,L2,0.302,232.5
light_8x16,L2,0.303,232.5
light_8x16,L2,0.304,232.5
light_8x16,L2,0.305,232.5
light_8x16,L2,0.306,232.5
light_8x16,L2,0.307,232.5
light_8x16,L2,0.308,232.5
light_8x16,L2,0.309,232.5
light_8x16,L2,0.31,232.5
light_8x16,L2,0.311,235.0
light_8x16,L2,0.312,235.0
light_8x16,L2,0.313,235.0
light_8x16,L2,0.314,235.0
light_8x16,L2,0.315,235.0
light_8x16,L2,0.316,235.0
light_8x16,L2,0.317,235.0
light_8x16,L2,0.318,235.0
light_8x16,L2,0.319,235.0
light_8x16,L2,0.32,235.0
light_8x16,L2,0.321,235.0
light_8x16,L2,0.322,235.0
light_8x16,L2,0.323,235.0
light_8x16,L2,0.324,235.0
light_8x16,L2,0.325,235.0
light_8x16,L2,0.326,235.0
light_8x16,L2,0.327,235.0
light_8x16,L2,0.328,235.0
light_8x16,L2,0.329,235.0
light_8x16,L2,0.33,235.0
light_8x16,L2,0.331,235.0
light_8x16,L2,0.332,235.0
light_8x16,L2,0.333,235.0
light_8x16,L2,0.334,235.0
light_8x16,L2,0.335,235.0
light_8x16,L2,0.336,235.0
light_8x16,L2,0.337,235.0
light_8x16,L2,0.338,235.0
light_8x16,L2,0.339,235.0
light_8x16,L2,0.34,237.5
light_8x16,L2,0.341,237.5
light_8x16,L2,0.342,237.5
light_8x16,L2,0.343,237.5
light_8x16,L2,0.344,237.5
light_8x16,L2,0.345,237.5
light_8x16,L2,0.346,237.5
light_8x16,L2,0.347,237.5
light_8x16,L2,0.348,237.5
light_8x16,L2,0.349,237.5
light_8x16,L2,0.35,237.5
light_8x16,L2,0.351,237.5
light_8x16,L2,0.352,237.5
light_8x16,L2,0.353,237.5
light_8x16,L2,0.354,237.5
light_8x16,L2,0.355,237.5
light_8x16,L2,0.356,237.5
light_8x16,L2,0.357,237.5
light_8x16,L2,0.358,237.5
light_8x16,L2,0.359,237.5
light_8x16,L2,0.36,237.5
light_8x16,L2,0.361,237.5
light_8x16,L2,0.362,237.5
light_8x16,L2,0.363,237.5
light_8x16,L2,0.364,237.5
light_8x16,L2,0.365,240.00001525878906
light_8x16,L2,0.366,240.00001525878906
light_8x16,L2,0.367,240.00001525878906
light_8x16,L2,0.368,240.00001525878906
light_8x16,L2,0.369,240.00001525878906
light_8x16,L2,0.37,240.00001525878906
light_8x16,L2,0.371,240.00001525878906
light_8x16,L2,0.372,240.00001525878906
light_8x16,L2,0.373,240.00001525878906
light_8x16,L2,0.374,240.00001525878906
light_8x16,L2,0.375,240.00001525878906
light_8x16,L2,0.376,240.00001525878906
light_8x16,L2,0.377,240.00001525878906
light_8x16,L2,0.378,240.00001525878906
light_8x16,L2,0.379,240.00001525878906
light_8x16,L2,0.38,240.00001525878906
light_8x16,L2,0.381,240.00001525878906
light_8x16,L2,0.382,240.00001525878906
light_8x16,L2,0.383,240.00001525878906
light_8x16,L2,0.384,240.00001525878906
light_8x16,L2,0.385,240.00001525878906
light_8x16,L2,0.386,240.00001525878906
light_8x16,L2,0.387,240.00001525878906
light_8x16,L2,0.388,240.00001525878906
light_8x16,L2,0.389,242.49998474121094
light_8x16,L2,0.39,242.49998474121094
light_8x16,L2,0.391,242.49998474121094
light_8x16,L2,0.392,242.49998474121094
light_8x16,L2,0.393,242.49998474121094
light_8x16,L2,0.394,242.49998474121094
light_8x16,L2,0.395,242.49998474121094
light_8x16,L2,0.396,242.49998474121094
light_8x16,L2,0.397,242.49998474121094
light_8x16,L2,0.398,242.49998474121094
light_8x16,L2,0.399,242.49998474121094
light_8x16,L2,0.4,242.49998474121094
light_8x16,L2,0.401,242.49998474121094
light_8x16,L2,0.402,242.49998474121094
light_8x16,L2,0.403,242.49998474121094
light_8x16,L2,0.404,242.49998474121094
light_8x16,L2,0.405,242.49998474121094
light_8x16,L2,0.406,242.49998474121094
light_8x16,L2,0.407,242.49998474121094
light_8x16,L2,0.408,242.49998474121094
light_8x16,L2,0.409,242.49998474121094
light_8x16,L2,0.41,242.49998474121094
light_8x16,L2,0.411,242.49998474121094
light_8x16,L2,0.412,245.0
light_8x16,L2,0.413,245.0
light_8x16,L2,0.414,245.0
light_8x16,L2,0.415,245.0
light_8x16,L2,0.416,245.0
light_8x16,L2,0.417,245.0
light_8x16,L2,0.418,245.0
light_8x16,L2,0.419,245.0
light_8x16,L2,0.42,245.0
light_8x16,L2,0.421,245.0
light_8x16,L2,0.422,245.0
light_8x16,L2,0.423,245.0
light_8x16,L2,0.424,245.0
light_8x16,L2,0.425,245.0
light_8x16,L2,0.426,245.0
light_8x16,L2,0.427,245.0
light_8x16,L2,0.428,245.0
light_8x16,L2,0.429,245.0
light_8x16,L2,0.43,245.0
light_8x16,L2,0.431,245.0
light_8x16,L2,0.432,245.0
light_8x16,L2,0.433,245.0
light_8x16,L2,0.434,245.0
light_8x16,L2,0.435,247.49998474121094
light_8x16,L2,0.436,247.49998474121094
light_8x16,L2,0.437,247.49998474121094
light_8x16,L2,0.438,247.49998474121094
light_8x16,L2,0.439,247.49998474121094
light_8x16,L2,0.44,247.49998474121094
light_8x16,L2,0.441,247.49998474121094
light_8x16,L2,0.442,247.49998474121094
light_8x16,L2,0.443,247.49998474121094
light_8x16,L2,0.444,247.49998474121094
light_8x16,L2,0.445,247.49998474121094
light_8x16,L2,0.446,247.49998474121094
light_8x16,L2,0.447,247.49998474121094
light_8x16,L2,0.448,247.49998474121094
light_8x16,L2,0.449,247.49998474121094
light_8x16,L2,0.45,247.49998474121094
light_8x16,L2,0.451,247.49998474121094
light_8x16,L2,0.452,247.49998474121094
light_8x16,L2,0.453,247.49998474121094
light_8x16,L2,0.454,247.49998474121094
light_8x16,L2,0.455,247.49998474121094
light_8x16,L2,0.456,250.0
light_8x16,L2,0.457,250.0
light_8x16,L2,0.458,250.0
light_8x16,L2,0.459,250.0
light_8x16,L2,0.46,250.0
light_8x16,L2,0.461,250.0
light_8x16,L2,0.462,250.0
light_8x16,L2,0.463,250.0
light_8x16,L2,0.464,250.0
light_8x16,L2,0.465,250.0
light_8x16,L2,0.466,250.0
light_8x16,L2,0.467,250.0
light_8x16,L2,0.468,250.0
light_8x16,L2,0.469,250.0
light_8x16,L2,0.47,250.0
light_8x16,L2,0.471,250.0
light_8x16,L2,0.472,250.0
light_8x16,L2,0.473,250.0
light_8x16,L2,0.474,250.0
light_8x16,L2,0.475,250.0
light_8x16,L2,0.476,252.50003051757812
light_8x16,L2,0.477,252.50003051757812
light_8x16,L2,0.478,252.50003051757812
light_8x16,L2,0.479,252.50003051757812
light_8x16,L2,0.48,252.50003051757812
light_8x16,L2,0.481,252.50003051757812
light_8x16,L2,0.482,252.50003051757812
light_8x16,L2,0.483,252.50003051757812
light_8x16,L2,0.484,252.50003051757812
light_8x16,L2,0.485,252.50003051757812
light_8x16,L2,0.486,252.50003051757812
light_8x16,L2,0.487,252.50003051757812
light_8x16,L2,0.488,252.50003051757812
light_8x16,L2,0.489,252.50003051757812
light_8x16,L2,0.49,252.50003051757812
light_8x16,L2,0.491,252.50003051757812
light_8x16,L2,0.492,252.50003051757812
light_8x16,L2,0.493,255.0
light_8x16,L2,0.494,255.0
light_8x16,L2,0.495,255.0
light_8x16,L2,0.496,255.0
light_8x16,L2,0.497,255.0
light_8x16,L2,0.498,255.0
light_8x16,L2,0.499,255.0
light_8x16,L2,0.5,255.0
light_8x16,L2,0.501,255.0
light_8x16,L2,0.502,255.0
light_8x16,L2,0.503,255.0
light_8x16,L2,0.504,255.0
light_8x16,L2,0.505,255.0
light_8x16,L2,0.506,255.0
light_8x16,L2,0.507,255.0
light_8x16,L2,0.508,255.0
light_8x16,L2,0.509,255.0
light_8x16,L2,0.51,255.0
light_8x16,L2,0.511,257.5000305175781
light_8x16,L2,0.512,257.5000305175781
light_8x16,L2,0.513,257.5000305175781
light_8x16,L2,0.514,257.5000305175781
light_8x16,L2,0.515,257.5000305175781
light_8x16,L2,0.516,257.5000305175781
light_8x16,L2,0.517,257.5000305175781
light_8x16,L2,0.518,257.5000305175781
light_8x16,L2,0.519,257.5000305175781
light_8x16,L2,0.52,257.5000305175781
light_8x16,L2,0.521,257.5000305175781
light_8x16,L2,0.522,257.5000305175781
light_8x16,L2,0.523,257.5000305175781
light_8x16,L2,0.524,257.5000305175781
light_8x16,L2,0.525,257.5000305175781
light_8x16,L2,0.526,260.0
light_8x16,L2,0.527,260.0
light_8x16,L2,0.528,260.0
light_8x16,L2,0.529,260.0
light_8x16,L2,0.53,260.0
light_8x16,L2,0.531,260.0
light_8x16,L2,0.532,260.0
light_8x16,L2,0.533,260.0
light_8x16,L2,0.534,260.0
light_8x16,L2,0.535,260.0
light_8x16,L2,0.536,260.0
light_8x16,L2,0.537,260.0
light_8x16,L2,0.538,260.0
light_8x16,L2,0.539,260.0
light_8x16,L2,0.54,260.0
light_8x16,L2,0.541,262.5000305175781
light_8x16,L2,0.542,262.5000305175781
light_8x16,L2,0.543,262.5000305175781
light_8x16,L2,0.544,262.5000305175781
light_8x16,L2,0.545,262.5000305175781
light_8x16,L2,0.546,262.5000305175781
light_8x16,L2,0.547,262.5000305175781
light_8x16,L2,0.548,262.5000305175781
light_8x16,L2,0.549,262.5000305175781
light_8x16,L2,0.55,262.5000305175781
light_8x16,L2,0.551,262.5000305175781
light_8x16,L2,0.552,262.5000305175781
light_8x16,L2,0.553,265.0000305175781
light_8x16,L2,0.554,265.0000305175781
light_8x16,L2,0.555,265.0000305175781
light_8x16,L2,0.556,265.0000305175781
light_8x16,L2,0.557,265.0000305175781
light_8x16,L2,0.558,265.0000305175781
light_8x16,L2,0.559,265.0000305175781
light_8x16,L2,0.56,265.0000305175781
light_8x16,L2,0.561,265.0000305175781
light_8x16,L2,0.562,265.0000305175781
light_8x16,L2,0.563,265.0000305175781
light_8x16,L2,0.564,265.0000305175781
light_8x16,L2,0.565,267.5
light_8x16,L2,0.566,267.5
light_8x16,L2,0.567,267.5
light_8x16,L2,0.568,267.5
light_8x16,L2,0.569,267.5
light_8x16,L2,0.57,267.5
light_8x16,L2,0.571,267.5
light_8x16,L2,0.572,267.5
light_8x16,L2,0.573,267.5
light_8x16,L2,0.574,267.5
light_8x16,L2,0.575,267.5
light_8x16,L2,0.576,270.0
light_8x16,L2,0.577,270.0
light_8x16,L2,0.578,270.0
light_8x16,L2,0.579,270.0
light_8x16,L2,0.58,270.0
light_8x16,L2,0.581,270.0
light_8x16,L2,0.582,270.0
light_8x16,L2,0.583,270.0
light_8x16,L2,0.584,270.0
light_8x16,L2,0.585,270.0
light_8x16,L2,0.586,270.0
light_8x16,L2,0.587,272.5
light_8x16,L2,0.588,272.5
light_8x16,L2,0.589,272.5
light_8x16,L2,0.59,272.5
light_8x16,L2,0.591,272.5
light_8x16,L2,0.592,272.5
light_8x16,L2,0.593,272.5
light_8x16,L2,0.594,272.5
light_8x16,L2,0.595,272.5
light_8x16,L2,0.596,275.0
light_8x16,L2,0.597,275.0
light_8x16,L2,0.598,275.0
light_8x16,L2,0.599,275.0
light_8x16,L2,0.6,275.0
light_8x16,L2,0.601,275.0
light_8x16,L2,0.602,275.0
light_8x16,L2,0.603,275.0
light_8x16,L2,0.604,275.0
light_8x16,L2,0.605,277.5
light_8x16,L2,0.606,277.5
light_8x16,L2,0.607,277.5
light_8x16,L2,0.608,277.5
light_8x16,L2,0.609,277.5
light_8x16,L2,0.61,277.5
light_8x16,L2,0.611,277.5
light_8x16,L2,0.612,277.5
light_8x16,L2,0.613,277.5
light_8x16,L2,0.614,280.0
light_8x16,L2,0.615,280.0
light_8x16,L2,0.616,280.0
light_8x16,L2,0.617,280.0
light_8x16,L2,0.618,280.0
light_8x16,L2,0.619,280.0
light_8x16,L2,0.62,280.0
light_8x16,L2,0.621,280.0
light_8x16,L2,0.622,280.0
light_8x16,L2,0.623,282.5
light_8x16,L2,0.624,282.5
light_8x16,L2,0.625,282.5
light_8x16,L2,0.626,282.5
light_8x16,L2,0.627,282.5
light_8x16,L2,0.628,282.5
light_8x16,L2,0.629,282.5
light_8x16,L2,0.63,282.5
light_8x16,L2,0.631,285.0
light_8x16,L2,0.632,285.0
light_8x16,L2,0.633,285.0
light_8x16,L2,0.634,285.0
light_8x16,L2,0.635,285.0
light_8x16,L2,0.636,285.0
light_8x16,L2,0.637,285.0
light_8x16,L2,0.638,285.0
light_8x16,L2,0.639,285.0
light_8x16,L2,0.64,285.0
light_8x16,L2,0.641,287.5
light_8x16,L2,0.642,287.5
light_8x16,L2,0.643,287.5
light_8x16,L2,0.644,287.5
light_8x16,L2,0.645,287.5
light_8x16,L2,0.646,287.5
light_8x16,L2,0.647,287.5
light_8x16,L2,0.648,287.5
light_8x16,L2,0.649,287.5
light_8x16,L2,0.65,290.0000305175781
light_8x16,L2,0.651,290.0000305175781
light_8x16,L2,0.652,290.0000305175781
light_8x16,L2,0.653,290.0000305175781
light_8x16,L2,0.654,290.0000305175781
light_8x16,L2,0.655,290.0000305175781
light_8x16,L2,0.656,290.0000305175781
light_8x16,L2,0.657,290.0000305175781
light_8x16,L2,0.658,290.0000305175781
light_8x16,L2,0.659,290.0000305175781
light_8x16,L2,0.66,292.5
light_8x16,L2,0.661,292.5
light_8x16,L2,0.662,292.5
light_8x16,L2,0.663,292.5
light_8x16,L2,0.664,292.5
light_8x16,L2,0.665,292.5
light_8x16,L2,0.666,292.5
light_8x16,L2,0.667,292.5
light_8x16,L2,0.668,292.5
light_8x16,L2,0.669,295.0000305175781
light_8x16,L2,0.67,295.0000305175781
light_8x16,L2,0.671,295.0000305175781
light_8x16,L2,0.672,295.0000305175781
light_8x16,L2,0.673,295.0000305175781
light_8x16,L2,0.674,295.0000305175781
light_8x16,L2,0.675,295.0000305175781
light_8x16,L2,0.676,295.0000305175781
light_8x16,L2,0.677,295.0000305175781
light_8x16,L2,0.678,297.4999694824219
light_8x16,L2,0.679,297.4999694824219
light_8x16,L2,0.68,297.4999694824219
light_8x16,L2,0.681,297.4999694824219
light_8x16,L2,0.682,297.4999694824219
light_8x16,L2,0.683,297.4999694824219
light_8x16,L2,0.684,297.4999694824219
light_8x16,L2,0.685,297.4999694824219
light_8x16,L2,0.686,297.4999694824219
light_8x16,L2,0.687,297.4999694824219
light_8x16,L2,0.688,300.0
light_8x16,L2,0.689,300.0
light_8x16,L2,0.69,300.0
light_8x16,L2,0.691,300.0
light_8x16,L2,0.692,300.0
light_8x16,L2,0.693,300.0
light_8x16,L2,0.694,300.0
light_8x16,L2,0.695,300.0
light_8x16,L2,0.696,300.0
light_8x16,L2,0.697,302.5
light_8x16,L2,0.698,302.5
light_8x16,L2,0.699,302.5
light_8x16,L2,0.7,302.5
light_8x16,L2,0.701,302.5
light_8x16,L2,0.702,302.5
light_8x16,L2,0.703,302.5
light_8x16,L2,0.704,302.5
light_8x16,L2,0.705,302.5
light_8x16,L2,0.706,305.0
light_8x16,L2,0.707,305.0
light_8x16,L2,0.708,305.0
light_8x16,L2,0.709,305.0
light_8x16,L2,0.71,305.0
light_8x16,L2,0.711,305.0
light_8x16,L2,0.712,305.0
light_8x16,L2,0.713,305.0
light_8x16,L2,0.714,307.5
light_8x16,L2,0.715,307.5
light_8x16,L2,0.716,307.5
light_8x16,L2,0.717,307.5
light_8x16,L2,0.718,307.5
light_8x16,L2,0.719,307.5
light_8x16,L2,0.72,307.5
light_8x16,L2,0.721,307.5
light_8x16,L2,0.722,307.5
light_8x16,L2,0.723,310.0
light_8x16,L2,0.724,310.0
light_8x16,L2,0.725,310.0
light_8x16,L2,0.726,310.0
light_8x16,L2,0.727,310.0
light_8x16,L2,0.728,310.0
light_8x16,L2,0.729,310.0
light_8x16,L2,0.73,310.0
light_8x16,L2,0.731,312.5
light_8x16,L2,0.732,312.5
light_8x16,L2,0.733,312.5
light_8x16,L2,0.734,312.5
light_8x16,L2,0.735,312.5
light_8x16,L2,0.736,312.5
light_8x16,L2,0.737,312.5
light_8x16,L2,0.738,312.5
light_8x16,L2,0.739,315.0000305175781
light_8x16,L2,0.74,315.0000305175781
light_8x16,L2,0.741,315.0000305175781
light_8x16,L2,0.742,315.0000305175781
light_8x16,L2,0.743,315.0000305175781
light_8x16,L2,0.744,315.0000305175781
light_8x16,L2,0.745,315.0000305175781
light_8x16,L2,0.746,315.0000305175781
light_8x16,L2,0.747,317.5
light_8x16,L2,0.748,317.5
light_8x16,L2,0.749,317.5
light_8x16,L2,0.75,317.5
light_8x16,L2,0.751,317.5
light_8x16,L2,0.752,317.5
light_8x16,L2,0.753,317.5
light_8x16,L2,0.754,317.5
light_8x16,L2,0.755,320.0000305175781
light_8x16,L2,0.756,320.0000305175781
light_8x16,L2,0.757,320.0000305175781
light_8x16,L2,0.758,320.0000305175781
light_8x16,L2,0.759,320.0000305175781
light_8x16,L2,0.76,320.0000305175781
light_8x16,L2,0.761,320.0000305175781
light_8x16,L2,0.762,320.0000305175781
light_8x16,L2,0.763,322.5
light_8x16,L2,0.764,322.5
light_8x16,L2,0.765,322.5
light_8x16,L2,0.766,322.5
light_8x16,L2,0.767,322.5
light_8x16,L2,0.768,322.5
light_8x16,L2,0.769,322.5
light_8x16,L2,0.77,325.0000305175781
light_8x16,L2,0.771,325.0000305175781
light_8x16,L2,0.772,325.0000305175781
light_8x16,L2,0.773,325.0000305175781
light_8x16,L2,0.774,325.0000305175781
light_8x16,L2,0.775,325.0000305175781
light_8x16,L2,0.776,325.0000305175781
light_8x16,L2,0.777,325.0000305175781
light_8x16,L2,0.778,325.0000305175781
light_8x16,L2,0.779,327.5000305175781
light_8x16,L2,0.78,327.5000305175781
light_8x16,L2,0.781,327.5000305175781
light_8x16,L2,0.782,327.5000305175781
light_8x16,L2,0.783,327.5000305175781
light_8x16,L2,0.784,327.5000305175781
light_8x16,L2,0.785,327.5000305175781
light_8x16,L2,0.786,330.0
light_8x16,L2,0.787,330.0
light_8x16,L2,0.788,330.0
light_8x16,L2,0.789,330.0
light_8x16,L2,0.79,330.0
light_8x16,L2,0.791,330.0
light_8x16,L2,0.792,330.0
light_8x16,L2,0.793,330.0
light_8x16,L2,0.794,332.5
light_8x16,L2,0.795,332.5
light_8x16,L2,0.796,332.5
light_8x16,L2,0.797,332.5
light_8x16,L2,0.798,332.5
light_8x16,L2,0.799,332.5
light_8x16,L2,0.8,335.0
light_8x16,L2,0.801,335.0
light_8x16,L2,0.802,335.0
light_8x16,L2,0.803,335.0
light_8x16,L2,0.804,335.0
light_8x16,L2,0.805,335.0
light_8x16,L2,0.806,337.5
light_8x16,L2,0.807,337.5
light_8x16,L2,0.808,337.5
light_8x16,L2,0.809,337.5
light_8x16,L2,0.81,337.5
light_8x16,L2,0.811,337.5
light_8x16,L2,0.812,337.5
light_8x16,L2,0.813,340.0
light_8x16,L2,0.814,340.0
light_8x16,L2,0.815,340.0
light_8x16,L2,0.816,340.0
light_8x16,L2,0.817,340.0
light_8x16,L2,0.818,342.5
light_8x16,L2,0.819,342.5
light_8x16,L2,0.82,342.5
light_8x16,L2,0.821,342.5
light_8x16,L2,0.822,342.5
light_8x16,L2,0.823,342.5
light_8x16,L2,0.824,342.5
light_8x16,L2,0.825,345.0
light_8x16,L2,0.826,345.0
light_8x16,L2,0.827,345.0
light_8x16,L2,0.828,345.0
light_8x16,L2,0.829,345.0
light_8x16,L2,0.83,345.0
light_8x16,L2,0.831,345.0
light_8x16,L2,0.832,347.5
light_8x16,L2,0.833,347.5
light_8x16,L2,0.834,347.5
light_8x16,L2,0.835,347.5
light_8x16,L2,0.836,347.5
light_8x16,L2,0.837,347.5
light_8x16,L2,0.838,350.0
light_8x16,L2,0.839,350.0
light_8x16,L2,0.84,350.0
light_8x16,L2,0.841,350.0
light_8x16,L2,0.842,350.0
light_8x16,L2,0.843,350.0
light_8x16,L2,0.844,352.5000305175781
light_8x16,L2,0.845,352.5000305175781
light_8x16,L2,0.846,352.5000305175781
light_8x16,L2,0.847,352.5000305175781
light_8x16,L2,0.848,352.5000305175781
light_8x16,L2,0.849,352.5000305175781
light_8x16,L2,0.85,355.0
light_8x16,L2,0.851,355.0
light_8x16,L2,0.852,355.0
light_8x16,L2,0.853,355.0
light_8x16,L2,0.854,355.0
light_8x16,L2,0.855,355.0
light_8x16,L2,0.856,357.5000305175781
light_8x16,L2,0.857,357.5000305175781
light_8x16,L2,0.858,357.5000305175781
light_8x16,L2,0.859,357.5000305175781
light_8x16,L2,0.86,357.5000305175781
light_8x16,L2,0.861,359.9999694824219
light_8x16,L2,0.862,359.9999694824219
light_8x16,L2,0.863,359.9999694824219
light_8x16,L2,0.864,359.9999694824219
light_8x16,L2,0.865,359.9999694824219
light_8x16,L2,0.866,362.5
light_8x16,L2,0.867,362.5
light_8x16,L2,0.868,362.5
light_8x16,L2,0.869,362.5
light_8x16,L2,0.87,362.5
light_8x16,L2,0.871,362.5
light_8x16,L2,0.872,365.0
light_8x16,L2,0.873,365.0
light_8x16,L2,0.874,365.0
light_8x16,L2,0.875,365.0
light_8x16,L2,0.876,365.0
light_8x16,L2,0.877,367.5
light_8x16,L2,0.878,367.5
light_8x16,L2,0.879,367.5
light_8x16,L2,0.88,367.5
light_8x16,L2,0.881,367.5
light_8x16,L2,0.882,370.0
light_8x16,L2,0.883,370.0
light_8x16,L2,0.884,370.0
light_8x16,L2,0.885,370.0
light_8x16,L2,0.886,370.0
light_8x16,L2,0.887,372.5
light_8x16,L2,0.888,372.5
light_8x16,L2,0.889,372.5
light_8x16,L2,0.89,372.5
light_8x16,L2,0.891,372.5
light_8x16,L2,0.892,375.0
light_8x16,L2,0.893,375.0
light_8x16,L2,0.894,375.0
light_8x16,L2,0.895,375.0
light_8x16,L2,0.896,375.0
light_8x16,L2,0.897,377.5000305175781
light_8x16,L2,0.898,377.5000305175781
light_8x16,L2,0.899,377.5000305175781
light_8x16,L2,0.9,377.5000305175781
light_8x16,L2,0.901,380.0
light_8x16,L2,0.902,380.0
light_8x16,L2,0.903,380.0
light_8x16,L2,0.904,380.0
light_8x16,L2,0.905,380.0
light_8x16,L2,0.906,382.5000305175781
light_8x16,L2,0.907,382.5000305175781
light_8x16,L2,0.908,382.5000305175781
light_8x16,L2,0.909,382.5000305175781
light_8x16,L2,0.91,382.5000305175781
light_8x16,L2,0.911,385.0
light_8x16,L2,0.912,385.0
light_8x16,L2,0.913,385.0
light_8x16,L2,0.914,385.0
light_8x16,L2,0.915,387.5000305175781
light_8x16,L2,0.916,387.5000305175781
light_8x16,L2,0.917,387.5000305175781
light_8x16,L2,0.918,387.5000305175781
light_8x16,L2,0.919,390.0000305175781
light_8x16,L2,0.92,390.0000305175781
light_8x16,L2,0.921,390.0000305175781
light_8x16,L2,0.922,390.0000305175781
light_8x16,L2,0.923,392.5
light_8x16,L2,0.924,392.5
light_8x16,L2,0.925,392.5
light_8x16,L2,0.926,395.0
light_8x16,L2,0.927,395.0
light_8x16,L2,0.928,395.0
light_8x16,L2,0.929,395.0
light_8x16,L2,0.93,397.5
light_8x16,L2,0.931,397.5
light_8x16,L2,0.932,397.5
light_8x16,L2,0.933,400.0
light_8x16,L2,0.934,400.0
light_8x16,L2,0.935,400.0
light_8x16,L2,0.936,402.5
light_8x16,L2,0.937,402.5
light_8x16,L2,0.938,405.0000305175781
light_8x16,L2,0.939,405.0000305175781
light_8x16,L2,0.94,405.0000305175781
light_8x16,L2,0.941,405.0000305175781
light_8x16,L2,0.942,407.5
light_8x16,L2,0.943,407.5
light_8x16,L2,0.944,407.5
light_8x16,L2,0.945,410.0
light_8x16,L2,0.946,410.0
light_8x16,L2,0.947,412.5
light_8x16,L2,0.948,412.5
light_8x16,L2,0.949,412.5
light_8x16,L2,0.95,415.0000305175781
light_8x16,L2,0.951,417.5000305175781
light_8x16,L2,0.952,417.5000305175781
light_8x16,L2,0.953,417.5000305175781
light_8x16,L2,0.954,420.0
light_8x16,L2,0.955,420.0
light_8x16,L2,0.956,422.4999694824219
light_8x16,L2,0.957,422.4999694824219
light_8x16,L2,0.958,425.0
light_8x16,L2,0.959,425.0
light_8x16,L2,0.96,427.5
light_8x16,L2,0.961,427.5
light_8x16,L2,0.962,430.0000305175781
light_8x16,L2,0.963,432.4999694824219
light_8x16,L2,0.964,432.4999694824219
light_8x16,L2,0.965,432.4999694824219
light_8x16,L2,0.966,435.0
light_8x16,L2,0.967,437.5
light_8x16,L2,0.968,437.5
light_8x16,L2,0.969,440.0000305175781
light_8x16,L2,0.97,442.5000305175781
light_8x16,L2,0.971,442.5000305175781
light_8x16,L2,0.972,445.0
light_8x16,L2,0.973,445.0
light_8x16,L2,0.974,447.5
light_8x16,L2,0.975,450.0000305175781
light_8x16,L2,0.976,450.0000305175781
light_8x16,L2,0.977,452.5000305175781
light_8x16,L2,0.978,455.0
light_8x16,L2,0.979,457.4999694824219
light_8x16,L2,0.98,460.0
light_8x16,L2,0.981,462.5
light_8x16,L2,0.982,465.0
light_8x16,L2,0.983,467.5000305175781
light_8x16,L2,0.984,470.0
light_8x16,L2,0.985,475.0
light_8x16,L2,0.986,477.5000305175781
light_8x16,L2,0.987,480.0000305175781
light_8x16,L2,0.988,484.9999694824219
light_8x16,L2,0.989,490.0
light_8x16,L2,0.99,492.5000305175781
light_8x16,L2,0.991,497.5
light_8x16,L2,0.992,502.5
light_8x16,L2,0.993,510.0
light_8x16,L2,0.994,512.5
light_8x16,L2,0.995,520.0
light_8x16,L2,0.996,527.5000610351562
light_8x16,L2,0.997,535.0
light_8x16,L2,0.998,542.5
light_8x16,L2,0.999,555.0
light_8x16,L2,1.0,594.9999389648438
light_8x16,L2-legacy,0.0,222.5006103515625
light_8x16,L2-legacy,0.001,232.4997100830078
light_8x16,L2-legacy,0.002,235.0000457763672
light_8x16,L2-legacy,0.003,235.0006103515625
light_8x16,L2-legacy,0.004,237.5
light_8x16,L2-legacy,0.005,237.5
light_8x16,L2-legacy,0.006,239.99940490722656
light_8x16,L2-legacy,0.007,239.99940490722656
light_8x16,L2-legacy,0.008,239.99996948242188
light_8x16,L2-legacy,0.009,240.00015258789062
light_8x16,L2-legacy,0.01,242.498779296875
light_8x16,L2-legacy,0.011,242.49993896484375
light_8x16,L2-legacy,0.012,242.50030517578125
light_8x16,L2-legacy,0.013,242.50030517578125
light_8x16,L2-legacy,0.014,242.50030517578125
light_8x16,L2-legacy,0.015,244.99969482421875
light_8x16,L2-legacy,0.016,244.99969482421875
light_8x16,L2-legacy,0.017,244.99969482421875
light_8x16,L2-legacy,0.018,244.99969482421875
light_8x16,L2-legacy,0.019,245.0000762939453
light_8x16,L2-legacy,0.02,245.001220703125
light_8x16,L2-legacy,0.021,247.49984741210938
light_8x16,L2-legacy,0.022,247.49984741210938
light_8x16,L2-legacy,0.023,247.49984741210938
light_8x16,L2-legacy,0.024,247.5006103515625
light_8x16,L2-legacy,0.025,247.5006103515625
light_8x16,L2-legacy,0.026,247.5006103515625
light_8x16,L2-legacy,0.027,247.5006103515625
light_8x16,L2-legacy,0.028,247.5006103515625
light_8x16,L2-legacy,0.029,247.5006103515625
light_8x16,L2-legacy,0.03,250.0
light_8x16,L2-legacy,0.031,250.0
light_8x16,L2-legacy,0.032,250.0
light_8x16,L2-legacy,0.033,250.0
light_8x16,L2-legacy,0.034,250.0
light_8x16,L2-legacy,0.035,250.0
light_8x16,L2-legacy,0.036,250.0
light_8x16,L2-legacy,0.037,250.0
light_8x16,L2-legacy,0.038,250.0
light_8x16,L2-legacy,0.039,250.0
light_8x16,L2-legacy,0.04,250.0
light_8x16,L2-legacy,0.041,252.49940490722656
light_8x16,L2-legacy,0.042,252.49940490722656
light_8x16,L2-legacy,0.043,252.49940490722656
light_8x16,L2-legacy,0.044,252.49940490722656
light_8x16,L2-legacy,0.045,252.49940490722656
light_8x16,L2-legacy,0.046,252.49940490722656
light_8x16,L2-legacy,0.047,252.49940490722656
light_8x16,L2-legacy,0.048,252.49940490722656
light_8x16,L2-legacy,0.049,252.49940490722656
light_8x16,L2-legacy,0.05,252.49996948242188
light_8x16,L2-legacy,0.051,252.49996948242188
light_8x16,L2-legacy,0.052,252.50015258789062
light_8x16,L2-legacy,0.053,252.50015258789062
light_8x16,L2-legacy,0.054,252.50015258789062
light_8x16,L2-legacy,0.055,252.50015258789062
light_8x16,L2-legacy,0.056,254.998779296875
light_8x16,L2-legacy,0.057,254.998779296875
light_8x16,L2-legacy,0.058,254.998779296875
light_8x16,L2-legacy,0.059,254.99993896484375
light_8x16,L2-legacy,0.06,254.99993896484375
light_8x16,L2-legacy,0.061,254.99993896484375
light_8x16,L2-legacy,0.062,255.0003204345703
light_8x16,L2-legacy,0.063,255.0003204345703
light_8x16,L2-legacy,0.064,255.0003204345703
light_8x16,L2-legacy,0.065,255.0003204345703
light_8x16,L2-legacy,0.066,255.0003204345703
light_8x16,L2-legacy,0.067,255.0003204345703
light_8x16,L2-legacy,0.068,255.0003204345703
light_8x16,L2-legacy,0.069,255.0003204345703
light_8x16,L2-legacy,0.07,255.0003204345703
light_8x16,L2-legacy,0.071,255.0003204345703
light_8x16,L2-legacy,0.072,255.0003204345703
light_8x16,L2-legacy,0.073,255.0003204345703
light_8x16,L2-legacy,0.074,255.0003204345703
light_8x16,L2-legacy,0.075,255.0003204345703
light_8x16,L2-legacy,0.076,257.49969482421875
light_8x16,L2-legacy,0.077,257.49969482421875
light_8x16,L2-legacy,0.078,257.49969482421875
light_8x16,L2-legacy,0.079,257.49969482421875
light_8x16,L2-legacy,0.08,257.49969482421875
light_8x16,L2-legacy,0.081,257.49969482421875
light_8x16,L2-legacy,0.082,257.49969482421875
light_8x16,L2-legacy,0.083,257.49969482421875
light_8x16,L2-legacy,0.084,257.49969482421875
light_8x16,L2-legacy,0.085,257.49969482421875
light_8x16,L2-legacy,0.086,257.49969482421875
light_8x16,L2-legacy,0.087,257.49969482421875
light_8x16,L2-legacy,0.088,257.49969482421875
light_8x16,L2-legacy,0.089,257.49969482421875
light_8x16,L2-legacy,0.09,257.49969482421875
light_8x16,L2-legacy,0.091,257.49969482421875
light_8x16,L2-legacy,0.092,257.5
light_8x16,L2-legacy,0.093,257.5000915527344
light_8x16,L2-legacy,0.094,257.5000915527344
light_8x16,L2-legacy,0.095,257.5000915527344
light_8x16,L2-legacy,0.096,257.501220703125
light_8x16,L2-legacy,0.097,257.501220703125
light_8x16,L2-legacy,0.098,257.501220703125
light_8x16,L2-legacy,0.099,257.501220703125
light_8x16,L2-legacy,0.1,259.9998474121094
light_8x16,L2-legacy,0.101,259.9998474121094
light_8x16,L2-legacy,0.102,259.9998474121094
light_8x16,L2-legacy,0.103,259.9998474121094
light_8x16,L2-legacy,0.104,259.9998474121094
light_8x16,L2-legacy,0.105,259.9998474121094
light_8x16,L2-legacy,0.106,259.9998474121094
light_8x16,L2-legacy,0.107,259.9998474121094
light_8x16,L2-legacy,0.108,259.9998474121094
light_8x16,L2-legacy,0.109,259.9998474121094
light_8x16,L2-legacy,0.11,260.00006103515625
light_8x16,L2-legacy,0.111,260.00006103515625
light_8x16,L2-legacy,0.112,260.0006103515625
light_8x16,L2-legacy,0.113,260.0006103515625
light_8x16,L2-legacy,0.114,260.0006103515625
light_8x16,L2-legacy,0.115,260.0006103515625
light_8x16,L2-legacy,0.116,260.0006103515625
light_8x16,L2-legacy,0.117,260.0006103515625
light_8x16,L2-legacy,0.118,260.0006103515625
light_8x16,L2-legacy,0.119,260.0006103515625
light_8x16,L2-legacy,0.12,260.0006103515625
light_8x16,L2-legacy,0.121,260.0006103515625
light_8x16,L2-legacy,0.122,260.0006103515625
light_8x16,L2-legacy,0.123,260.0006103515625
light_8x16,L2-legacy,0.124,260.0006103515625
light_8x16,L2-legacy,0.125,260.0006103515625
light_8x16,L2-legacy,0.126,260.0006103515625
light_8x16,L2-legacy,0.127,260.0006103515625
light_8x16,L2-legacy,0.128,260.0006103515625
light_8x16,L2-legacy,0.129,260.0006103515625
light_8x16,L2-legacy,0.13,262.5000305175781
light_8x16,L2-legacy,0.131,262.5000305175781
light_8x16,L2-legacy,0.132,262.5000305175781
light_8x16,L2-legacy,0.133,262.5000305175781
light_8x16,L2-legacy,0.134,262.5000305175781
light_8x16,L2-legacy,0.135,262.5000305175781
light_8x16,L2-legacy,0.136,262.5000305175781
light_8x16,L2-legacy,0.137,262.5000305175781
light_8x16,L2-legacy,0.138,262.5000305175781
light_8x16,L2-legacy,0.139,262.5000305175781
light_8x16,L2-legacy,0.14,262.5000305175781
light_8x16,L2-legacy,0.141,262.5000305175781
light_8x16,L2-legacy,0.142,262.5000305175781
light_8x16,L2-legacy,0.143,262.5000305175781
light_8x16,L2-legacy,0.144,262.5000305175781
light_8x16,L2-legacy,0.145,262.5000305175781
light_8x16,L2-legacy,0.146,262.5000305175781
light_8x16,L2-legacy,0.147,262.5000305175781
light_8x16,L2-legacy,0.148,262.5000305175781
light_8x16,L2-legacy,0.149,262.5000305175781
light_8x16,L2-legacy,0.15,262.5000305175781
light_8x16,L2-legacy,0.151,262.5000305175781
light_8x16,L2-legacy,0.152,262.5000305175781
light_8x16,L2-legacy,0.153,262.5000305175781
light_8x16,L2-legacy,0.154,262.5000305175781
light_8x16,L2-legacy,0.155,262.5000305175781
light_8x16,L2-legacy,0.156,262.5000305175781
light_8x16,L2-legacy,0.157,262.5000305175781
light_8x16,L2-legacy,0.158,262.5000305175781
light_8x16,L2-legacy,0.159,262.5000305175781
light_8x16,L2-legacy,0.16,262.5000305175781
light_8x16,L2-legacy,0.161,262.5000305175781
light_8x16,L2-legacy,0.162,262.5000305175781
light_8x16,L2-legacy,0.163,262.5000305175781
light_8x16,L2-legacy,0.164,262.5000305175781
light_8x16,L2-legacy,0.165,264.9993896484375
light_8x16,L2-legacy,0.166,264.9993896484375
light_8x16,L2-legacy,0.167,264.9993896484375
light_8x16,L2-legacy,0.168,264.9993896484375
light_8x16,L2-legacy,0.169,264.9993896484375
light_8x16,L2-legacy,0.17,264.9993896484375
light_8x16,L2-legacy,0.171,264.9993896484375
light_8x16,L2-legacy,0.172,264.9993896484375
light_8x16,L2-legacy,0.173,264.9993896484375
light_8x16,L2-legacy,0.174,264.9993896484375
light_8x16,L2-legacy,0.175,264.9993896484375
light_8x16,L2-legacy,0.176,264.9993896484375
light_8x16,L2-legacy,0.177,264.9993896484375
light_8x16,L2-legacy,0.178,264.9993896484375
light_8x16,L2-legacy,0.179,264.9993896484375
light_8x16,L2-legacy,0.18,264.9993896484375
light_8x16,L2-legacy,0.181,264.9993896484375
light_8x16,L2-legacy,0.182,264.9993896484375
light_8x16,L2-legacy,0.183,264.9993896484375
light_8x16,L2-legacy,0.184,264.9993896484375
light_8x16,L2-legacy,0.185,264.9993896484375
light_8x16,L2-legacy,0.186,264.9993896484375
light_8x16,L2-legacy,0.187,264.9993896484375
light_8x16,L2-legacy,0.188,264.9993896484375
light_8x16,L2-legacy,0.189,264.9993896484375
light_8x16,L2-legacy,0.19,264.9993896484375
light_8x16,L2-legacy,0.191,264.9993896484375
light_8x16,L2-legacy,0.192,264.9999694824219
light_8x16,L2-legacy,0.193,264.9999694824219
light_8x16,L2-legacy,0.194,264.9999694824219
light_8x16,L2-legacy,0.195,265.0001525878906
light_8x16,L2-legacy,0.196,265.0001525878906
light_8x16,L2-legacy,0.197,265.0001525878906
light_8x16,L2-legacy,0.198,265.0001525878906
light_8x16,L2-legacy,0.199,265.0001525878906
light_8x16,L2-legacy,0.2,265.0001525878906
light_8x16,L2-legacy,0.201,265.0001525878906
light_8x16,L2-legacy,0.202,265.0001525878906
light_8x16,L2-legacy,0.203,265.0001525878906
light_8x16,L2-legacy,0.204,265.0001525878906
light_8x16,L2-legacy,0.205,265.0001525878906
light_8x16,L2-legacy,0.206,265.0001525878906
light_8x16,L2-legacy,0.207,265.0001525878906
light_8x16,L2-legacy,0.208,265.0001525878906
light_8x16,L2-legacy,0.209,267.498779296875
light_8x16,L2-legacy,0.21,267.498779296875
light_8x16,L2-legacy,0.211,267.498779296875
light_8x16,L2-legacy,0.212,267.498779296875
light_8x16,L2-legacy,0.213,267.498779296875
light_8x16,L2-legacy,0.214,267.498779296875
light_8x16,L2-legacy,0.215,267.498779296875
light_8x16,L2-legacy,0.216,267.49993896484375
light_8x16,L2-legacy,0.217,267.49993896484375
light_8x16,L2-legacy,0.218,267.49993896484375
light_8x16,L2-legacy,0.219,267.49993896484375
light_8x16,L2-legacy,0.22,267.49993896484375
light_8x16,L2-legacy,0.221,267.49993896484375
light_8x16,L2-legacy,0.222,267.49993896484375
light_8x16,L2-legacy,0.223,267.49993896484375
light_8x16,L2-legacy,0.224,267.49993896484375
light_8x16,L2-legacy,0.225,267.5
light_8x16,L2-legacy,0.226,267.50030517578125
light_8x16,L2-legacy,0.227,267.50030517578125
light_8x16,L2-legacy,0.228,267.50030517578125
light_8x16,L2-legacy,0.229,267.50030517578125
light_8x16,L2-legacy,0.23,267.50030517578125
light_8x16,L2-legacy,0.231,267.50030517578125
light_8x16,L2-legacy,0.232,267.50030517578125
light_8x16,L2-legacy,0.233,267.50030517578125
light_8x16,L2-legacy,0.234,267.50030517578125
light_8x16,L2-legacy,0.235,267.50030517578125
light_8x16,L2-legacy,0.236,267.50030517578125
light_8x16,L2-legacy,0.237,267.50030517578125
light_8x16,L2-legacy,0.238,267.50030517578125
light_8x16,L2-legacy,0.239,267.50030517578125
light_8x16,L2-legacy,0.24,267.50030517578125
light_8x16,L2-legacy,0.241,267.50030517578125
light_8x16,L2-legacy,0.242,267.50030517578125
light_8x16,L2-legacy,0.243,267.50030517578125
light_8x16,L2-legacy,0.244,267.50030517578125
light_8x16,L2-legacy,0.245,267.50030517578125
light_8x16,L2-legacy,0.246,267.50030517578125
light_8x16,L2-legacy,0.247,267.50030517578125
light_8x16,L2-legacy,0.248,267.50030517578125
light_8x16,L2-legacy,0.249,267.50030517578125
light_8x16,L2-legacy,0.25,267.50030517578125
light_8x16,L2-legacy,0.251,267.50030517578125
light_8x16,L2-legacy,0.252,267.50030517578125
light_8x16,L2-legacy,0.253,267.50030517578125
light_8x16,L2-legacy,0.254,267.50030517578125
light_8x16,L2-legacy,0.255,267.50030517578125
light_8x16,L2-legacy,0.256,267.50030517578125
light_8x16,L2-legacy,0.257,267.50030517578125
light_8x16,L2-legacy,0.258,269.9997253417969
light_8x16,L2-legacy,0.259,269.9997253417969
light_8x16,L2-legacy,0.26,269.9997253417969
light_8x16,L2-legacy,0.261,269.9997253417969
light_8x16,L2-legacy,0.262,269.9997253417969
light_8x16,L2-legacy,0.263,269.9997253417969
light_8x16,L2-legacy,0.264,269.9997253417969
light_8x16,L2-legacy,0.265,269.9997253417969
light_8x16,L2-legacy,0.266,269.9997253417969
light_8x16,L2-legacy,0.267,269.9997253417969
light_8x16,L2-legacy,0.268,269.9997253417969
light_8x16,L2-legacy,0.269,269.9997253417969
light_8x16,L2-legacy,0.27,269.9997253417969
light_8x16,L2-legacy,0.271,269.9997253417969
light_8x16,L2-legacy,0.272,269.9997253417969
light_8x16,L2-legacy,0.273,269.9997253417969
light_8x16,L2-legacy,0.274,269.9997253417969
light_8x16,L2-legacy,0.275,269.9997253417969
light_8x16,L2-legacy,0.276,269.9997253417969
light_8x16,L2-legacy,0.277,269.9997253417969
light_8x16,L2-legacy,0.278,269.9997253417969
light_8x16,L2-legacy,0.279,269.9997253417969
light_8x16,L2-legacy,0.28,269.9997253417969
light_8x16,L2-legacy,0.281,269.9997253417969
light_8x16,L2-legacy,0.282,269.9997253417969
light_8x16,L2-legacy,0.283,269.9997253417969
light_8x16,L2-legacy,0.284,269.9997253417969
light_8x16,L2-legacy,0.285,269.9997253417969
light_8x16,L2-legacy,0.286,269.9997253417969
light_8x16,L2-legacy,0.287,269.9997253417969
light_8x16,L2-legacy,0.288,269.9997253417969
light_8x16,L2-legacy,0.289,269.9997253417969
light_8x16,L2-legacy,0.29,269.9997253417969
light_8x16,L2-legacy,0.291,269.9997253417969
light_8x16,L2-legacy,0.292,269.9997253417969
light_8x16,L2-legacy,0.293,269.9997253417969
light_8x16,L2-legacy,0.294,269.9999694824219
light_8x16,L2-legacy,0.295,269.9999694824219
light_8x16,L2-legacy,0.296,270.00006103515625
light_8x16,L2-legacy,0.297,270.00006103515625
light_8x16,L2-legacy,0.298,270.00006103515625
light_8x16,L2-legacy,0.299,270.00006103515625
light_8x16,L2-legacy,0.3,270.00006103515625
light_8x16,L2-legacy,0.301,270.00006103515625
light_8x16,L2-legacy,0.302,270.00006103515625
light_8x16,L2-legacy,0.303,270.00006103515625
light_8x16,L2-legacy,0.304,270.00006103515625
light_8x16,L2-legacy,0.305,270.00006103515625
light_8x16,L2-legacy,0.306,270.001220703125
light_8x16,L2-legacy,0.307,270.001220703125
light_8x16,L2-legacy,0.308,270.001220703125
light_8x16,L2-legacy,0.309,270.001220703125
light_8x16,L2-legacy,0.31,270.001220703125
light_8x16,L2-legacy,0.311,270.001220703125
light_8x16,L2-legacy,0.312,270.001220703125
light_8x16,L2-legacy,0.313,272.4998474121094
light_8x16,L2-legacy,0.314,272.4998474121094
light_8x16,L2-legacy,0.315,272.4998474121094
light_8x16,L2-legacy,0.316,272.4998474121094
light_8x16,L2-legacy,0.317,272.4998474121094
light_8x16,L2-legacy,0.318,272.4998474121094
light_8x16,L2-legacy,0.319,272.4998474121094
light_8x16,L2-legacy,0.32,272.4998474121094
light_8x16,L2-legacy,0.321,272.4998474121094
light_8x16,L2-legacy,0.322,272.4998474121094
light_8x16,L2-legacy,0.323,272.4998474121094
light_8x16,L2-legacy,0.324,272.4998474121094
light_8x16,L2-legacy,0.325,272.4998474121094
light_8x16,L2-legacy,0.326,272.4998474121094
light_8x16,L2-legacy,0.327,272.4998474121094
light_8x16,L2-legacy,0.328,272.4998474121094
light_8x16,L2-legacy,0.329,272.4998474121094
light_8x16,L2-legacy,0.33,272.4998474121094
light_8x16,L2-legacy,0.331,272.4998474121094
light_8x16,L2-legacy,0.332,272.4998474121094
light_8x16,L2-legacy,0.333,272.5000305175781
light_8x16,L2-legacy,0.334,272.5000305175781
light_8x16,L2-legacy,0.335,272.5000305175781
light_8x16,L2-legacy,0.336,272.5000305175781
light_8x16,L2-legacy,0.337,272.5000305175781
light_8x16,L2-legacy,0.338,272.5006103515625
light_8x16,L2-legacy,0.339,272.5006103515625
light_8x16,L2-legacy,0.34,272.5006103515625
light_8x16,L2-legacy,0.341,272.5006103515625
light_8x16,L2-legacy,0.342,272.5006103515625
light_8x16,L2-legacy,0.343,272.5006103515625
light_8x16,L2-legacy,0.344,272.5006103515625
light_8x16,L2-legacy,0.345,272.5006103515625
light_8x16,L2-legacy,0.346,272.5006103515625
light_8x16,L2-legacy,0.347,272.5006103515625
light_8x16,L2-legacy,0.348,272.5006103515625
light_8x16,L2-legacy,0.349,272.5006103515625
light_8x16,L2-legacy,0.35,272.5006103515625
light_8x16,L2-legacy,0.351,272.5006103515625
light_8x16,L2-legacy,0.352,272.5006103515625
light_8x16,L2-legacy,0.353,272.5006103515625
light_8x16,L2-legacy,0.354,272.5006103515625
light_8x16,L2-legacy,0.355,272.5006103515625
light_8x16,L2-legacy,0.356,272.5006103515625
light_8x16,L2-legacy,0.357,272.5006103515625
light_8x16,L2-legacy,0.358,272.5006103515625
light_8x16,L2-legacy,0.359,272.5006103515625
light_8x16,L2-legacy,0.36,272.5006103515625
light_8x16,L2-legacy,0.361,272.5006103515625
light_8x16,L2-legacy,0.362,272.5006103515625
light_8x16,L2-legacy,0.363,272.5006103515625
light_8x16,L2-legacy,0.364,272.5006103515625
light_8x16,L2-legacy,0.365,272.5006103515625
light_8x16,L2-legacy,0.366,272.5006103515625
light_8x16,L2-legacy,0.367,272.5006103515625
light_8x16,L2-legacy,0.368,272.5006103515625
light_8x16,L2-legacy,0.369,272.5006103515625
light_8x16,L2-legacy,0.37,272.5006103515625
light_8x16,L2-legacy,0.371,272.5006103515625
light_8x16,L2-legacy,0.372,272.5006103515625
light_8x16,L2-legacy,0.373,272.5006103515625
light_8x16,L2-legacy,0.374,275.0
light_8x16,L2-legacy,0.375,275.0
light_8x16,L2-legacy,0.376,275.0
light_8x16,L2-legacy,0.377,275.0
light_8x16,L2-legacy,0.378,275.0
light_8x16,L2-legacy,0.379,275.0
light_8x16,L2-legacy,0.38,275.0
light_8x16,L2-legacy,0.381,275.0
light_8x16,L2-legacy,0.382,275.0
light_8x16,L2-legacy,0.383,275.0
light_8x16,L2-legacy,0.384,275.0
light_8x16,L2-legacy,0.385,275.0
light_8x16,L2-legacy,0.386,275.0
light_8x16,L2-legacy,0.387,275.0
light_8x16,L2-legacy,0.388,275.0
light_8x16,L2-legacy,0.389,275.0
light_8x16,L2-legacy,0.39,275.0
light_8x16,L2-legacy,0.391,275.0
light_8x16,L2-legacy,0.392,275.0
light_8x16,L2-legacy,0.393,275.0
light_8x16,L2-legacy,0.394,275.0
light_8x16,L2-legacy,0.395,275.0
light_8x16,L2-legacy,0.396,275.0
light_8x16,L2-legacy,0.397,275.0
light_8x16,L2-legacy,0.398,275.0
light_8x16,L2-legacy,0.399,275.0
light_8x16,L2-legacy,0.4,275.0
light_8x16,L2-legacy,0.401,275.0
light_8x16,L2-legacy,0.402,275.0
light_8x16,L2-legacy,0.403,275.0
light_8x16,L2-legacy,0.404,275.0
light_8x16,L2-legacy,0.405,275.0
light_8x16,L2-legacy,0.406,275.0
light_8x16,L2-legacy,0.407,275.0
light_8x16,L2-legacy,0.408,275.0
light_8x16,L2-legacy,0.409,275.0
light_8x16,L2-legacy,0.41,275.0
light_8x16,L2-legacy,0.411,275.0
light_8x16,L2-legacy,0.412,275.0
light_8x16,L2-legacy,0.413,275.0
light_8x16,L2-legacy,0.414,275.0
light_8x16,L2-legacy,0.415,275.0
light_8x16,L2-legacy,0.416,275.0
light_8x16,L2-legacy,0.417,275.0
light_8x16,L2-legacy,0.418,275.0
light_8x16,L2-legacy,0.419,275.0
light_8x16,L2-legacy,0.42,275.0
light_8x16,L2-legacy,0.421,275.0
light_8x16,L2-legacy,0.422,275.0
light_8x16,L2-legacy,0.423,275.0
light_8x16,L2-legacy,0.424,275.0
light_8x16,L2-legacy,0.425,275.0
light_8x16,L2-legacy,0.426,275.0
light_8x16,L2-legacy,0.427,275.0
light_8x16,L2-legacy,0.428,275.0
light_8x16,L2-legacy,0.429,275.0
light_8x16,L2-legacy,0.43,275.0
light_8x16,L2-legacy,0.431,275.0
light_8x16,L2-legacy,0.432,275.0
light_8x16,L2-legacy,0.433,275.0
light_8x16,L2-legacy,0.434,275.0
light_8x16,L2-legacy,0.435,275.0
light_8x16,L2-legacy,0.436,277.4994201660156
light_8x16,L2-legacy,0.437,277.4994201660156
light_8x16,L2-legacy,0.438,277.4994201660156
light_8x16,L2-legacy,0.439,277.4994201660156
light_8x16,L2-legacy,0.44,277.4994201660156
light_8x16,L2-legacy,0.441,277.4994201660156
light_8x16,L2-legacy,0.442,277.4994201660156
light_8x16,L2-legacy,0.443,277.4994201660156
light_8x16,L2-legacy,0.444,277.4994201660156
light_8x16,L2-legacy,0.445,277.4994201660156
light_8x16,L2-legacy,0.446,277.4994201660156
light_8x16,L2-legacy,0.447,277.4994201660156
light_8x16,L2-legacy,0.448,277.4994201660156
light_8x16,L2-legacy,0.449,277.4994201660156
light_8x16,L2-legacy,0.45,277.4994201660156
light_8x16,L2-legacy,0.451,277.4994201660156
light_8x16,L2-legacy,0.452,277.4994201660156
light_8x16,L2-legacy,0.453,277.4994201660156
light_8x16,L2-legacy,0.454,277.4994201660156
light_8x16,L2-legacy,0.455,277.4994201660156
light_8x16,L2-legacy,0.456,277.4994201660156
light_8x16,L2-legacy,0.457,277.4994201660156
light_8x16,L2-legacy,0.458,277.4994201660156
light_8x16,L2-legacy,0.459,277.4994201660156
light_8x16,L2-legacy,0.46,277.4994201660156
light_8x16,L2-legacy,0.461,277.4994201660156
light_8x16,L2-legacy,0.462,277.4994201660156
light_8x16,L2-legacy,0.463,277.4994201660156
light_8x16,L2-legacy,0.464,277.4994201660156
light_8x16,L2-legacy,0.465,277.4994201660156
light_8x16,L2-legacy,0.466,277.4994201660156
light_8x16,L2-legacy,0.467,277.4994201660156
light_8x16,L2-legacy,0.468,277.4994201660156
light_8x16,L2-legacy,0.469,277.4994201660156
light_8x16,L2-legacy,0.47,277.4994201660156
light_8x16,L2-legacy,0.471,277.4994201660156
light_8x16,L2-legacy,0.472,277.4994201660156
light_8x16,L2-legacy,0.473,277.4994201660156
light_8x16,L2-legacy,0.474,277.4999694824219
light_8x16,L2-legacy,0.475,277.4999694824219
light_8x16,L2-legacy,0.476,277.4999694824219
light_8x16,L2-legacy,0.477,277.4999694824219
light_8x16,L2-legacy,0.478,277.4999694824219
light_8x16,L2-legacy,0.479,277.5001525878906
light_8x16,L2-legacy,0.48,277.5001525878906
light_8x16,L2-legacy,0.481,277.5001525878906
light_8x16,L2-legacy,0.482,277.5001525878906
light_8x16,L2-legacy,0.483,277.5001525878906
light_8x16,L2-legacy,0.484,277.5001525878906
light_8x16,L2-legacy,0.485,277.5001525878906
light_8x16,L2-legacy,0.486,277.5001525878906
light_8x16,L2-legacy,0.487,277.5001525878906
light_8x16,L2-legacy,0.488,277.5001525878906
light_8x16,L2-legacy,0.489,277.5001525878906
light_8x16,L2-legacy,0.49,277.5001525878906
light_8x16,L2-legacy,0.491,277.5001525878906
light_8x16,L2-legacy,0.492,277.5001525878906
light_8x16,L2-legacy,0.493,277.5001525878906
light_8x16,L2-legacy,0.494,277.5001525878906
light_8x16,L2-legacy,0.495,277.5001525878906
light_8x16,L2-legacy,0.496,277.5001525878906
light_8x16,L2-legacy,0.497,277.5001525878906
light_8x16,L2-legacy,0.498,277.5001525878906
light_8x16,L2-legacy,0.499,277.5001525878906
light_8x16,L2-legacy,0.5,279.998779296875
light_8x16,L2-legacy,0.501,279.998779296875
light_8x16,L2-legacy,0.502,279.998779296875
light_8x16,L2-legacy,0.503,279.998779296875
light_8x16,L2-legacy,0.504,279.998779296875
light_8x16,L2-legacy,0.505,279.998779296875
light_8x16,L2-legacy,0.506,279.998779296875
light_8x16,L2-legacy,0.507,279.998779296875
light_8x16,L2-legacy,0.508,279.998779296875
light_8x16,L2-legacy,0.509,279.99993896484375
light_8x16,L2-legacy,0.51,279.99993896484375
light_8x16,L2-legacy,0.511,279.99993896484375
light_8x16,L2-legacy,0.512,279.99993896484375
light_8x16,L2-legacy,0.513,279.99993896484375
light_8x16,L2-legacy,0.514,279.99993896484375
light_8x16,L2-legacy,0.515,279.99993896484375
light_8x16,L2-legacy,0.516,279.99993896484375
light_8x16,L2-legacy,0.517,279.99993896484375
light_8x16,L2-legacy,0.518,280.0
light_8x16,L2-legacy,0.519,280.0000305175781
light_8x16,L2-legacy,0.52,280.0000305175781
light_8x16,L2-legacy,0.521,280.0000305175781
light_8x16,L2-legacy,0.522,280.00030517578125
light_8x16,L2-legacy,0.523,280.00030517578125
light_8x16,L2-legacy,0.524,280.00030517578125
light_8x16,L2-legacy,0.525,280.00030517578125
light_8x16,L2-legacy,0.526,280.00030517578125
light_8x16,L2-legacy,0.527,280.00030517578125
light_8x16,L2-legacy,0.528,280.00030517578125
light_8x16,L2-legacy,0.529,280.00030517578125
light_8x16,L2-legacy,0.53,280.00030517578125
light_8x16,L2-legacy,0.531,280.00030517578125
light_8x16,L2-legacy,0.532,280.00030517578125
light_8x16,L2-legacy,0.533,280.00030517578125
light_8x16,L2-legacy,0.534,280.00030517578125
light_8x16,L2-legacy,0.535,280.00030517578125
light_8x16,L2-legacy,0.536,280.00030517578125
light_8x16,L2-legacy,0.537,280.00030517578125
light_8x16,L2-legacy,0.538,280.00030517578125
light_8x16,L2-legacy,0.539,280.00030517578125
light_8x16,L2-legacy,0.54,280.00030517578125
light_8x16,L2-legacy,0.541,280.00030517578125
light_8x16,L2-legacy,0.542,280.00030517578125
light_8x16,L2-legacy,0.543,280.00030517578125
light_8x16,L2-legacy,0.544,280.00030517578125
light_8x16,L2-legacy,0.545,280.00030517578125
light_8x16,L2-legacy,0.546,280.00030517578125
light_8x16,L2-legacy,0.547,280.00030517578125
light_8x16,L2-legacy,0.548,280.00030517578125
light_8x16,L2-legacy,0.549,280.00030517578125
light_8x16,L2-legacy,0.55,280.00030517578125
light_8x16,L2-legacy,0.551,280.00030517578125
light_8x16,L2-legacy,0.552,280.00030517578125
light_8x16,L2-legacy,0.553,280.00030517578125
light_8x16,L2-legacy,0.554,280.00030517578125
light_8x16,L2-legacy,0.555,280.00030517578125
light_8x16,L2-legacy,0.556,280.00030517578125
light_8x16,L2-legacy,0.557,280.00030517578125
light_8x16,L2-legacy,0.558,280.00030517578125
light_8x16,L2-legacy,0.559,280.00030517578125
light_8x16,L2-legacy,0.56,282.49969482421875
light_8x16,L2-legacy,0.561,282.49969482421875
light_8x16,L2-legacy,0.562,282.49969482421875
light_8x16,L2-legacy,0.563,282.49969482421875
light_8x16,L2-legacy,0.564,282.49969482421875
light_8x16,L2-legacy,0.565,282.49969482421875
light_8x16,L2-legacy,0.566,282.49969482421875
light_8x16,L2-legacy,0.567,282.49969482421875
light_8x16,L2-legacy,0.568,282.49969482421875
light_8x16,L2-legacy,0.569,282.49969482421875
light_8x16,L2-legacy,0.57,282.49969482421875
light_8x16,L2-legacy,0.571,282.49969482421875
light_8x16,L2-legacy,0.572,282.49969482421875
light_8x16,L2-legacy,0.573,282.49969482421875
light_8x16,L2-legacy,0.574,282.49969482421875
light_8x16,L2-legacy,0.575,282.49969482421875
light_8x16,L2-legacy,0.576,282.49969482421875
light_8x16,L2-legacy,0.577,282.49969482421875
light_8x16,L2-legacy,0.578,282.49969482421875
light_8x16,L2-legacy,0.579,282.49969482421875
light_8x16,L2-legacy,0.58,282.49969482421875
light_8x16,L2-legacy,0.581,282.49969482421875
light_8x16,L2-legacy,0.582,282.49969482421875
light_8x16,L2-legacy,0.583,282.49969482421875
light_8x16,L2-legacy,0.584,282.49969482421875
light_8x16,L2-legacy,0.585,282.49969482421875
light_8x16,L2-legacy,0.586,282.49969482421875
light_8x16,L2-legacy,0.587,282.49969482421875
light_8x16,L2-legacy,0.588,282.49969482421875
light_8x16,L2-legacy,0.589,282.49969482421875
light_8x16,L2-legacy,0.59,282.49969482421875
light_8x16,L2-legacy,0.591,282.49969482421875
light_8x16,L2-legacy,0.592,282.49969482421875
light_8x16,L2-legacy,0.593,282.49969482421875
light_8x16,L2-legacy,0.594,282.49969482421875
light_8x16,L2-legacy,0.595,282.49969482421875
light_8x16,L2-legacy,0.596,282.49969482421875
light_8x16,L2-legacy,0.597,282.5
light_8x16,L2-legacy,0.598,282.5
light_8x16,L2-legacy,0.599,282.5
light_8x16,L2-legacy,0.6,282.5000915527344
light_8x16,L2-legacy,0.601,282.5000915527344
light_8x16,L2-legacy,0.602,282.5000915527344
light_8x16,L2-legacy,0.603,282.5000915527344
light_8x16,L2-legacy,0.604,282.5000915527344
light_8x16,L2-legacy,0.605,282.5000915527344
light_8x16,L2-legacy,0.606,282.5000915527344
light_8x16,L2-legacy,0.607,282.5000915527344
light_8x16,L2-legacy,0.608,282.5000915527344
light_8x16,L2-legacy,0.609,282.501220703125
light_8x16,L2-legacy,0.61,282.501220703125
light_8x16,L2-legacy,0.611,282.501220703125
light_8x16,L2-legacy,0.612,282.501220703125
light_8x16,L2-legacy,0.613,282.501220703125
light_8x16,L2-legacy,0.614,282.501220703125
light_8x16,L2-legacy,0.615,282.501220703125
light_8x16,L2-legacy,0.616,282.501220703125
light_8x16,L2-legacy,0.617,284.9998474121094
light_8x16,L2-legacy,0.618,284.9998474121094
light_8x16,L2-legacy,0.619,284.9998474121094
light_8x16,L2-legacy,0.62,284.9998474121094
light_8x16,L2-legacy,0.621,284.9998474121094
light_8x16,L2-legacy,0.622,284.9998474121094
light_8x16,L2-legacy,0.623,284.9998474121094
light_8x16,L2-legacy,0.624,284.9998474121094
light_8x16,L2-legacy,0.625,284.9998474121094
light_8x16,L2-legacy,0.626,284.9998474121094
light_8x16,L2-legacy,0.627,284.9998474121094
light_8x16,L2-legacy,0.628,284.9998474121094
light_8x16,L2-legacy,0.629,284.9998474121094
light_8x16,L2-legacy,0.63,284.9998474121094
light_8x16,L2-legacy,0.631,284.9998474121094
light_8x16,L2-legacy,0.632,284.9998474121094
light_8x16,L2-legacy,0.633,284.9998474121094
light_8x16,L2-legacy,0.634,284.9998474121094
light_8x16,L2-legacy,0.635,285.00006103515625
light_8x16,L2-legacy,0.636,285.00006103515625
light_8x16,L2-legacy,0.637,285.00006103515625
light_8x16,L2-legacy,0.638,285.00006103515625
light_8x16,L2-legacy,0.639,285.00006103515625
light_8x16,L2-legacy,0.64,285.0006103515625
light_8x16,L2-legacy,0.641,285.0006103515625
light_8x16,L2-legacy,0.642,285.0006103515625
light_8x16,L2-legacy,0.643,285.0006103515625
light_8x16,L2-legacy,0.644,285.0006103515625
light_8x16,L2-legacy,0.645,285.0006103515625
light_8x16,L2-legacy,0.646,285.0006103515625
light_8x16,L2-legacy,0.647,285.0006103515625
light_8x16,L2-legacy,0.648,285.0006103515625
light_8x16,L2-legacy,0.649,285.0006103515625
light_8x16,L2-legacy,0.65,285.0006103515625
light_8x16,L2-legacy,0.651,285.0006103515625
light_8x16,L2-legacy,0.652,285.0006103515625
light_8x16,L2-legacy,0.653,285.0006103515625
light_8x16,L2-legacy,0.654,285.0006103515625
light_8x16,L2-legacy,0.655,285.0006103515625
light_8x16,L2-legacy,0.656,285.0006103515625
light_8x16,L2-legacy,0.657,285.0006103515625
light_8x16,L2-legacy,0.658,285.0006103515625
light_8x16,L2-legacy,0.659,285.0006103515625
light_8x16,L2-legacy,0.66,285.0006103515625
light_8x16,L2-legacy,0.661,285.0006103515625
light_8x16,L2-legacy,0.662,285.0006103515625
light_8x16,L2-legacy,0.663,285.0006103515625
light_8x16,L2-legacy,0.664,285.0006103515625
light_8x16,L2-legacy,0.665,285.0006103515625
light_8x16,L2-legacy,0.666,285.0006103515625
light_8x16,L2-legacy,0.667,285.0006103515625
light_8x16,L2-legacy,0.668,285.0006103515625
light_8x16,L2-legacy,0.669,285.0006103515625
light_8x16,L2-legacy,0.67,285.0006103515625
light_8x16,L2-legacy,0.671,287.5
light_8x16,L2-legacy,0.672,287.5
light_8x16,L2-legacy,0.673,287.5
light_8x16,L2-legacy,0.674,287.5
light_8x16,L2-legacy,0.675,287.5
light_8x16,L2-legacy,0.676,287.5
light_8x16,L2-legacy,0.677,287.5
light_8x16,L2-legacy,0.678,287.5
light_8x16,L2-legacy,0.679,287.5
light_8x16,L2-legacy,0.68,287.5
light_8x16,L2-legacy,0.681,287.5
light_8x16,L2-legacy,0.682,287.5
light_8x16,L2-legacy,0.683,287.5
light_8x16,L2-legacy,0.684,287.5
light_8x16,L2-legacy,0.685,287.5
light_8x16,L2-legacy,0.686,287.5
light_8x16,L2-legacy,0.687,287.5
light_8x16,L2-legacy,0.688,287.5
light_8x16,L2-legacy,0.689,287.5
light_8x16,L2-legacy,0.69,287.5
light_8x16,L2-legacy,0.691,287.5
light_8x16,L2-legacy,0.692,287.5
light_8x16,L2-legacy,0.693,287.5
light_8x16,L2-legacy,0.694,287.5
light_8x16,L2-legacy,0.695,287.5
light_8x16,L2-legacy,0.696,287.5
light_8x16,L2-legacy,0.697,287.5
light_8x16,L2-legacy,0.698,287.5
light_8x16,L2-legacy,0.699,287.5
light_8x16,L2-legacy,0.7,287.5
light_8x16,L2-legacy,0.701,287.5
light_8x16,L2-legacy,0.702,287.5
light_8x16,L2-legacy,0.703,287.5
light_8x16,L2-legacy,0.704,287.5
light_8x16,L2-legacy,0.705,287.5
light_8x16,L2-legacy,0.706,287.5
light_8x16,L2-legacy,0.707,287.5
light_8x16,L2-legacy,0.708,287.5
light_8x16,L2-legacy,0.709,287.5
light_8x16,L2-legacy,0.71,287.5
light_8x16,L2-legacy,0.711,287.5
light_8x16,L2-legacy,0.712,287.5
light_8x16,L2-legacy,0.713,287.5
light_8x16,L2-legacy,0.714,287.5
light_8x16,L2-legacy,0.715,287.5
light_8x16,L2-legacy,0.716,287.5
light_8x16,L2-legacy,0.717,287.5
light_8x16,L2-legacy,0.718,289.9993896484375
light_8x16,L2-legacy,0.719,289.9993896484375
light_8x16,L2-legacy,0.72,289.9993896484375
light_8x16,L2-legacy,0.721,289.9993896484375
light_8x16,L2-legacy,0.722,289.9993896484375
light_8x16,L2-legacy,0.723,289.9993896484375
light_8x16,L2-legacy,0.724,289.9993896484375
light_8x16,L2-legacy,0.725,289.9993896484375
light_8x16,L2-legacy,0.726,289.9993896484375
light_8x16,L2-legacy,0.727,289.9993896484375
light_8x16,L2-legacy,0.728,289.9993896484375
light_8x16,L2-legacy,0.729,289.9993896484375
light_8x16,L2-legacy,0.73,289.9993896484375
light_8x16,L2-legacy,0.731,289.9993896484375
light_8x16,L2-legacy,0.732,289.9993896484375
light_8x16,L2-legacy,0.733,289.9993896484375
light_8x16,L2-legacy,0.734,289.9993896484375
light_8x16,L2-legacy,0.735,289.9993896484375
light_8x16,L2-legacy,0.736,289.9993896484375
light_8x16,L2-legacy,0.737,289.9993896484375
light_8x16,L2-legacy,0.738,289.9993896484375
light_8x16,L2-legacy,0.739,289.9999694824219
light_8x16,L2-legacy,0.74,289.9999694824219
light_8x16,L2-legacy,0.741,289.9999694824219
light_8x16,L2-legacy,0.742,290.0000305175781
light_8x16,L2-legacy,0.743,290.00018310546875
light_8x16,L2-legacy,0.744,290.00018310546875
light_8x16,L2-legacy,0.745,290.00018310546875
light_8x16,L2-legacy,0.746,290.00018310546875
light_8x16,L2-legacy,0.747,290.00018310546875
light_8x16,L2-legacy,0.748,290.00018310546875
light_8x16,L2-legacy,0.749,290.00018310546875
light_8x16,L2-legacy,0.75,290.00018310546875
light_8x16,L2-legacy,0.751,290.00018310546875
light_8x16,L2-legacy,0.752,290.00018310546875
light_8x16,L2-legacy,0.753,290.00018310546875
light_8x16,L2-legacy,0.754,290.00018310546875
light_8x16,L2-legacy,0.755,290.00018310546875
light_8x16,L2-legacy,0.756,290.00018310546875
light_8x16,L2-legacy,0.757,292.4988098144531
light_8x16,L2-legacy,0.758,292.4988098144531
light_8x16,L2-legacy,0.759,292.4988098144531
light_8x16,L2-legacy,0.76,292.4988098144531
light_8x16,L2-legacy,0.761,292.4988098144531
light_8x16,L2-legacy,0.762,292.49993896484375
light_8x16,L2-legacy,0.763,292.49993896484375
light_8x16,L2-legacy,0.764,292.49993896484375
light_8x16,L2-legacy,0.765,292.49993896484375
light_8x16,L2-legacy,0.766,292.49993896484375
light_8x16,L2-legacy,0.767,292.5
light_8x16,L2-legacy,0.768,292.5000305175781
light_8x16,L2-legacy,0.769,292.50030517578125
light_8x16,L2-legacy,0.77,292.50030517578125
light_8x16,L2-legacy,0.771,292.50030517578125
light_8x16,L2-legacy,0.772,292.50030517578125
light_8x16,L2-legacy,0.773,292.50030517578125
light_8x16,L2-legacy,0.774,292.50030517578125
light_8x16,L2-legacy,0.775,292.50030517578125
light_8x16,L2-legacy,0.776,292.50030517578125
light_8x16,L2-legacy,0.777,292.50030517578125
light_8x16,L2-legacy,0.778,292.50030517578125
light_8x16,L2-legacy,0.779,292.50030517578125
light_8x16,L2-legacy,0.78,292.50030517578125
light_8x16,L2-legacy,0.781,292.50030517578125
light_8x16,L2-legacy,0.782,292.50030517578125
light_8x16,L2-legacy,0.783,292.50030517578125
light_8x16,L2-legacy,0.784,292.50030517578125
light_8x16,L2-legacy,0.785,292.50030517578125
light_8x16,L2-legacy,0.786,292.50030517578125
light_8x16,L2-legacy,0.787,292.50030517578125
light_8x16,L2-legacy,0.788,292.50030517578125
light_8x16,L2-legacy,0.789,292.50030517578125
light_8x16,L2-legacy,0.79,294.99969482421875
light_8x16,L2-legacy,0.791,294.99969482421875
light_8x16,L2-legacy,0.792,294.99969482421875
light_8x16,L2-legacy,0.793,294.99969482421875
light_8x16,L2-legacy,0.794,294.99969482421875
light_8x16,L2-legacy,0.795,294.99969482421875
light_8x16,L2-legacy,0.796,294.99969482421875
light_8x16,L2-legacy,0.797,294.99969482421875
light_8x16,L2-legacy,0.798,294.99969482421875
light_8x16,L2-legacy,0.799,294.99969482421875
light_8x16,L2-legacy,0.8,294.99969482421875
light_8x16,L2-legacy,0.801,294.99969482421875
light_8x16,L2-legacy,0.802,294.99969482421875
light_8x16,L2-legacy,0.803,294.99969482421875
light_8x16,L2-legacy,0.804,294.99969482421875
light_8x16,L2-legacy,0.805,294.99969482421875
light_8x16,L2-legacy,0.806,294.99969482421875
light_8x16,L2-legacy,0.807,294.99969482421875
light_8x16,L2-legacy,0.808,295.0
light_8x16,L2-legacy,0.809,295.0000305175781
light_8x16,L2-legacy,0.81,295.00006103515625
light_8x16,L2-legacy,0.811,295.00006103515625
light_8x16,L2-legacy,0.812,295.00006103515625
light_8x16,L2-legacy,0.813,295.00006103515625
light_8x16,L2-legacy,0.814,295.00006103515625
light_8x16,L2-legacy,0.815,295.0012512207031
light_8x16,L2-legacy,0.816,295.0012512207031
light_8x16,L2-legacy,0.817,295.0012512207031
light_8x16,L2-legacy,0.818,295.0012512207031
light_8x16,L2-legacy,0.819,297.4998779296875
light_8x16,L2-legacy,0.82,297.4998779296875
light_8x16,L2-legacy,0.821,297.4998779296875
light_8x16,L2-legacy,0.822,297.4998779296875
light_8x16,L2-legacy,0.823,297.4998779296875
light_8x16,L2-legacy,0.824,297.4998779296875
light_8x16,L2-legacy,0.825,297.4998779296875
light_8x16,L2-legacy,0.826,297.4998779296875
light_8x16,L2-legacy,0.827,297.4998779296875
light_8x16,L2-legacy,0.828,297.4999694824219
light_8x16,L2-legacy,0.829,297.5000305175781
light_8x16,L2-legacy,0.83,297.5000305175781
light_8x16,L2-legacy,0.831,297.5006103515625
light_8x16,L2-legacy,0.832,297.5006103515625
light_8x16,L2-legacy,0.833,297.5006103515625
light_8x16,L2-legacy,0.834,297.5006103515625
light_8x16,L2-legacy,0.835,297.5006103515625
light_8x16,L2-legacy,0.836,297.5006103515625
light_8x16,L2-legacy,0.837,297.5006103515625
light_8x16,L2-legacy,0.838,297.5006103515625
light_8x16,L2-legacy,0.839,297.5006103515625
light_8x16,L2-legacy,0.84,297.5006103515625
light_8x16,L2-legacy,0.841,297.5006103515625
light_8x16,L2-legacy,0.842,297.5006103515625
light_8x16,L2-legacy,0.843,300.0
light_8x16,L2-legacy,0.844,300.0
light_8x16,L2-legacy,0.845,300.0
light_8x16,L2-legacy,0.846,300.0
light_8x16,L2-legacy,0.847,300.0
light_8x16,L2-legacy,0.848,300.0
light_8x16,L2-legacy,0.849,300.0
light_8x16,L2-legacy,0.85,300.0
light_8x16,L2-legacy,0.851,300.0
light_8x16,L2-legacy,0.852,300.0
light_8x16,L2-legacy,0.853,300.0
light_8x16,L2-legacy,0.854,300.0
light_8x16,L2-legacy,0.855,300.0
light_8x16,L2-legacy,0.856,300.0
light_8x16,L2-legacy,0.857,300.0
light_8x16,L2-legacy,0.858,300.0
light_8x16,L2-legacy,0.859,300.0
light_8x16,L2-legacy,0.86,300.0
light_8x16,L2-legacy,0.861,300.0
light_8x16,L2-legacy,0.862,300.0
light_8x16,L2-legacy,0.863,300.0
light_8x16,L2-legacy,0.864,300.0
light_8x16,L2-legacy,0.865,302.4993896484375
light_8x16,L2-legacy,0.866,302.4993896484375
light_8x16,L2-legacy,0.867,302.4993896484375
light_8x16,L2-legacy,0.868,302.4993896484375
light_8x16,L2-legacy,0.869,302.4993896484375
light_8x16,L2-legacy,0.87,302.4993896484375
light_8x16,L2-legacy,0.871,302.4993896484375
light_8x16,L2-legacy,0.872,302.4993896484375
light_8x16,L2-legacy,0.873,302.4993896484375
light_8x16,L2-legacy,0.874,302.4999694824219
light_8x16,L2-legacy,0.875,302.5
light_8x16,L2-legacy,0.876,302.5001525878906
light_8x16,L2-legacy,0.877,302.5001525878906
light_8x16,L2-legacy,0.878,302.5001525878906
light_8x16,L2-legacy,0.879,302.5001525878906
light_8x16,L2-legacy,0.88,302.5001525878906
light_8x16,L2-legacy,0.881,302.5001525878906
light_8x16,L2-legacy,0.882,304.998779296875
light_8x16,L2-legacy,0.883,304.998779296875
light_8x16,L2-legacy,0.884,304.9999084472656
light_8x16,L2-legacy,0.885,304.9999084472656
light_8x16,L2-legacy,0.886,305.0
light_8x16,L2-legacy,0.887,305.0000305175781
light_8x16,L2-legacy,0.888,305.00030517578125
light_8x16,L2-legacy,0.889,305.00030517578125
light_8x16,L2-legacy,0.89,305.00030517578125
light_8x16,L2-legacy,0.891,305.00030517578125
light_8x16,L2-legacy,0.892,305.00030517578125
light_8x16,L2-legacy,0.893,305.00030517578125
light_8x16,L2-legacy,0.894,305.00030517578125
light_8x16,L2-legacy,0.895,305.00030517578125
light_8x16,L2-legacy,0.896,305.00030517578125
light_8x16,L2-legacy,0.897,307.49969482421875
light_8x16,L2-legacy,0.898,307.49969482421875
light_8x16,L2-legacy,0.899,307.49969482421875
light_8x16,L2-legacy,0.9,307.49969482421875
light_8x16,L2-legacy,0.901,307.49969482421875
light_8x16,L2-legacy,0.902,307.49969482421875
light_8x16,L2-legacy,0.903,307.49969482421875
light_8x16,L2-legacy,0.904,307.49969482421875
light_8x16,L2-legacy,0.905,307.5
light_8x16,L2-legacy,0.906,307.5
light_8x16,L2-legacy,0.907,307.5000915527344
light_8x16,L2-legacy,0.908,307.501220703125
light_8x16,L2-legacy,0.909,307.501220703125
light_8x16,L2-legacy,0.91,309.9998474121094
light_8x16,L2-legacy,0.911,309.9998474121094
light_8x16,L2-legacy,0.912,309.9998474121094
light_8x16,L2-legacy,0.913,310.0
light_8x16,L2-legacy,0.914,310.0000305175781
light_8x16,L2-legacy,0.915,310.0006408691406
light_8x16,L2-legacy,0.916,310.0006408691406
light_8x16,L2-legacy,0.917,310.0006408691406
light_8x16,L2-legacy,0.918,310.0006408691406
light_8x16,L2-legacy,0.919,310.0006408691406
light_8x16,L2-legacy,0.92,310.0006408691406
light_8x16,L2-legacy,0.921,310.0006408691406
light_8x16,L2-legacy,0.922,312.5
light_8x16,L2-legacy,0.923,312.5
light_8x16,L2-legacy,0.924,312.5
light_8x16,L2-legacy,0.925,312.5
light_8x16,L2-legacy,0.926,312.5
light_8x16,L2-legacy,0.927,312.5
light_8x16,L2-legacy,0.928,312.5
light_8x16,L2-legacy,0.929,312.5
light_8x16,L2-legacy,0.93,312.5
light_8x16,L2-legacy,0.931,314.9993896484375
light_8x16,L2-legacy,0.932,314.9993896484375
light_8x16,L2-legacy,0.933,314.9993896484375
light_8x16,L2-legacy,0.934,314.9993896484375
light_8x16,L2-legacy,0.935,315.0000305175781
light_8x16,L2-legacy,0.936,315.0000305175781
light_8x16,L2-legacy,0.937,315.0001525878906
light_8x16,L2-legacy,0.938,315.0001525878906
light_8x16,L2-legacy,0.939,317.498779296875
light_8x16,L2-legacy,0.94,317.49993896484375
light_8x16,L2-legacy,0.941,317.5000305175781
light_8x16,L2-legacy,0.942,317.5003356933594
light_8x16,L2-legacy,0.943,317.5003356933594
light_8x16,L2-legacy,0.944,317.5003356933594
light_8x16,L2-legacy,0.945,317.5003356933594
light_8x16,L2-legacy,0.946,319.99969482421875
light_8x16,L2-legacy,0.947,319.99969482421875
light_8x16,L2-legacy,0.948,319.99969482421875
light_8x16,L2-legacy,0.949,320.0
light_8x16,L2-legacy,0.95,320.0000305175781
light_8x16,L2-legacy,0.951,320.001220703125
light_8x16,L2-legacy,0.952,322.4998474121094
light_8x16,L2-legacy,0.953,322.4998474121094
light_8x16,L2-legacy,0.954,322.5
light_8x16,L2-legacy,0.955,322.5006103515625
light_8x16,L2-legacy,0.956,322.5006103515625
light_8x16,L2-legacy,0.957,322.5006103515625
light_8x16,L2-legacy,0.958,325.0000305175781
light_8x16,L2-legacy,0.959,325.0000305175781
light_8x16,L2-legacy,0.96,325.0000305175781
light_8x16,L2-legacy,0.961,325.0000305175781
light_8x16,L2-legacy,0.962,327.4993896484375
light_8x16,L2-legacy,0.963,327.4993896484375
light_8x16,L2-legacy,0.964,327.4999694824219
light_8x16,L2-legacy,0.965,327.5001525878906
light_8x16,L2-legacy,0.966,329.99993896484375
light_8x16,L2-legacy,0.967,330.0
light_8x16,L2-legacy,0.968,330.00030517578125
light_8x16,L2-legacy,0.969,330.00030517578125
light_8x16,L2-legacy,0.97,332.4997253417969
light_8x16,L2-legacy,0.971,332.4997253417969
light_8x16,L2-legacy,0.972,332.4997253417969
light_8x16,L2-legacy,0.973,332.50006103515625
light_8x16,L2-legacy,0.974,334.9998474121094
light_8x16,L2-legacy,0.975,335.0006103515625
light_8x16,L2-legacy,0.976,335.0006103515625
light_8x16,L2-legacy,0.977,337.5
light_8x16,L2-legacy,0.978,337.5
light_8x16,L2-legacy,0.979,337.5
light_8x16,L2-legacy,0.98,339.9994201660156
light_8x16,L2-legacy,0.981,340.0001525878906
light_8x16,L2-legacy,0.982,342.49993896484375
light_8x16,L2-legacy,0.983,342.50030517578125
light_8x16,L2-legacy,0.984,344.99969482421875
light_8x16,L2-legacy,0.985,345.0000915527344
light_8x16,L2-legacy,0.986,347.5006103515625
light_8x16,L2-legacy,0.987,347.5006103515625
light_8x16,L2-legacy,0.988,350.0
light_8x16,L2-legacy,0.989,352.4993896484375
light_8x16,L2-legacy,0.99,352.50018310546875
light_8x16,L2-legacy,0.991,357.49969482421875
light_8x16,L2-legacy,0.992,357.5012512207031
light_8x16,L2-legacy,0.993,360.0006103515625
light_8x16,L2-legacy,0.994,362.5
light_8x16,L2-legacy,0.995,367.50030517578125
light_8x16,L2-legacy,0.996,372.4998474121094
light_8x16,L2-legacy,0.997,377.4993896484375
light_8x16,L2-legacy,0.998,385.0006103515625
light_8x16,L2-legacy,0.999,400.0
light_8x16,L2-legacy,1.0,557.5
light_8x16,ns3,0.0,45.065433502197266
light_8x16,ns3,0.001,57.565433502197266
light_8x16,ns3,0.002,65.06543731689453
light_8x16,ns3,0.003,70.0654296875
light_8x16,ns3,0.004,80.06543731689453
light_8x16,ns3,0.005,102.5654296875
light_8x16,ns3,0.006,137.5654296875
light_8x16,ns3,0.007,155.0654296875
light_8x16,ns3,0.008,162.56544494628906
light_8x16,ns3,0.009,170.06544494628906
light_8x16,ns3,0.01,175.06544494628906
light_8x16,ns3,0.011,175.06597900390625
light_8x16,ns3,0.012,177.56544494628906
light_8x16,ns3,0.013,180.06544494628906
light_8x16,ns3,0.014,182.5654296875
light_8x16,ns3,0.015,182.5654296875
light_8x16,ns3,0.016,185.0654296875
light_8x16,ns3,0.017,185.0654296875
light_8x16,ns3,0.018,187.5654296875
light_8x16,ns3,0.019,187.5654296875
light_8x16,ns3,0.02,187.56597900390625
light_8x16,ns3,0.021,187.5672607421875
light_8x16,ns3,0.022,190.0654296875
light_8x16,ns3,0.023,190.0654296875
light_8x16,ns3,0.024,190.06597900390625
light_8x16,ns3,0.025,190.0665283203125
light_8x16,ns3,0.026,192.5654296875
light_8x16,ns3,0.027,192.5654296875
light_8x16,ns3,0.028,192.5654296875
light_8x16,ns3,0.029,192.5654296875
light_8x16,ns3,0.03,192.56597900390625
light_8x16,ns3,0.031,192.56654357910156
light_8x16,ns3,0.032,195.06544494628906
light_8x16,ns3,0.033,195.06544494628906
light_8x16,ns3,0.034,195.06544494628906
light_8x16,ns3,0.035,195.06544494628906
light_8x16,ns3,0.036,195.0659942626953
light_8x16,ns3,0.037,195.0659942626953
light_8x16,ns3,0.038,195.0670928955078
light_8x16,ns3,0.039,197.5654296875
light_8x16,ns3,0.04,197.5654296875
light_8x16,ns3,0.041,197.5654296875
light_8x16,ns3,0.042,197.5654296875
light_8x16,ns3,0.043,197.5654296875
light_8x16,ns3,0.044,197.5659942626953
light_8x16,ns3,0.045,197.5659942626953
light_8x16,ns3,0.046,197.56727600097656
light_8x16,ns3,0.047,200.06541442871094
light_8x16,ns3,0.048,200.06541442871094
light_8x16,ns3,0.049,200.06541442871094
light_8x16,ns3,0.05,200.06541442871094
light_8x16,ns3,0.051,200.06541442871094
light_8x16,ns3,0.052,200.06541442871094
light_8x16,ns3,0.053,200.0659942626953
light_8x16,ns3,0.054,200.0659942626953
light_8x16,ns3,0.055,200.0659942626953
light_8x16,ns3,0.056,200.06655883789062
light_8x16,ns3,0.057,200.0672607421875
light_8x16,ns3,0.058,202.5654296875
light_8x16,ns3,0.059,202.5654296875
light_8x16,ns3,0.06,202.5654296875
light_8x16,ns3,0.061,202.5654296875
light_8x16,ns3,0.062,202.5654296875
light_8x16,ns3,0.063,202.5654296875
light_8x16,ns3,0.064,202.5654296875
light_8x16,ns3,0.065,202.5654296875
light_8x16,ns3,0.066,202.56597900390625
light_8x16,ns3,0.067,202.56597900390625
light_8x16,ns3,0.068,202.56597900390625
light_8x16,ns3,0.069,202.5665283203125
light_8x16,ns3,0.07,202.5665283203125
light_8x16,ns3,0.071,202.5672607421875
light_8x16,ns3,0.072,205.06544494628906
light_8x16,ns3,0.073,205.06544494628906
light_8x16,ns3,0.074,205.06544494628906
light_8x16,ns3,0.075,205.06544494628906
light_8x16,ns3,0.076,205.06544494628906
light_8x16,ns3,0.077,205.06544494628906
light_8x16,ns3,0.078,205.06544494628906
light_8x16,ns3,0.079,205.06544494628906
light_8x16,ns3,0.08,205.06544494628906
light_8x16,ns3,0.081,205.06544494628906
light_8x16,ns3,0.082,205.0659942626953
light_8x16,ns3,0.083,205.0659942626953
light_8x16,ns3,0.084,205.0659942626953
light_8x16,ns3,0.085,205.0659942626953
light_8x16,ns3,0.086,205.0659942626953
light_8x16,ns3,0.087,205.06654357910156
light_8x16,ns3,0.088,205.06707763671875
light_8x16,ns3,0.089,205.0672607421875
light_8x16,ns3,0.09,207.5654296875
light_8x16,ns3,0.091,207.5654296875
light_8x16,ns3,0.092,207.5654296875
light_8x16,ns3,0.093,207.5654296875
light_8x16,ns3,0.094,207.5654296875
light_8x16,ns3,0.095,207.5654296875
light_8x16,ns3,0.096,207.5654296875
light_8x16,ns3,0.097,207.5654296875
light_8x16,ns3,0.098,207.5654296875
light_8x16,ns3,0.099,207.5654296875
light_8x16,ns3,0.1,207.5654296875
light_8x16,ns3,0.101,207.5654296875
light_8x16,ns3,0.102,207.5654296875
light_8x16,ns3,0.103,207.56597900390625
light_8x16,ns3,0.104,207.56597900390625
light_8x16,ns3,0.105,207.56597900390625
light_8x16,ns3,0.106,207.56597900390625
light_8x16,ns3,0.107,207.56597900390625
light_8x16,ns3,0.108,207.5665283203125
light_8x16,ns3,0.109,207.5665283203125
light_8x16,ns3,0.11,207.5665283203125
light_8x16,ns3,0.111,207.5672607421875
light_8x16,ns3,0.112,210.06544494628906
light_8x16,ns3,0.113,210.06544494628906
light_8x16,ns3,0.114,210.06544494628906
light_8x16,ns3,0.115,210.06544494628906
light_8x16,ns3,0.116,210.06544494628906
light_8x16,ns3,0.117,210.06544494628906
light_8x16,ns3,0.118,210.06544494628906
light_8x16,ns3,0.119,210.06544494628906
light_8x16,ns3,0.12,210.06544494628906
light_8x16,ns3,0.121,210.06544494628906
light_8x16,ns3,0.122,210.06544494628906
light_8x16,ns3,0.123,210.06544494628906
light_8x16,ns3,0.124,210.06544494628906
light_8x16,ns3,0.125,210.06544494628906
light_8x16,ns3,0.126,210.06544494628906
light_8x16,ns3,0.127,210.06544494628906
light_8x16,ns3,0.128,210.0659942626953
light_8x16,ns3,0.129,210.0659942626953
light_8x16,ns3,0.13,210.0659942626953
light_8x16,ns3,0.131,210.0659942626953
light_8x16,ns3,0.132,210.0659942626953
light_8x16,ns3,0.133,210.0659942626953
light_8x16,ns3,0.134,210.06654357910156
light_8x16,ns3,0.135,210.06654357910156
light_8x16,ns3,0.136,210.06654357910156
light_8x16,ns3,0.137,210.06707763671875
light_8x16,ns3,0.138,210.06727600097656
light_8x16,ns3,0.139,212.5654296875
light_8x16,ns3,0.14,212.5654296875
light_8x16,ns3,0.141,212.5654296875
light_8x16,ns3,0.142,212.5654296875
light_8x16,ns3,0.143,212.5654296875
light_8x16,ns3,0.144,212.5654296875
light_8x16,ns3,0.145,212.5654296875
light_8x16,ns3,0.146,212.5654296875
light_8x16,ns3,0.147,212.5654296875
light_8x16,ns3,0.148,212.5654296875
light_8x16,ns3,0.149,212.5654296875
light_8x16,ns3,0.15,212.5654296875
light_8x16,ns3,0.151,212.5654296875
light_8x16,ns3,0.152,212.5654296875
light_8x16,ns3,0.153,212.5654296875
light_8x16,ns3,0.154,212.5654296875
light_8x16,ns3,0.155,212.5654296875
light_8x16,ns3,0.156,212.5654296875
light_8x16,ns3,0.157,212.5654296875
light_8x16,ns3,0.158,212.56600952148438
light_8x16,ns3,0.159,212.56600952148438
light_8x16,ns3,0.16,212.56600952148438
light_8x16,ns3,0.161,212.56600952148438
light_8x16,ns3,0.162,212.56600952148438
light_8x16,ns3,0.163,212.56600952148438
light_8x16,ns3,0.164,212.56600952148438
light_8x16,ns3,0.165,212.56600952148438
light_8x16,ns3,0.166,212.56600952148438
light_8x16,ns3,0.167,212.56654357910156
light_8x16,ns3,0.168,212.56654357910156
light_8x16,ns3,0.169,212.56654357910156
light_8x16,ns3,0.17,212.5672607421875
light_8x16,ns3,0.171,215.0654296875
light_8x16,ns3,0.172,215.0654296875
light_8x16,ns3,0.173,215.0654296875
light_8x16,ns3,0.174,215.0654296875
light_8x16,ns3,0.175,215.0654296875
light_8x16,ns3,0.176,215.0654296875
light_8x16,ns3,0.177,215.0654296875
light_8x16,ns3,0.178,215.0654296875
light_8x16,ns3,0.179,215.0654296875
light_8x16,ns3,0.18,215.0654296875
light_8x16,ns3,0.181,215.0654296875
light_8x16,ns3,0.182,215.0654296875
light_8x16,ns3,0.183,215.0654296875
light_8x16,ns3,0.184,215.0654296875
light_8x16,ns3,0.185,215.0654296875
light_8x16,ns3,0.186,215.0654296875
light_8x16,ns3,0.187,215.0654296875
light_8x16,ns3,0.188,215.0654296875
light_8x16,ns3,0.189,215.0654296875
light_8x16,ns3,0.19,215.0654296875
light_8x16,ns3,0.191,215.06597900390625
light_8x16,ns3,0.192,215.06597900390625
light_8x16,ns3,0.193,215.06597900390625
light_8x16,ns3,0.194,215.06597900390625
light_8x16,ns3,0.195,215.06597900390625
light_8x16,ns3,0.196,215.06597900390625
light_8x16,ns3,0.197,215.06597900390625
light_8x16,ns3,0.198,215.06597900390625
light_8x16,ns3,0.199,215.06654357910156
light_8x16,ns3,0.2,215.06654357910156
light_8x16,ns3,0.201,215.06654357910156
light_8x16,ns3,0.202,215.06707763671875
light_8x16,ns3,0.203,215.06846618652344
light_8x16,ns3,0.204,217.56544494628906
light_8x16,ns3,0.205,217.56544494628906
light_8x16,ns3,0.206,217.56544494628906
light_8x16,ns3,0.207,217.56544494628906
light_8x16,ns3,0.208,217.56544494628906
light_8x16,ns3,0.209,217.56544494628906
light_8x16,ns3,0.21,217.56544494628906
light_8x16,ns3,0.211,217.56544494628906
light_8x16,ns3,0.212,217.56544494628906
light_8x16,ns3,0.213,217.56544494628906
light_8x16,ns3,0.214,217.56544494628906
light_8x16,ns3,0.215,217.56544494628906
light_8x16,ns3,0.216,217.56544494628906
light_8x16,ns3,0.217,217.56544494628906
light_8x16,ns3,0.218,217.56544494628906
light_8x16,ns3,0.219,217.56544494628906
light_8x16,ns3,0.22,217.56544494628906
light_8x16,ns3,0.221,217.56544494628906
light_8x16,ns3,0.222,217.56544494628906
light_8x16,ns3,0.223,217.5659942626953
light_8x16,ns3,0.224,217.5659942626953
light_8x16,ns3,0.225,217.5659942626953
light_8x16,ns3,0.226,217.5659942626953
light_8x16,ns3,0.227,217.5659942626953
light_8x16,ns3,0.228,217.5659942626953
light_8x16,ns3,0.229,217.5659942626953
light_8x16,ns3,0.23,217.5659942626953
light_8x16,ns3,0.231,217.5665283203125
light_8x16,ns3,0.232,217.5665283203125
light_8x16,ns3,0.233,217.5665283203125
light_8x16,ns3,0.234,217.5670928955078
light_8x16,ns3,0.235,220.0654296875
light_8x16,ns3,0.236,220.0654296875
light_8x16,ns3,0.237,220.0654296875
light_8x16,ns3,0.238,220.0654296875
light_8x16,ns3,0.239,220.0654296875
light_8x16,ns3,0.24,220.0654296875
light_8x16,ns3,0.241,220.0654296875
light_8x16,ns3,0.242,220.0654296875
light_8x16,ns3,0.243,220.0654296875
light_8x16,ns3,0.244,220.0654296875
light_8x16,ns3,0.245,220.0654296875
light_8x16,ns3,0.246,220.0654296875
light_8x16,ns3,0.247,220.0654296875
light_8x16,ns3,0.248,220.0654296875
light_8x16,ns3,0.249,220.0654296875
light_8x16,ns3,0.25,220.0654296875
light_8x16,ns3,0.251,220.0654296875
light_8x16,ns3,0.252,220.0654296875
light_8x16,ns3,0.253,220.0654296875
light_8x16,ns3,0.254,220.0654296875
light_8x16,ns3,0.255,220.0654296875
light_8x16,ns3,0.256,220.06597900390625
light_8x16,ns3,0.257,220.06597900390625
light_8x16,ns3,0.258,220.06597900390625
light_8x16,ns3,0.259,220.06597900390625
light_8x16,ns3,0.26,220.06597900390625
light_8x16,ns3,0.261,220.06597900390625
light_8x16,ns3,0.262,220.06597900390625
light_8x16,ns3,0.263,220.06597900390625
light_8x16,ns3,0.264,220.0665283203125
light_8x16,ns3,0.265,220.0665283203125
light_8x16,ns3,0.266,220.0670623779297
light_8x16,ns3,0.267,220.06781005859375
light_8x16,ns3,0.268,222.56544494628906
light_8x16,ns3,0.269,222.56544494628906
light_8x16,ns3,0.27,222.56544494628906
light_8x16,ns3,0.271,222.56544494628906
light_8x16,ns3,0.272,222.56544494628906
light_8x16,ns3,0.273,222.56544494628906
light_8x16,ns3,0.274,222.56544494628906
light_8x16,ns3,0.275,222.56544494628906
light_8x16,ns3,0.276,222.56544494628906
light_8x16,ns3,0.277,222.56544494628906
light_8x16,ns3,0.278,222.56544494628906
light_8x16,ns3,0.279,222.56544494628906
light_8x16,ns3,0.28,222.56544494628906
light_8x16,ns3,0.281,222.56544494628906
light_8x16,ns3,0.282,222.56544494628906
light_8x16,ns3,0.283,222.56544494628906
light_8x16,ns3,0.284,222.56544494628906
light_8x16,ns3,0.285,222.56544494628906
light_8x16,ns3,0.286,222.56544494628906
light_8x16,ns3,0.287,222.56544494628906
light_8x16,ns3,0.288,222.5659942626953
light_8x16,ns3,0.289,222.5659942626953
light_8x16,ns3,0.29,222.5659942626953
light_8x16,ns3,0.291,222.5659942626953
light_8x16,ns3,0.292,222.5659942626953
light_8x16,ns3,0.293,222.5659942626953
light_8x16,ns3,0.294,222.5659942626953
light_8x16,ns3,0.295,222.5665283203125
light_8x16,ns3,0.296,222.5665283203125
light_8x16,ns3,0.297,222.56707763671875
light_8x16,ns3,0.298,225.0654296875
light_8x16,ns3,0.299,225.0654296875
light_8x16,ns3,0.3,225.0654296875
light_8x16,ns3,0.301,225.0654296875
light_8x16,ns3,0.302,225.0654296875
light_8x16,ns3,0.303,225.0654296875
light_8x16,ns3,0.304,225.0654296875
light_8x16,ns3,0.305,225.0654296875
light_8x16,ns3,0.306,225.0654296875
light_8x16,ns3,0.307,225.0654296875
light_8x16,ns3,0.308,225.0654296875
light_8x16,ns3,0.309,225.0654296875
light_8x16,ns3,0.31,225.0654296875
light_8x16,ns3,0.311,225.0654296875
light_8x16,ns3,0.312,225.0654296875
light_8x16,ns3,0.313,225.0654296875
light_8x16,ns3,0.314,225.0654296875
light_8x16,ns3,0.315,225.0654296875
light_8x16,ns3,0.316,225.0659942626953
light_8x16,ns3,0.317,225.0659942626953
light_8x16,ns3,0.318,225.0659942626953
light_8x16,ns3,0.319,225.0659942626953
light_8x16,ns3,0.32,225.0659942626953
light_8x16,ns3,0.321,225.0659942626953
light_8x16,ns3,0.322,225.06654357910156
light_8x16,ns3,0.323,225.06654357910156
light_8x16,ns3,0.324,225.0670928955078
light_8x16,ns3,0.325,227.56544494628906
light_8x16,ns3,0.326,227.56544494628906
light_8x16,ns3,0.327,227.56544494628906
light_8x16,ns3,0.328,227.56544494628906
light_8x16,ns3,0.329,227.56544494628906
light_8x16,ns3,0.33,227.56544494628906
light_8x16,ns3,0.331,227.56544494628906
light_8x16,ns3,0.332,227.56544494628906
light_8x16,ns3,0.333,227.56544494628906
light_8x16,ns3,0.334,227.56544494628906
light_8x16,ns3,0.335,227.56544494628906
light_8x16,ns3,0.336,227.56544494628906
light_8x16,ns3,0.337,227.56544494628906
light_8x16,ns3,0.338,227.56544494628906
light_8x16,ns3,0.339,227.56544494628906
light_8x16,ns3,0.34,227.56544494628906
light_8x16,ns3,0.341,227.5659942626953
light_8x16,ns3,0.342,227.5659942626953
light_8x16,ns3,0.343,227.5659942626953
light_8x16,ns3,0.344,227.5659942626953
light_8x16,ns3,0.345,227.5659942626953
light_8x16,ns3,0.346,227.5665283203125
light_8x16,ns3,0.347,227.5665283203125
light_8x16,ns3,0.348,227.56727600097656
light_8x16,ns3,0.349,230.06544494628906
light_8x16,ns3,0.35,230.06544494628906
light_8x16,ns3,0.351,230.06544494628906
light_8x16,ns3,0.352,230.06544494628906
light_8x16,ns3,0.353,230.06544494628906
light_8x16,ns3,0.354,230.06544494628906
light_8x16,ns3,0.355,230.06544494628906
light_8x16,ns3,0.356,230.06544494628906
light_8x16,ns3,0.357,230.06544494628906
light_8x16,ns3,0.358,230.06544494628906
light_8x16,ns3,0.359,230.06544494628906
light_8x16,ns3,0.36,230.06544494628906
light_8x16,ns3,0.361,230.06544494628906
light_8x16,ns3,0.362,230.06544494628906
light_8x16,ns3,0.363,230.06544494628906
light_8x16,ns3,0.364,230.06544494628906
light_8x16,ns3,0.365,230.06597900390625
light_8x16,ns3,0.366,230.06597900390625
light_8x16,ns3,0.367,230.06597900390625
light_8x16,ns3,0.368,230.06597900390625
light_8x16,ns3,0.369,230.06654357910156
light_8x16,ns3,0.37,230.0672607421875
light_8x16,ns3,0.371,232.5654296875
light_8x16,ns3,0.372,232.5654296875
light_8x16,ns3,0.373,232.5654296875
light_8x16,ns3,0.374,232.5654296875
light_8x16,ns3,0.375,232.5654296875
light_8x16,ns3,0.376,232.5654296875
light_8x16,ns3,0.377,232.5654296875
light_8x16,ns3,0.378,232.5654296875
light_8x16,ns3,0.379,232.5654296875
light_8x16,ns3,0.38,232.5654296875
light_8x16,ns3,0.381,232.5654296875
light_8x16,ns3,0.382,232.5654296875
light_8x16,ns3,0.383,232.5654296875
light_8x16,ns3,0.384,232.5654296875
light_8x16,ns3,0.385,232.5654296875
light_8x16,ns3,0.386,232.56597900390625
light_8x16,ns3,0.387,232.56597900390625
light_8x16,ns3,0.388,232.56597900390625
light_8x16,ns3,0.389,232.56597900390625
light_8x16,ns3,0.39,232.56651306152344
light_8x16,ns3,0.391,235.06544494628906
light_8x16,ns3,0.392,235.06544494628906
light_8x16,ns3,0.393,235.06544494628906
light_8x16,ns3,0.394,235.06544494628906
light_8x16,ns3,0.395,235.06544494628906
light_8x16,ns3,0.396,235.06544494628906
light_8x16,ns3,0.397,235.06544494628906
light_8x16,ns3,0.398,235.06544494628906
light_8x16,ns3,0.399,235.06544494628906
light_8x16,ns3,0.4,235.06544494628906
light_8x16,ns3,0.401,235.06544494628906
light_8x16,ns3,0.402,235.06544494628906
light_8x16,ns3,0.403,235.06544494628906
light_8x16,ns3,0.404,235.06544494628906
light_8x16,ns3,0.405,235.06544494628906
light_8x16,ns3,0.406,235.06597900390625
light_8x16,ns3,0.407,235.06597900390625
light_8x16,ns3,0.408,235.06597900390625
light_8x16,ns3,0.409,235.06597900390625
light_8x16,ns3,0.41,235.06707763671875
light_8x16,ns3,0.411,237.5654296875
light_8x16,ns3,0.412,237.5654296875
light_8x16,ns3,0.413,237.5654296875
light_8x16,ns3,0.414,237.5654296875
light_8x16,ns3,0.415,237.5654296875
light_8x16,ns3,0.416,237.5654296875
light_8x16,ns3,0.417,237.5654296875
light_8x16,ns3,0.418,237.5654296875
light_8x16,ns3,0.419,237.5654296875
light_8x16,ns3,0.42,237.5654296875
light_8x16,ns3,0.421,237.5654296875
light_8x16,ns3,0.422,237.5654296875
light_8x16,ns3,0.423,237.5654296875
light_8x16,ns3,0.424,237.5659942626953
light_8x16,ns3,0.425,237.5659942626953
light_8x16,ns3,0.426,237.5659942626953
light_8x16,ns3,0.427,237.56654357910156
light_8x16,ns3,0.428,240.06544494628906
light_8x16,ns3,0.429,240.06544494628906
light_8x16,ns3,0.43,240.06544494628906
light_8x16,ns3,0.431,240.06544494628906
light_8x16,ns3,0.432,240.06544494628906
light_8x16,ns3,0.433,240.06544494628906
light_8x16,ns3,0.434,240.06544494628906
light_8x16,ns3,0.435,240.06544494628906
light_8x16,ns3,0.436,240.06544494628906
light_8x16,ns3,0.437,240.06544494628906
light_8x16,ns3,0.438,240.06544494628906
light_8x16,ns3,0.439,240.06544494628906
light_8x16,ns3,0.44,240.06544494628906
light_8x16,ns3,0.441,240.06544494628906
light_8x16,ns3,0.442,240.06597900390625
light_8x16,ns3,0.443,240.06597900390625
light_8x16,ns3,0.444,240.06597900390625
light_8x16,ns3,0.445,242.56544494628906
light_8x16,ns3,0.446,242.56544494628906
light_8x16,ns3,0.447,242.56544494628906
light_8x16,ns3,0.448,242.56544494628906
light_8x16,ns3,0.449,242.56544494628906
light_8x16,ns3,0.45,242.56544494628906
light_8x16,ns3,0.451,242.56544494628906
light_8x16,ns3,0.452,242.56544494628906
light_8x16,ns3,0.453,242.56544494628906
light_8x16,ns3,0.454,242.56544494628906
light_8x16,ns3,0.455,242.56544494628906
light_8x16,ns3,0.456,242.56544494628906
light_8x16,ns3,0.457,242.5659942626953
light_8x16,ns3,0.458,242.5659942626953
light_8x16,ns3,0.459,242.56654357910156
light_8x16,ns3,0.46,245.0654296875
light_8x16,ns3,0.461,245.0654296875
light_8x16,ns3,0.462,245.0654296875
light_8x16,ns3,0.463,245.0654296875
light_8x16,ns3,0.464,245.0654296875
light_8x16,ns3,0.465,245.0654296875
light_8x16,ns3,0.466,245.0654296875
light_8x16,ns3,0.467,245.0654296875
light_8x16,ns3,0.468,245.0654296875
light_8x16,ns3,0.469,245.0654296875
light_8x16,ns3,0.47,245.0654296875
light_8x16,ns3,0.471,245.06597900390625
light_8x16,ns3,0.472,245.06597900390625
light_8x16,ns3,0.473,245.0665283203125
light_8x16,ns3,0.474,247.5654296875
light_8x16,ns3,0.475,247.5654296875
light_8x16,ns3,0.476,247.5654296875
light_8x16,ns3,0.477,247.5654296875
light_8x16,ns3,0.478,247.5654296875
light_8x16,ns3,0.479,247.5654296875
light_8x16,ns3,0.48,247.5654296875
light_8x16,ns3,0.481,247.5654296875
light_8x16,ns3,0.482,247.5654296875
light_8x16,ns3,0.483,247.5654296875
light_8x16,ns3,0.484,247.5654296875
light_8x16,ns3,0.485,247.56597900390625
light_8x16,ns3,0.486,247.56597900390625
light_8x16,ns3,0.487,247.56727600097656
light_8x16,ns3,0.488,250.06541442871094
light_8x16,ns3,0.489,250.06541442871094
light_8x16,ns3,0.49,250.06541442871094
light_8x16,ns3,0.491,250.06541442871094
light_8x16,ns3,0.492,250.06541442871094
light_8x16,ns3,0.493,250.06541442871094
light_8x16,ns3,0.494,250.06541442871094
light_8x16,ns3,0.495,250.06541442871094
light_8x16,ns3,0.496,250.06541442871094
light_8x16,ns3,0.497,250.06541442871094
light_8x16,ns3,0.498,250.06600952148438
light_8x16,ns3,0.499,250.06600952148438
light_8x16,ns3,0.5,250.0672607421875
light_8x16,ns3,0.501,252.56544494628906
light_8x16,ns3,0.502,252.56544494628906
light_8x16,ns3,0.503,252.56544494628906
light_8x16,ns3,0.504,252.56544494628906
light_8x16,ns3,0.505,252.56544494628906
light_8x16,ns3,0.506,252.56544494628906
light_8x16,ns3,0.507,252.56544494628906
light_8x16,ns3,0.508,252.56544494628906
light_8x16,ns3,0.509,252.56544494628906
light_8x16,ns3,0.51,252.56544494628906
light_8x16,ns3,0.511,252.56597900390625
light_8x16,ns3,0.512,252.56597900390625
light_8x16,ns3,0.513,255.06544494628906
light_8x16,ns3,0.514,255.06544494628906
light_8x16,ns3,0.515,255.06544494628906
light_8x16,ns3,0.516,255.06544494628906
light_8x16,ns3,0.517,255.06544494628906
light_8x16,ns3,0.518,255.06544494628906
light_8x16,ns3,0.519,255.06544494628906
light_8x16,ns3,0.52,255.06544494628906
light_8x16,ns3,0.521,255.06544494628906
light_8x16,ns3,0.522,255.06544494628906
light_8x16,ns3,0.523,255.06600952148438
light_8x16,ns3,0.524,255.06600952148438
light_8x16,ns3,0.525,257.5654296875
light_8x16,ns3,0.526,257.5654296875
light_8x16,ns3,0.527,257.5654296875
light_8x16,ns3,0.528,257.5654296875
light_8x16,ns3,0.529,257.5654296875
light_8x16,ns3,0.53,257.5654296875
light_8x16,ns3,0.531,257.5654296875
light_8x16,ns3,0.532,257.5654296875
light_8x16,ns3,0.533,257.5654296875
light_8x16,ns3,0.534,257.56597900390625
light_8x16,ns3,0.535,260.0654296875
light_8x16,ns3,0.536,260.0654296875
light_8x16,ns3,0.537,260.0654296875
light_8x16,ns3,0.538,260.0654296875
light_8x16,ns3,0.539,260.0654296875
light_8x16,ns3,0.54,260.0654296875
light_8x16,ns3,0.541,260.0654296875
light_8x16,ns3,0.542,260.0654296875
light_8x16,ns3,0.543,260.0654296875
light_8x16,ns3,0.544,260.0654296875
light_8x16,ns3,0.545,260.0660095214844
light_8x16,ns3,0.546,262.5654296875
light_8x16,ns3,0.547,262.5654296875
light_8x16,ns3,0.548,262.5654296875
light_8x16,ns3,0.549,262.5654296875
light_8x16,ns3,0.55,262.5654296875
light_8x16,ns3,0.551,262.5654296875
light_8x16,ns3,0.552,262.5654296875
light_8x16,ns3,0.553,262.5654296875
light_8x16,ns3,0.554,262.5654296875
light_8x16,ns3,0.555,262.5660095214844
light_8x16,ns3,0.556,262.5672607421875
light_8x16,ns3,0.557,265.0654296875
light_8x16,ns3,0.558,265.0654296875
light_8x16,ns3,0.559,265.0654296875
light_8x16,ns3,0.56,265.0654296875
light_8x16,ns3,0.561,265.0654296875
light_8x16,ns3,0.562,265.0654296875
light_8x16,ns3,0.563,265.0654296875
light_8x16,ns3,0.564,265.0654296875
light_8x16,ns3,0.565,265.0660095214844
light_8x16,ns3,0.566,265.0672912597656
light_8x16,ns3,0.567,267.5654602050781
light_8x16,ns3,0.568,267.5654602050781
light_8x16,ns3,0.569,267.5654602050781
light_8x16,ns3,0.57,267.5654602050781
light_8x16,ns3,0.571,267.5654602050781
light_8x16,ns3,0.572,267.5654602050781
light_8x16,ns3,0.573,267.5654602050781
light_8x16,ns3,0.574,267.5654602050781
light_8x16,ns3,0.575,267.5660095214844
light_8x16,ns3,0.576,270.0654296875
light_8x16,ns3,0.577,270.0654296875
light_8x16,ns3,0.578,270.0654296875
light_8x16,ns3,0.579,270.0654296875
light_8x16,ns3,0.58,270.0654296875
light_8x16,ns3,0.581,270.0654296875
light_8x16,ns3,0.582,270.0654296875
light_8x16,ns3,0.583,270.0654296875
light_8x16,ns3,0.584,270.06597900390625
light_8x16,ns3,0.585,272.5654602050781
light_8x16,ns3,0.586,272.5654602050781
light_8x16,ns3,0.587,272.5654602050781
light_8x16,ns3,0.588,272.5654602050781
light_8x16,ns3,0.589,272.5654602050781
light_8x16,ns3,0.59,272.5654602050781
light_8x16,ns3,0.591,272.5654602050781
light_8x16,ns3,0.592,272.5654602050781
light_8x16,ns3,0.593,272.5654602050781
light_8x16,ns3,0.594,272.5672607421875
light_8x16,ns3,0.595,275.0654296875
light_8x16,ns3,0.596,275.0654296875
light_8x16,ns3,0.597,275.0654296875
light_8x16,ns3,0.598,275.0654296875
light_8x16,ns3,0.599,275.0654296875
light_8x16,ns3,0.6,275.0654296875
light_8x16,ns3,0.601,275.0654296875
light_8x16,ns3,0.602,275.0654296875
light_8x16,ns3,0.603,275.06597900390625
light_8x16,ns3,0.604,275.06597900390625
light_8x16,ns3,0.605,277.5654602050781
light_8x16,ns3,0.606,277.5654602050781
light_8x16,ns3,0.607,277.5654602050781
light_8x16,ns3,0.608,277.5654602050781
light_8x16,ns3,0.609,277.5654602050781
light_8x16,ns3,0.61,277.5654602050781
light_8x16,ns3,0.611,277.5654602050781
light_8x16,ns3,0.612,277.5654602050781
light_8x16,ns3,0.613,277.5654602050781
light_8x16,ns3,0.614,277.56597900390625
light_8x16,ns3,0.615,277.5665283203125
light_8x16,ns3,0.616,280.0654602050781
light_8x16,ns3,0.617,280.0654602050781
light_8x16,ns3,0.618,280.0654602050781
light_8x16,ns3,0.619,280.0654602050781
light_8x16,ns3,0.62,280.0654602050781
light_8x16,ns3,0.621,280.0654602050781
light_8x16,ns3,0.622,280.0654602050781
light_8x16,ns3,0.623,280.0654602050781
light_8x16,ns3,0.624,280.06597900390625
light_8x16,ns3,0.625,282.5654296875
light_8x16,ns3,0.626,282.5654296875
light_8x16,ns3,0.627,282.5654296875
light_8x16,ns3,0.628,282.5654296875
light_8x16,ns3,0.629,282.5654296875
light_8x16,ns3,0.63,282.5654296875
light_8x16,ns3,0.631,282.5654296875
light_8x16,ns3,0.632,282.5654296875
light_8x16,ns3,0.633,282.56597900390625
light_8x16,ns3,0.634,285.0654296875
light_8x16,ns3,0.635,285.0654296875
light_8x16,ns3,0.636,285.0654296875
light_8x16,ns3,0.637,285.0654296875
light_8x16,ns3,0.638,285.0654296875
light_8x16,ns3,0.639,285.0654296875
light_8x16,ns3,0.64,285.0654296875
light_8x16,ns3,0.641,285.0654296875
light_8x16,ns3,0.642,285.0654296875
light_8x16,ns3,0.643,285.06597900390625
light_8x16,ns3,0.644,287.5654296875
light_8x16,ns3,0.645,287.5654296875
light_8x16,ns3,0.646,287.5654296875
light_8x16,ns3,0.647,287.5654296875
light_8x16,ns3,0.648,287.5654296875
light_8x16,ns3,0.649,287.5654296875
light_8x16,ns3,0.65,287.5654296875
light_8x16,ns3,0.651,287.5654296875
light_8x16,ns3,0.652,287.5660095214844
light_8x16,ns3,0.653,290.0654296875
light_8x16,ns3,0.654,290.0654296875
light_8x16,ns3,0.655,290.0654296875
light_8x16,ns3,0.656,290.0654296875
light_8x16,ns3,0.657,290.0654296875
light_8x16,ns3,0.658,290.0654296875
light_8x16,ns3,0.659,290.0654296875
light_8x16,ns3,0.66,290.0654296875
light_8x16,ns3,0.661,290.06597900390625
light_8x16,ns3,0.662,292.5654296875
light_8x16,ns3,0.663,292.5654296875
light_8x16,ns3,0.664,292.5654296875
light_8x16,ns3,0.665,292.5654296875
light_8x16,ns3,0.666,292.5654296875
light_8x16,ns3,0.667,292.5654296875
light_8x16,ns3,0.668,292.5654296875
light_8x16,ns3,0.669,292.5654296875
light_8x16,ns3,0.67,292.5660095214844
light_8x16,ns3,0.671,295.0654296875
light_8x16,ns3,0.672,295.0654296875
light_8x16,ns3,0.673,295.0654296875
light_8x16,ns3,0.674,295.0654296875
light_8x16,ns3,0.675,295.0654296875
light_8x16,ns3,0.676,295.0654296875
light_8x16,ns3,0.677,295.0654296875
light_8x16,ns3,0.678,295.0654296875
light_8x16,ns3,0.679,295.06597900390625
light_8x16,ns3,0.68,297.5654296875
light_8x16,ns3,0.681,297.5654296875
light_8x16,ns3,0.682,297.5654296875
light_8x16,ns3,0.683,297.5654296875
light_8x16,ns3,0.684,297.5654296875
light_8x16,ns3,0.685,297.5654296875
light_8x16,ns3,0.686,297.5654296875
light_8x16,ns3,0.687,297.5654296875
light_8x16,ns3,0.688,297.5660095214844
light_8x16,ns3,0.689,300.0654296875
light_8x16,ns3,0.69,300.0654296875
light_8x16,ns3,0.691,300.0654296875
light_8x16,ns3,0.692,300.0654296875
light_8x16,ns3,0.693,300.0654296875
light_8x16,ns3,0.694,300.0654296875
light_8x16,ns3,0.695,300.0654296875
light_8x16,ns3,0.696,300.0654296875
light_8x16,ns3,0.697,300.06597900390625
light_8x16,ns3,0.698,302.5654296875
light_8x16,ns3,0.699,302.5654296875
light_8x16,ns3,0.7,302.5654296875
light_8x16,ns3,0.701,302.5654296875
light_8x16,ns3,0.702,302.5654296875
light_8x16,ns3,0.703,302.5654296875
light_8x16,ns3,0.704,302.5654296875
light_8x16,ns3,0.705,302.5654296875
light_8x16,ns3,0.706,305.0654602050781
light_8x16,ns3,0.707,305.0654602050781
light_8x16,ns3,0.708,305.0654602050781
light_8x16,ns3,0.709,305.0654602050781
light_8x16,ns3,0.71,305.0654602050781
light_8x16,ns3,0.711,305.0654602050781
light_8x16,ns3,0.712,305.0654602050781
light_8x16,ns3,0.713,305.0654602050781
light_8x16,ns3,0.714,305.06597900390625
light_8x16,ns3,0.715,307.5654296875
light_8x16,ns3,0.716,307.5654296875
light_8x16,ns3,0.717,307.5654296875
light_8x16,ns3,0.718,307.5654296875
light_8x16,ns3,0.719,307.5654296875
light_8x16,ns3,0.72,307.5654296875
light_8x16,ns3,0.721,307.5654296875
light_8x16,ns3,0.722,307.5654296875
light_8x16,ns3,0.723,310.0654602050781
light_8x16,ns3,0.724,310.0654602050781
light_8x16,ns3,0.725,310.0654602050781
light_8x16,ns3,0.726,310.0654602050781
light_8x16,ns3,0.727,310.0654602050781
light_8x16,ns3,0.728,310.0654602050781
light_8x16,ns3,0.729,310.0654602050781
light_8x16,ns3,0.73,310.0654602050781
light_8x16,ns3,0.731,310.06597900390625
light_8x16,ns3,0.732,312.5654296875
light_8x16,ns3,0.733,312.5654296875
light_8x16,ns3,0.734,312.5654296875
light_8x16,ns3,0.735,312.5654296875
light_8x16,ns3,0.736,312.5654296875
light_8x16,ns3,0.737,312.5654296875
light_8x16,ns3,0.738,312.5654296875
light_8x16,ns3,0.739,312.5654296875
light_8x16,ns3,0.74,312.5654296875
light_8x16,ns3,0.741,315.0654296875
light_8x16,ns3,0.742,315.0654296875
light_8x16,ns3,0.743,315.0654296875
light_8x16,ns3,0.744,315.0654296875
light_8x16,ns3,0.745,315.0654296875
light_8x16,ns3,0.746,315.0654296875
light_8x16,ns3,0.747,315.0654296875
light_8x16,ns3,0.748,315.06597900390625
light_8x16,ns3,0.749,317.5654296875
light_8x16,ns3,0.75,317.5654296875
light_8x16,ns3,0.751,317.5654296875
light_8x16,ns3,0.752,317.5654296875
light_8x16,ns3,0.753,317.5654296875
light_8x16,ns3,0.754,317.5654296875
light_8x16,ns3,0.755,317.5654296875
light_8x16,ns3,0.756,317.5654296875
light_8x16,ns3,0.757,317.5660095214844
light_8x16,ns3,0.758,320.0654296875
light_8x16,ns3,0.759,320.0654296875
light_8x16,ns3,0.76,320.0654296875
light_8x16,ns3,0.761,320.0654296875
light_8x16,ns3,0.762,320.0654296875
light_8x16,ns3,0.763,320.0654296875
light_8x16,ns3,0.764,320.0654296875
light_8x16,ns3,0.765,320.06597900390625
light_8x16,ns3,0.766,322.5654296875
light_8x16,ns3,0.767,322.5654296875
light_8x16,ns3,0.768,322.5654296875
light_8x16,ns3,0.769,322.5654296875
light_8x16,ns3,0.77,322.5654296875
light_8x16,ns3,0.771,322.5654296875
light_8x16,ns3,0.772,322.5660095214844
light_8x16,ns3,0.773,325.0654296875
light_8x16,ns3,0.774,325.0654296875
light_8x16,ns3,0.775,325.0654296875
light_8x16,ns3,0.776,325.0654296875
light_8x16,ns3,0.777,325.0654296875
light_8x16,ns3,0.778,325.0654296875
light_8x16,ns3,0.779,325.0654296875
light_8x16,ns3,0.78,327.5654296875
light_8x16,ns3,0.781,327.5654296875
light_8x16,ns3,0.782,327.5654296875
light_8x16,ns3,0.783,327.5654296875
light_8x16,ns3,0.784,327.5654296875
light_8x16,ns3,0.785,327.5654296875
light_8x16,ns3,0.786,327.5654296875
light_8x16,ns3,0.787,327.5654296875
light_8x16,ns3,0.788,327.5660095214844
light_8x16,ns3,0.789,330.0654602050781
light_8x16,ns3,0.79,330.0654602050781
light_8x16,ns3,0.791,330.0654602050781
light_8x16,ns3,0.792,330.0654602050781
light_8x16,ns3,0.793,330.0654602050781
light_8x16,ns3,0.794,330.0654602050781
light_8x16,ns3,0.795,330.0654602050781
light_8x16,ns3,0.796,332.5654296875
light_8x16,ns3,0.797,332.5654296875
light_8x16,ns3,0.798,332.5654296875
light_8x16,ns3,0.799,332.5654296875
light_8x16,ns3,0.8,332.5654296875
light_8x16,ns3,0.801,332.5654296875
light_8x16,ns3,0.802,332.5654296875
light_8x16,ns3,0.803,332.56597900390625
light_8x16,ns3,0.804,335.0654602050781
light_8x16,ns3,0.805,335.0654602050781
light_8x16,ns3,0.806,335.0654602050781
light_8x16,ns3,0.807,335.0654602050781
light_8x16,ns3,0.808,335.0654602050781
light_8x16,ns3,0.809,335.0654602050781
light_8x16,ns3,0.81,335.0654602050781
light_8x16,ns3,0.811,335.06597900390625
light_8x16,ns3,0.812,337.5654296875
light_8x16,ns3,0.813,337.5654296875
light_8x16,ns3,0.814,337.5654296875
light_8x16,ns3,0.815,337.5654296875
light_8x16,ns3,0.816,337.5654296875
light_8x16,ns3,0.817,337.5654296875
light_8x16,ns3,0.818,337.5654296875
light_8x16,ns3,0.819,337.5654296875
light_8x16,ns3,0.82,337.5665588378906
light_8x16,ns3,0.821,340.0654602050781
light_8x16,ns3,0.822,340.0654602050781
light_8x16,ns3,0.823,340.0654602050781
light_8x16,ns3,0.824,340.0654602050781
light_8x16,ns3,0.825,340.0654602050781
light_8x16,ns3,0.826,340.0654602050781
light_8x16,ns3,0.827,340.06597900390625
light_8x16,ns3,0.828,342.5654602050781
light_8x16,ns3,0.829,342.5654602050781
light_8x16,ns3,0.83,342.5654602050781
light_8x16,ns3,0.831,342.5654602050781
light_8x16,ns3,0.832,342.5654602050781
light_8x16,ns3,0.833,342.5654602050781
light_8x16,ns3,0.834,342.56597900390625
light_8x16,ns3,0.835,345.0654296875
light_8x16,ns3,0.836,345.0654296875
light_8x16,ns3,0.837,345.0654296875
light_8x16,ns3,0.838,345.0654296875
light_8x16,ns3,0.839,345.0654296875
light_8x16,ns3,0.84,345.0654296875
light_8x16,ns3,0.841,345.06597900390625
light_8x16,ns3,0.842,347.5654296875
light_8x16,ns3,0.843,347.5654296875
light_8x16,ns3,0.844,347.5654296875
light_8x16,ns3,0.845,347.5654296875
light_8x16,ns3,0.846,347.5654296875
light_8x16,ns3,0.847,347.56597900390625
light_8x16,ns3,0.848,350.0654296875
light_8x16,ns3,0.849,350.0654296875
light_8x16,ns3,0.85,350.0654296875
light_8x16,ns3,0.851,350.0654296875
light_8x16,ns3,0.852,350.0654296875
light_8x16,ns3,0.853,352.5654296875
light_8x16,ns3,0.854,352.5654296875
light_8x16,ns3,0.855,352.5654296875
light_8x16,ns3,0.856,352.5654296875
light_8x16,ns3,0.857,352.5654296875
light_8x16,ns3,0.858,352.5654296875
light_8x16,ns3,0.859,352.56597900390625
light_8x16,ns3,0.86,355.0654296875
light_8x16,ns3,0.861,355.0654296875
light_8x16,ns3,0.862,355.0654296875
light_8x16,ns3,0.863,355.0654296875
light_8x16,ns3,0.864,355.0654296875
light_8x16,ns3,0.865,355.0672607421875
light_8x16,ns3,0.866,357.5654296875
light_8x16,ns3,0.867,357.5654296875
light_8x16,ns3,0.868,357.5654296875
light_8x16,ns3,0.869,357.5654296875
light_8x16,ns3,0.87,357.56597900390625
light_8x16,ns3,0.871,360.0654296875
light_8x16,ns3,0.872,360.0654296875
light_8x16,ns3,0.873,360.0654296875
light_8x16,ns3,0.874,360.0654296875
light_8x16,ns3,0.875,360.0654296875
light_8x16,ns3,0.876,362.5654296875
light_8x16,ns3,0.877,362.5654296875
light_8x16,ns3,0.878,362.5654296875
light_8x16,ns3,0.879,362.5654296875
light_8x16,ns3,0.88,362.5654296875
light_8x16,ns3,0.881,362.5654296875
light_8x16,ns3,0.882,365.0654296875
light_8x16,ns3,0.883,365.0654296875
light_8x16,ns3,0.884,365.0654296875
light_8x16,ns3,0.885,365.0654296875
light_8x16,ns3,0.886,365.0654296875
light_8x16,ns3,0.887,367.5654602050781
light_8x16,ns3,0.888,367.5654602050781
light_8x16,ns3,0.889,367.5654602050781
light_8x16,ns3,0.89,367.5654602050781
light_8x16,ns3,0.891,367.5654602050781
light_8x16,ns3,0.892,370.0654296875
light_8x16,ns3,0.893,370.0654296875
light_8x16,ns3,0.894,370.0654296875
light_8x16,ns3,0.895,370.0654296875
light_8x16,ns3,0.896,370.0654296875
light_8x16,ns3,0.897,372.5654602050781
light_8x16,ns3,0.898,372.5654602050781
light_8x16,ns3,0.899,372.5654602050781
light_8x16,ns3,0.9,372.5654602050781
light_8x16,ns3,0.901,372.5654602050781
light_8x16,ns3,0.902,372.5654602050781
light_8x16,ns3,0.903,375.0654296875
light_8x16,ns3,0.904,375.0654296875
light_8x16,ns3,0.905,375.0654296875
light_8x16,ns3,0.906,375.0654296875
light_8x16,ns3,0.907,377.5654296875
light_8x16,ns3,0.908,377.5654296875
light_8x16,ns3,0.909,377.5654296875
light_8x16,ns3,0.91,377.5654296875
light_8x16,ns3,0.911,377.5654296875
light_8x16,ns3,0.912,380.0654296875
light_8x16,ns3,0.913,380.0654296875
light_8x16,ns3,0.914,380.0654296875
light_8x16,ns3,0.915,380.0654296875
light_8x16,ns3,0.916,382.5654296875
light_8x16,ns3,0.917,382.5654296875
light_8x16,ns3,0.918,382.5654296875
light_8x16,ns3,0.919,382.5654296875
light_8x16,ns3,0.92,382.56597900390625
light_8x16,ns3,0.921,385.0654296875
light_8x16,ns3,0.922,385.0654296875
light_8x16,ns3,0.923,385.0654296875
light_8x16,ns3,0.924,385.0654296875
light_8x16,ns3,0.925,387.5654296875
light_8x16,ns3,0.926,387.5654296875
light_8x16,ns3,0.927,387.5654296875
light_8x16,ns3,0.928,387.5654296875
light_8x16,ns3,0.929,387.5660095214844
light_8x16,ns3,0.93,390.0654296875
light_8x16,ns3,0.931,390.0654296875
light_8x16,ns3,0.932,390.0654296875
light_8x16,ns3,0.933,390.0654296875
light_8x16,ns3,0.934,392.5654602050781
light_8x16,ns3,0.935,392.5654602050781
light_8x16,ns3,0.936,392.5654602050781
light_8x16,ns3,0.937,392.5654602050781
light_8x16,ns3,0.938,395.0654296875
light_8x16,ns3,0.939,395.0654296875
light_8x16,ns3,0.94,395.0654296875
light_8x16,ns3,0.941,397.5654602050781
light_8x16,ns3,0.942,397.5654602050781
light_8x16,ns3,0.943,397.5654602050781
light_8x16,ns3,0.944,397.56597900390625
light_8x16,ns3,0.945,400.0654296875
light_8x16,ns3,0.946,400.0654296875
light_8x16,ns3,0.947,400.0654296875
light_8x16,ns3,0.948,402.5654602050781
light_8x16,ns3,0.949,402.5654602050781
light_8x16,ns3,0.95,402.5654602050781
light_8x16,ns3,0.951,405.0654602050781
light_8x16,ns3,0.952,405.0654602050781
light_8x16,ns3,0.953,405.0654602050781
light_8x16,ns3,0.954,407.5654296875
light_8x16,ns3,0.955,407.5654296875
light_8x16,ns3,0.956,407.56597900390625
light_8x16,ns3,0.957,410.0653991699219
light_8x16,ns3,0.958,410.0653991699219
light_8x16,ns3,0.959,412.5654296875
light_8x16,ns3,0.96,412.5654296875
light_8x16,ns3,0.961,412.5654296875
light_8x16,ns3,0.962,415.0654296875
light_8x16,ns3,0.963,415.0654296875
light_8x16,ns3,0.964,415.0654296875
light_8x16,ns3,0.965,417.5654296875
light_8x16,ns3,0.966,417.56597900390625
light_8x16,ns3,0.967,420.0654602050781
light_8x16,ns3,0.968,422.5654296875
light_8x16,ns3,0.969,422.5654296875
light_8x16,ns3,0.97,425.0654296875
light_8x16,ns3,0.971,425.0654296875
light_8x16,ns3,0.972,427.5654296875
light_8x16,ns3,0.973,430.0654602050781
light_8x16,ns3,0.974,430.0654602050781
light_8x16,ns3,0.975,432.5654602050781
light_8x16,ns3,0.976,432.5654602050781
light_8x16,ns3,0.977,435.0654296875
light_8x16,ns3,0.978,435.0654296875
light_8x16,ns3,0.979,437.5654296875
light_8x16,ns3,0.98,440.0654296875
light_8x16,ns3,0.981,440.0654296875
light_8x16,ns3,0.982,442.5654296875
light_8x16,ns3,0.983,445.0654602050781
light_8x16,ns3,0.984,447.5653991699219
light_8x16,ns3,0.985,447.5653991699219
light_8x16,ns3,0.986,450.0654296875
light_8x16,ns3,0.987,452.5654296875
light_8x16,ns3,0.988,455.0654602050781
light_8x16,ns3,0.989,457.5654602050781
light_8x16,ns3,0.99,460.0654296875
light_8x16,ns3,0.991,465.0654602050781
light_8x16,ns3,0.992,467.5654602050781
light_8x16,ns3,0.993,472.5653991699219
light_8x16,ns3,0.994,477.5654296875
light_8x16,ns3,0.995,480.0654296875
light_8x16,ns3,0.996,490.0654296875
light_8x16,ns3,0.997,500.0654602050781
light_8x16,ns3,0.998,507.5654296875
light_8x16,ns3,0.999,517.5654296875
light_8x16,ns3,1.0,975.0654296875
i02_8x16,L0,0.0,89.24102783203125
i02_8x16,L0,0.001,112.68730163574219
i02_8x16,L0,0.002,119.8974609375
i02_8x16,L0,0.003,124.17373657226562
i02_8x16,L0,0.004,128.04107666015625
i02_8x16,L0,0.005,130.39361572265625
i02_8x16,L0,0.006,132.4936065673828
i02_8x16,L0,0.007,133.98133850097656
i02_8x16,L0,0.008,135.76126098632812
i02_8x16,L0,0.009,137.8021240234375
i02_8x16,L0,0.01,139.2223358154297
i02_8x16,L0,0.011,140.84779357910156
i02_8x16,L0,0.012,142.23556518554688
i02_8x16,L0,0.013,143.50128173828125
i02_8x16,L0,0.014,144.48165893554688
i02_8x16,L0,0.015,145.62225341796875
i02_8x16,L0,0.016,146.63238525390625
i02_8x16,L0,0.017,147.5250244140625
i02_8x16,L0,0.018,148.34442138671875
i02_8x16,L0,0.019,149.127197265625
i02_8x16,L0,0.02,149.8687744140625
i02_8x16,L0,0.021,150.6195068359375
i02_8x16,L0,0.022,151.458740234375
i02_8x16,L0,0.023,152.23085021972656
i02_8x16,L0,0.024,153.0166778564453
i02_8x16,L0,0.025,153.59878540039062
i02_8x16,L0,0.026,154.2724609375
i02_8x16,L0,0.027,154.86489868164062
i02_8x16,L0,0.028,155.40467834472656
i02_8x16,L0,0.029,155.98297119140625
i02_8x16,L0,0.03,156.6070556640625
i02_8x16,L0,0.031,157.31048583984375
i02_8x16,L0,0.032,157.8399658203125
i02_8x16,L0,0.033,158.453369140625
i02_8x16,L0,0.034,159.0301513671875
i02_8x16,L0,0.035,159.6343994140625
i02_8x16,L0,0.036,160.15167236328125
i02_8x16,L0,0.037,160.6475830078125
i02_8x16,L0,0.038,161.175537109375
i02_8x16,L0,0.039,161.73629760742188
i02_8x16,L0,0.04,162.28671264648438
i02_8x16,L0,0.041,162.82577514648438
i02_8x16,L0,0.042,163.3819580078125
i02_8x16,L0,0.043,163.9446258544922
i02_8x16,L0,0.044,164.3585205078125
i02_8x16,L0,0.045,164.83230590820312
i02_8x16,L0,0.046,165.27777099609375
i02_8x16,L0,0.047,165.73487854003906
i02_8x16,L0,0.048,166.24661254882812
i02_8x16,L0,0.049,166.7224884033203
i02_8x16,L0,0.05,167.17529296875
i02_8x16,L0,0.051,167.5888214111328
i02_8x16,L0,0.052,167.98248291015625
i02_8x16,L0,0.053,168.3685302734375
i02_8x16,L0,0.054,168.7179718017578
i02_8x16,L0,0.055,169.13568115234375
i02_8x16,L0,0.056,169.48928833007812
i02_8x16,L0,0.057,169.94171142578125
i02_8x16,L0,0.058,170.29725646972656
i02_8x16,L0,0.059,170.67872619628906
i02_8x16,L0,0.06,171.0540771484375
i02_8x16,L0,0.061,171.37451171875
i02_8x16,L0,0.062,171.7559814453125
i02_8x16,L0,0.063,172.07183837890625
i02_8x16,L0,0.064,172.35870361328125
i02_8x16,L0,0.065,172.71728515625
i02_8x16,L0,0.066,173.12545776367188
i02_8x16,L0,0.067,173.48175048828125
i02_8x16,L0,0.068,173.8311767578125
i02_8x16,L0,0.069,174.1973876953125
i02_8x16,L0,0.07,174.51133728027344
i02_8x16,L0,0.071,174.85122680664062
i02_8x16,L0,0.072,175.177001953125
i02_8x16,L0,0.073,175.45870971679688
i02_8x16,L0,0.074,175.85830688476562
i02_8x16,L0,0.075,176.17034912109375
i02_8x16,L0,0.076,176.50299072265625
i02_8x16,L0,0.077,176.82801818847656
i02_8x16,L0,0.078,177.171142578125
i02_8x16,L0,0.079,177.50473022460938
i02_8x16,L0,0.08,177.886962890625
i02_8x16,L0,0.081,178.25662231445312
i02_8x16,L0,0.082,178.5446319580078
i02_8x16,L0,0.083,178.802490234375
i02_8x16,L0,0.084,179.08401489257812
i02_8x16,L0,0.085,179.39453125
i02_8x16,L0,0.086,179.78515625
i02_8x16,L0,0.087,180.0994873046875
i02_8x16,L0,0.088,180.45654296875
i02_8x16,L0,0.089,180.81207275390625
i02_8x16,L0,0.09,181.1214599609375
i02_8x16,L0,0.091,181.49720764160156
i02_8x16,L0,0.092,181.84356689453125
i02_8x16,L0,0.093,182.14263916015625
i02_8x16,L0,0.094,182.43408203125
i02_8x16,L0,0.095,182.68966674804688
i02_8x16,L0,0.096,183.056640625
i02_8x16,L0,0.097,183.355712890625
i02_8x16,L0,0.098,183.65936279296875
i02_8x16,L0,0.099,183.9141845703125
i02_8x16,L0,0.1,184.271240234375
i02_8x16,L0,0.101,184.50318908691406
i02_8x16,L0,0.102,184.85107421875
i02_8x16,L0,0.103,185.12879943847656
i02_8x16,L0,0.104,185.4419708251953
i02_8x16,L0,0.105,185.73379516601562
i02_8x16,L0,0.106,186.02752685546875
i02_8x16,L0,0.107,186.2804412841797
i02_8x16,L0,0.108,186.48414611816406
i02_8x16,L0,0.109,186.70045471191406
i02_8x16,L0,0.11,186.8743896484375
i02_8x16,L0,0.111,187.14486694335938
i02_8x16,L0,0.112,187.36572265625
i02_8x16,L0,0.113,187.6693878173828
i02_8x16,L0,0.114,187.9119873046875
i02_8x16,L0,0.115,188.1881866455078
i02_8x16,L0,0.116,188.48419189453125
i02_8x16,L0,0.117,188.72833251953125
i02_8x16,L0,0.118,188.99888610839844
i02_8x16,L0,0.119,189.28985595703125
i02_8x16,L0,0.12,189.55230712890625
i02_8x16,L0,0.121,189.8053741455078
i02_8x16,L0,0.122,190.0604248046875
i02_8x16,L0,0.123,190.2801513671875
i02_8x16,L0,0.124,190.521240234375
i02_8x16,L0,0.125,190.76004028320312
i02_8x16,L0,0.126,190.99273681640625
i02_8x16,L0,0.127,191.241455078125
i02_8x16,L0,0.128,191.5008544921875
i02_8x16,L0,0.129,191.7694091796875
i02_8x16,L0,0.13,191.986083984375
i02_8x16,L0,0.131,192.20887756347656
i02_8x16,L0,0.132,192.49940490722656
i02_8x16,L0,0.133,192.7505645751953
i02_8x16,L0,0.134,192.98095703125
i02_8x16,L0,0.135,193.2018280029297
i02_8x16,L0,0.136,193.4661865234375
i02_8x16,L0,0.137,193.74465942382812
i02_8x16,L0,0.138,193.9361572265625
i02_8x16,L0,0.139,194.20166015625
i02_8x16,L0,0.14,194.439697265625
i02_8x16,L0,0.141,194.68994140625
i02_8x16,L0,0.142,194.9220733642578
i02_8x16,L0,0.143,195.13931274414062
i02_8x16,L0,0.144,195.33424377441406
i02_8x16,L0,0.145,195.5902099609375
i02_8x16,L0,0.146,195.770263671875
i02_8x16,L0,0.147,195.9442138671875
i02_8x16,L0,0.148,196.1681365966797
i02_8x16,L0,0.149,196.40045166015625
i02_8x16,L0,0.15,196.58775329589844
i02_8x16,L0,0.151,196.80023193359375
i02_8x16,L0,0.152,197.039794921875
i02_8x16,L0,0.153,197.22520446777344
i02_8x16,L0,0.154,197.4090576171875
i02_8x16,L0,0.155,197.64100646972656
i02_8x16,L0,0.156,197.8179931640625
i02_8x16,L0,0.157,198.03543090820312
i02_8x16,L0,0.158,198.24676513671875
i02_8x16,L0,0.159,198.45504760742188
i02_8x16,L0,0.16,198.69232177734375
i02_8x16,L0,0.161,198.9456329345703
i02_8x16,L0,0.162,199.19662475585938
i02_8x16,L0,0.163,199.4293212890625
i02_8x16,L0,0.164,199.63531494140625
i02_8x16,L0,0.165,199.8565673828125
i02_8x16,L0,0.166,200.11865234375
i02_8x16,L0,0.167,200.38604736328125
i02_8x16,L0,0.168,200.58595275878906
i02_8x16,L0,0.169,200.77133178710938
i02_8x16,L0,0.17,201.0345458984375
i02_8x16,L0,0.171,201.21002197265625
i02_8x16,L0,0.172,201.44271850585938
i02_8x16,L0,0.173,201.69984436035156
i02_8x16,L0,0.174,201.9058380126953
i02_8x16,L0,0.175,202.07061767578125
i02_8x16,L0,0.176,202.2552490234375
i02_8x16,L0,0.177,202.4639129638672
i02_8x16,L0,0.178,202.6687774658203
i02_8x16,L0,0.179,202.83203125
i02_8x16,L0,0.18,202.978515625
i02_8x16,L0,0.181,203.18832397460938
i02_8x16,L0,0.182,203.4576416015625
i02_8x16,L0,0.183,203.64990234375
i02_8x16,L0,0.184,203.857421875
i02_8x16,L0,0.185,204.083251953125
i02_8x16,L0,0.186,204.28466796875
i02_8x16,L0,0.187,204.4994354248047
i02_8x16,L0,0.188,204.68597412109375
i02_8x16,L0,0.189,204.93316650390625
i02_8x16,L0,0.19,205.126953125
i02_8x16,L0,0.191,205.31463623046875
i02_8x16,L0,0.192,205.5267333984375
i02_8x16,L0,0.193,205.69764709472656
i02_8x16,L0,0.194,205.86318969726562
i02_8x16,L0,0.195,206.0714874267578
i02_8x16,L0,0.196,206.27366638183594
i02_8x16,L0,0.197,206.42547607421875
i02_8x16,L0,0.198,206.62384033203125
i02_8x16,L0,0.199,206.787109375
i02_8x16,L0,0.2,206.97938537597656
i02_8x16,L0,0.201,207.18919372558594
i02_8x16,L0,0.202,207.3486328125
i02_8x16,L0,0.203,207.56988525390625
i02_8x16,L0,0.204,207.7652130126953
i02_8x16,L0,0.205,207.952880859375
i02_8x16,L0,0.206,208.18023681640625
i02_8x16,L0,0.207,208.36412048339844
i02_8x16,L0,0.208,208.53729248046875
i02_8x16,L0,0.209,208.68606567382812
i02_8x16,L0,0.21,208.84848022460938
i02_8x16,L0,0.211,209.04388427734375
i02_8x16,L0,0.212,209.2559814453125
i02_8x16,L0,0.213,209.46044921875
i02_8x16,L0,0.214,209.72537231445312
i02_8x16,L0,0.215,209.98516845703125
i02_8x16,L0,0.216,210.14404296875
i02_8x16,L0,0.217,210.30731201171875
i02_8x16,L0,0.218,210.46142578125
i02_8x16,L0,0.219,210.6353759765625
i02_8x16,L0,0.22,210.86196899414062
i02_8x16,L0,0.221,211.0809326171875
i02_8x16,L0,0.222,211.257568359375
i02_8x16,L0,0.223,211.47193908691406
i02_8x16,L0,0.224,211.6912841796875
i02_8x16,L0,0.225,211.86219787597656
i02_8x16,L0,0.226,212.00143432617188
i02_8x16,L0,0.227,212.19482421875
i02_8x16,L0,0.228,212.39776611328125
i02_8x16,L0,0.229,212.59384155273438
i02_8x16,L0,0.23,212.80364990234375
i02_8x16,L0,0.231,212.97531127929688
i02_8x16,L0,0.232,213.15994262695312
i02_8x16,L0,0.233,213.36593627929688
i02_8x16,L0,0.234,213.5788116455078
i02_8x16,L0,0.235,213.75428771972656
i02_8x16,L0,0.236,213.98773193359375
i02_8x16,L0,0.237,214.1876220703125
i02_8x16,L0,0.238,214.34938049316406
i02_8x16,L0,0.239,214.51722717285156
i02_8x16,L0,0.24,214.72549438476562
i02_8x16,L0,0.241,214.90478515625
i02_8x16,L0,0.242,215.08636474609375
i02_8x16,L0,0.243,215.28167724609375
i02_8x16,L0,0.244,215.5059814453125
i02_8x16,L0,0.245,215.7303009033203
i02_8x16,L0,0.246,215.90347290039062
i02_8x16,L0,0.247,216.11785888671875
i02_8x16,L0,0.248,216.30096435546875
i02_8x16,L0,0.249,216.4627227783203
i02_8x16,L0,0.25,216.60824584960938
i02_8x16,L0,0.251,216.827392578125
i02_8x16,L0,0.252,217.01507568359375
i02_8x16,L0,0.253,217.20733642578125
i02_8x16,L0,0.254,217.413330078125
i02_8x16,L0,0.255,217.5918731689453
i02_8x16,L0,0.256,217.7715301513672
i02_8x16,L0,0.257,217.97943115234375
i02_8x16,L0,0.258,218.145751953125
i02_8x16,L0,0.259,218.3441162109375
i02_8x16,L0,0.26,218.51654052734375
i02_8x16,L0,0.261,218.7347412109375
i02_8x16,L0,0.262,218.91326904296875
i02_8x16,L0,0.263,219.085693359375
i02_8x16,L0,0.264,219.30332946777344
i02_8x16,L0,0.265,219.525146484375
i02_8x16,L0,0.266,219.6975860595703
i02_8x16,L0,0.267,219.87762451171875
i02_8x16,L0,0.268,220.03936767578125
i02_8x16,L0,0.269,220.196533203125
i02_8x16,L0,0.27,220.3826904296875
i02_8x16,L0,0.271,220.550537109375
i02_8x16,L0,0.272,220.7244873046875
i02_8x16,L0,0.273,220.9163818359375
i02_8x16,L0,0.274,221.09376525878906
i02_8x16,L0,0.275,221.221923828125
i02_8x16,L0,0.276,221.38137817382812
i02_8x16,L0,0.277,221.56219482421875
i02_8x16,L0,0.278,221.76475524902344
i02_8x16,L0,0.279,221.96351623535156
i02_8x16,L0,0.28,222.09893798828125
i02_8x16,L0,0.281,222.28395080566406
i02_8x16,L0,0.282,222.4615020751953
i02_8x16,L0,0.283,222.6165771484375
i02_8x16,L0,0.284,222.8057861328125
i02_8x16,L0,0.285,222.971923828125
i02_8x16,L0,0.286,223.1201171875
i02_8x16,L0,0.287,223.30322265625
i02_8x16,L0,0.288,223.5076904296875
i02_8x16,L0,0.289,223.71139526367188
i02_8x16,L0,0.29,223.8697052001953
i02_8x16,L0,0.291,224.05853271484375
i02_8x16,L0,0.292,224.23439025878906
i02_8x16,L0,0.293,224.4093017578125
i02_8x16,L0,0.294,224.59716796875
i02_8x16,L0,0.295,224.7467041015625
i02_8x16,L0,0.296,224.8582763671875
i02_8x16,L0,0.297,225.01068115234375
i02_8x16,L0,0.298,225.19569396972656
i02_8x16,L0,0.299,225.36622619628906
i02_8x16,L0,0.3,225.59814453125
i02_8x16,L0,0.301,225.76904296875
i02_8x16,L0,0.302,225.92010498046875
i02_8x16,L0,0.303,226.07460021972656
i02_8x16,L0,0.304,226.2420654296875
i02_8x16,L0,0.305,226.3916015625
i02_8x16,L0,0.306,226.5625
i02_8x16,L0,0.307,226.75933837890625
i02_8x16,L0,0.308,226.959228515625
i02_8x16,L0,0.309,227.10572814941406
i02_8x16,L0,0.31,227.24609375
i02_8x16,L0,0.311,227.44369506835938
i02_8x16,L0,0.312,227.6197509765625
i02_8x16,L0,0.313,227.7729034423828
i02_8x16,L0,0.314,227.9354248046875
i02_8x16,L0,0.315,228.08837890625
i02_8x16,L0,0.316,228.2539520263672
i02_8x16,L0,0.317,228.41500854492188
i02_8x16,L0,0.318,228.564453125
i02_8x16,L0,0.319,228.71017456054688
i02_8x16,L0,0.32,228.89251708984375
i02_8x16,L0,0.321,229.05503845214844
i02_8x16,L0,0.322,229.21295166015625
i02_8x16,L0,0.323,229.36021423339844
i02_8x16,L0,0.324,229.56314086914062
i02_8x16,L0,0.325,229.72793579101562
i02_8x16,L0,0.326,229.89501953125
i02_8x16,L0,0.327,230.06593322753906
i02_8x16,L0,0.328,230.23529052734375
i02_8x16,L0,0.329,230.45884704589844
i02_8x16,L0,0.33,230.66177368164062
i02_8x16,L0,0.331,230.8013916015625
i02_8x16,L0,0.332,230.94253540039062
i02_8x16,L0,0.333,231.1092529296875
i02_8x16,L0,0.334,231.304931640625
i02_8x16,L0,0.335,231.45523071289062
i02_8x16,L0,0.336,231.6497802734375
i02_8x16,L0,0.337,231.82220458984375
i02_8x16,L0,0.338,231.97021484375
i02_8x16,L0,0.339,232.12586975097656
i02_8x16,L0,0.34,232.28912353515625
i02_8x16,L0,0.341,232.43408203125
i02_8x16,L0,0.342,232.59658813476562
i02_8x16,L0,0.343,232.7438507080078
i02_8x16,L0,0.344,232.93609619140625
i02_8x16,L0,0.345,233.13064575195312
i02_8x16,L0,0.346,233.27798461914062
i02_8x16,L0,0.347,233.4320068359375
i02_8x16,L0,0.348,233.5792694091797
i02_8x16,L0,0.349,233.7188720703125
i02_8x16,L0,0.35,233.91571044921875
i02_8x16,L0,0.351,234.06373596191406
i02_8x16,L0,0.352,234.20257568359375
i02_8x16,L0,0.353,234.36431884765625
i02_8x16,L0,0.354,234.5126190185547
i02_8x16,L0,0.355,234.70001220703125
i02_8x16,L0,0.356,234.88922119140625
i02_8x16,L0,0.357,235.0982666015625
i02_8x16,L0,0.358,235.302734375
i02_8x16,L0,0.359,235.48583984375
i02_8x16,L0,0.36,235.6719970703125
i02_8x16,L0,0.361,235.8566436767578
i02_8x16,L0,0.362,236.0565185546875
i02_8x16,L0,0.363,236.21368408203125
i02_8x16,L0,0.364,236.4044189453125
i02_8x16,L0,0.365,236.5447998046875
i02_8x16,L0,0.366,236.72579956054688
i02_8x16,L0,0.367,236.8743896484375
i02_8x16,L0,0.368,237.07008361816406
i02_8x16,L0,0.369,237.21389770507812
i02_8x16,L0,0.37,237.35809326171875
i02_8x16,L0,0.371,237.5640869140625
i02_8x16,L0,0.372,237.7490997314453
i02_8x16,L0,0.373,237.9165802001953
i02_8x16,L0,0.374,238.1195068359375
i02_8x16,L0,0.375,238.3026123046875
i02_8x16,L0,0.376,238.4811553955078
i02_8x16,L0,0.377,238.6490020751953
i02_8x16,L0,0.378,238.80540466308594
i02_8x16,L0,0.379,238.97247314453125
i02_8x16,L0,0.38,239.12965393066406
i02_8x16,L0,0.381,239.2852783203125
i02_8x16,L0,0.382,239.4317626953125
i02_8x16,L0,0.383,239.62164306640625
i02_8x16,L0,0.384,239.80789184570312
i02_8x16,L0,0.385,240.01466369628906
i02_8x16,L0,0.386,240.2252197265625
i02_8x16,L0,0.387,240.3839111328125
i02_8x16,L0,0.388,240.51971435546875
i02_8x16,L0,0.389,240.68756103515625
i02_8x16,L0,0.39,240.84014892578125
i02_8x16,L0,0.391,240.99464416503906
i02_8x16,L0,0.392,241.12863159179688
i02_8x16,L0,0.393,241.31240844726562
i02_8x16,L0,0.394,241.4718780517578
i02_8x16,L0,0.395,241.6534423828125
i02_8x16,L0,0.396,241.8182373046875
i02_8x16,L0,0.397,241.97235107421875
i02_8x16,L0,0.398,242.1295166015625
i02_8x16,L0,0.399,242.28668212890625
i02_8x16,L0,0.4,242.4174346923828
i02_8x16,L0,0.401,242.5515594482422
i02_8x16,L0,0.402,242.76580810546875
i02_8x16,L0,0.403,242.926025390625
i02_8x16,L0,0.404,243.10150146484375
i02_8x16,L0,0.405,243.26478576660156
i02_8x16,L0,0.406,243.43795776367188
i02_8x16,L0,0.407,243.597412109375
i02_8x16,L0,0.408,243.76754760742188
i02_8x16,L0,0.409,243.91098022460938
i02_8x16,L0,0.41,244.0826416015625
i02_8x16,L0,0.411,244.2840576171875
i02_8x16,L0,0.412,244.4473419189453
i02_8x16,L0,0.413,244.5694122314453
i02_8x16,L0,0.414,244.77540588378906
i02_8x16,L0,0.415,244.964599609375
i02_8x16,L0,0.416,245.086669921875
i02_8x16,L0,0.417,245.2606201171875
i02_8x16,L0,0.418,245.4578399658203
i02_8x16,L0,0.419,245.6390380859375
i02_8x16,L0,0.42,245.7901153564453
i02_8x16,L0,0.421,245.95947265625
i02_8x16,L0,0.422,246.1410675048828
i02_8x16,L0,0.423,246.29698181152344
i02_8x16,L0,0.424,246.46913146972656
i02_8x16,L0,0.425,246.61636352539062
i02_8x16,L0,0.426,246.7681884765625
i02_8x16,L0,0.427,246.91163635253906
i02_8x16,L0,0.428,247.05162048339844
i02_8x16,L0,0.429,247.21031188964844
i02_8x16,L0,0.43,247.40162658691406
i02_8x16,L0,0.431,247.589111328125
i02_8x16,L0,0.432,247.7935791015625
i02_8x16,L0,0.433,247.94769287109375
i02_8x16,L0,0.434,248.1414794921875
i02_8x16,L0,0.435,248.297119140625
i02_8x16,L0,0.436,248.4604034423828
i02_8x16,L0,0.437,248.626708984375
i02_8x16,L0,0.438,248.80294799804688
i02_8x16,L0,0.439,248.97613525390625
i02_8x16,L0,0.44,249.1363525390625
i02_8x16,L0,0.441,249.32252502441406
i02_8x16,L0,0.442,249.47967529296875
i02_8x16,L0,0.443,249.69482421875
i02_8x16,L0,0.444,249.83287048339844
i02_8x16,L0,0.445,250.00152587890625
i02_8x16,L0,0.446,250.1783447265625
i02_8x16,L0,0.447,250.3448486328125
i02_8x16,L0,0.448,250.5048828125
i02_8x16,L0,0.449,250.67445373535156
i02_8x16,L0,0.45,250.8133087158203
i02_8x16,L0,0.451,250.97962951660156
i02_8x16,L0,0.452,251.1665496826172
i02_8x16,L0,0.453,251.3626251220703
i02_8x16,L0,0.454,251.5152130126953
i02_8x16,L0,0.455,251.66473388671875
i02_8x16,L0,0.456,251.8264923095703
i02_8x16,L0,0.457,252.0187530517578
i02_8x16,L0,0.458,252.13851928710938
i02_8x16,L0,0.459,252.30104064941406
i02_8x16,L0,0.46,252.46563720703125
i02_8x16,L0,0.461,252.66552734375
i02_8x16,L0,0.462,252.8427276611328
i02_8x16,L0,0.463,253.02049255371094
i02_8x16,L0,0.464,253.23333740234375
i02_8x16,L0,0.465,253.38250732421875
i02_8x16,L0,0.466,253.5865936279297
i02_8x16,L0,0.467,253.72161865234375
i02_8x16,L0,0.468,253.9070281982422
i02_8x16,L0,0.469,254.08631896972656
i02_8x16,L0,0.47,254.248046875
i02_8x16,L0,0.471,254.3991241455078
i02_8x16,L0,0.472,254.58526611328125
i02_8x16,L0,0.473,254.7760009765625
i02_8x16,L0,0.474,254.98887634277344
i02_8x16,L0,0.475,255.1815185546875
i02_8x16,L0,0.476,255.34364318847656
i02_8x16,L0,0.477,255.55116271972656
i02_8x16,L0,0.478,255.6976318359375
i02_8x16,L0,0.479,255.8349609375
i02_8x16,L0,0.48,255.9967041015625
i02_8x16,L0,0.481,256.19354248046875
i02_8x16,L0,0.482,256.34002685546875
i02_8x16,L0,0.483,256.530029296875
i02_8x16,L0,0.484,256.6925048828125
i02_8x16,L0,0.485,256.86798095703125
i02_8x16,L0,0.486,257.01141357421875
i02_8x16,L0,0.487,257.1846008300781
i02_8x16,L0,0.488,257.39288330078125
i02_8x16,L0,0.489,257.6086120605469
i02_8x16,L0,0.49,257.7903747558594
i02_8x16,L0,0.491,257.9452819824219
i02_8x16,L0,0.492,258.10394287109375
i02_8x16,L0,0.493,258.26263427734375
i02_8x16,L0,0.494,258.453369140625
i02_8x16,L0,0.495,258.65325927734375
i02_8x16,L0,0.496,258.8594665527344
i02_8x16,L0,0.497,259.063720703125
i02_8x16,L0,0.498,259.20257568359375
i02_8x16,L0,0.499,259.3574523925781
i02_8x16,L0,0.5,259.53369140625
i02_8x16,L0,0.501,259.6736755371094
i02_8x16,L0,0.502,259.881591796875
i02_8x16,L0,0.503,260.03875732421875
i02_8x16,L0,0.504,260.22265625
i02_8x16,L0,0.505,260.4156494140625
i02_8x16,L0,0.506,260.5438232421875
i02_8x16,L0,0.507,260.748291015625
i02_8x16,L0,0.508,260.8795166015625
i02_8x16,L0,0.509,261.04736328125
i02_8x16,L0,0.51,261.212158203125
i02_8x16,L0,0.511,261.37542724609375
i02_8x16,L0,0.512,261.53411865234375
i02_8x16,L0,0.513,261.700439453125
i02_8x16,L0,0.514,261.8992919921875
i02_8x16,L0,0.515,262.08953857421875
i02_8x16,L0,0.516,262.3169250488281
i02_8x16,L0,0.517,262.5000305175781
i02_8x16,L0,0.518,262.66632080078125
i02_8x16,L0,0.519,262.8425598144531
i02_8x16,L0,0.52,263.0096435546875
i02_8x16,L0,0.521,263.21868896484375
i02_8x16,L0,0.522,263.3514404296875
i02_8x16,L0,0.523,263.5564880371094
i02_8x16,L0,0.524,263.7519836425781
i02_8x16,L0,0.525,263.9373779296875
i02_8x16,L0,0.526,264.09912109375
i02_8x16,L0,0.527,264.3096923828125
i02_8x16,L0,0.528,264.5195007324219
i02_8x16,L0,0.529,264.7003173828125
i02_8x16,L0,0.53,264.88494873046875
i02_8x16,L0,0.531,265.053955078125
i02_8x16,L0,0.532,265.207275390625
i02_8x16,L0,0.533,265.3846740722656
i02_8x16,L0,0.534,265.5792236328125
i02_8x16,L0,0.535,265.7654113769531
i02_8x16,L0,0.536,265.96759033203125
i02_8x16,L0,0.537,266.18804931640625
i02_8x16,L0,0.538,266.3848876953125
i02_8x16,L0,0.539,266.5519714355469
i02_8x16,L0,0.54,266.72821044921875
i02_8x16,L0,0.541,266.9429931640625
i02_8x16,L0,0.542,267.12646484375
i02_8x16,L0,0.543,267.34088134765625
i02_8x16,L0,0.544,267.547607421875
i02_8x16,L0,0.545,267.7566833496094
i02_8x16,L0,0.546,267.9443359375
i02_8x16,L0,0.547,268.10150146484375
i02_8x16,L0,0.548,268.2670593261719
i02_8x16,L0,0.549,268.443115234375
i02_8x16,L0,0.55,268.60504150390625
i02_8x16,L0,0.551,268.7889099121094
i02_8x16,L0,0.552,268.9302673339844
i02_8x16,L0,0.553,269.1376037597656
i02_8x16,L0,0.554,269.2779541015625
i02_8x16,L0,0.555,269.4580383300781
i02_8x16,L0,0.556,269.6319580078125
i02_8x16,L0,0.557,269.79522705078125
i02_8x16,L0,0.558,269.9737548828125
i02_8x16,L0,0.559,270.1542053222656
i02_8x16,L0,0.56,270.3407287597656
i02_8x16,L0,0.561,270.54595947265625
i02_8x16,L0,0.562,270.7094421386719
i02_8x16,L0,0.563,270.8923645019531
i02_8x16,L0,0.564,271.0990905761719
i02_8x16,L0,0.565,271.33331298828125
i02_8x16,L0,0.566,271.5519104003906
i02_8x16,L0,0.567,271.69189453125
i02_8x16,L0,0.568,271.8845520019531
i02_8x16,L0,0.569,272.05316162109375
i02_8x16,L0,0.57,272.20916748046875
i02_8x16,L0,0.571,272.38885498046875
i02_8x16,L0,0.572,272.55535888671875
i02_8x16,L0,0.573,272.6929016113281
i02_8x16,L0,0.574,272.8424072265625
i02_8x16,L0,0.575,273.0286865234375
i02_8x16,L0,0.576,273.1719970703125
i02_8x16,L0,0.577,273.34747314453125
i02_8x16,L0,0.578,273.504638671875
i02_8x16,L0,0.579,273.7060546875
i02_8x16,L0,0.58,273.92730712890625
i02_8x16,L0,0.581,274.0882873535156
i02_8x16,L0,0.582,274.2622375488281
i02_8x16,L0,0.583,274.4537353515625
i02_8x16,L0,0.584,274.658203125
i02_8x16,L0,0.585,274.8504638671875
i02_8x16,L0,0.586,275.0785827636719
i02_8x16,L0,0.587,275.26092529296875
i02_8x16,L0,0.588,275.4608154296875
i02_8x16,L0,0.589,275.64239501953125
i02_8x16,L0,0.59,275.84228515625
i02_8x16,L0,0.591,276.0574645996094
i02_8x16,L0,0.592,276.2603759765625
i02_8x16,L0,0.593,276.46484375
i02_8x16,L0,0.594,276.63421630859375
i02_8x16,L0,0.595,276.87530517578125
i02_8x16,L0,0.596,277.04547119140625
i02_8x16,L0,0.597,277.2857971191406
i02_8x16,L0,0.598,277.4810791015625
i02_8x16,L0,0.599,277.69622802734375
i02_8x16,L0,0.6,277.9083251953125
i02_8x16,L0,0.601,278.12347412109375
i02_8x16,L0,0.602,278.26690673828125
i02_8x16,L0,0.603,278.49578857421875
i02_8x16,L0,0.604,278.7078857421875
i02_8x16,L0,0.605,278.8727111816406
i02_8x16,L0,0.606,279.05963134765625
i02_8x16,L0,0.607,279.241943359375
i02_8x16,L0,0.608,279.45709228515625
i02_8x16,L0,0.609,279.65240478515625
i02_8x16,L0,0.61,279.8362731933594
i02_8x16,L0,0.611,280.0537109375
i02_8x16,L0,0.612,280.2765197753906
i02_8x16,L0,0.613,280.44891357421875
i02_8x16,L0,0.614,280.6358337402344
i02_8x16,L0,0.615,280.8258361816406
i02_8x16,L0,0.616,281.072998046875
i02_8x16,L0,0.617,281.2957763671875
i02_8x16,L0,0.618,281.4781494140625
i02_8x16,L0,0.619,281.6795349121094
i02_8x16,L0,0.62,281.8939514160156
i02_8x16,L0,0.621,282.0312805175781
i02_8x16,L0,0.622,282.1891784667969
i02_8x16,L0,0.623,282.3746032714844
i02_8x16,L0,0.624,282.598876953125
i02_8x16,L0,0.625,282.80792236328125
i02_8x16,L0,0.626,282.98114013671875
i02_8x16,L0,0.627,283.1528015136719
i02_8x16,L0,0.628,283.3526611328125
i02_8x16,L0,0.629,283.502197265625
i02_8x16,L0,0.63,283.7059326171875
i02_8x16,L0,0.631,283.89129638671875
i02_8x16,L0,0.632,284.1011047363281
i02_8x16,L0,0.633,284.2720031738281
i02_8x16,L0,0.634,284.50164794921875
i02_8x16,L0,0.635,284.71221923828125
i02_8x16,L0,0.636,284.893798828125
i02_8x16,L0,0.637,285.0433349609375
i02_8x16,L0,0.638,285.24627685546875
i02_8x16,L0,0.639,285.4759521484375
i02_8x16,L0,0.64,285.6620788574219
i02_8x16,L0,0.641,285.8367919921875
i02_8x16,L0,0.642,286.0198974609375
i02_8x16,L0,0.643,286.2121887207031
i02_8x16,L0,0.644,286.43951416015625
i02_8x16,L0,0.645,286.63214111328125
i02_8x16,L0,0.646,286.8194580078125
i02_8x16,L0,0.647,287.01287841796875
i02_8x16,L0,0.648,287.1978759765625
i02_8x16,L0,0.649,287.3924255371094
i02_8x16,L0,0.65,287.591552734375
i02_8x16,L0,0.651,287.80633544921875
i02_8x16,L0,0.652,288.027587890625
i02_8x16,L0,0.653,288.232421875
i02_8x16,L0,0.654,288.43841552734375
i02_8x16,L0,0.655,288.6230773925781
i02_8x16,L0,0.656,288.84259033203125
i02_8x16,L0,0.657,289.0579528808594
i02_8x16,L0,0.658,289.2452087402344
i02_8x16,L0,0.659,289.44549560546875
i02_8x16,L0,0.66,289.6728515625
i02_8x16,L0,0.661,289.87750244140625
i02_8x16,L0,0.662,290.1275634765625
i02_8x16,L0,0.663,290.325927734375
i02_8x16,L0,0.664,290.5456848144531
i02_8x16,L0,0.665,290.7562255859375
i02_8x16,L0,0.666,290.9637451171875
i02_8x16,L0,0.667,291.18804931640625
i02_8x16,L0,0.668,291.40625
i02_8x16,L0,0.669,291.6412353515625
i02_8x16,L0,0.67,291.8884582519531
i02_8x16,L0,0.671,292.083740234375
i02_8x16,L0,0.672,292.2935485839844
i02_8x16,L0,0.673,292.52777099609375
i02_8x16,L0,0.674,292.7665710449219
i02_8x16,L0,0.675,292.9924011230469
i02_8x16,L0,0.676,293.19342041015625
i02_8x16,L0,0.677,293.39752197265625
i02_8x16,L0,0.678,293.561279296875
i02_8x16,L0,0.679,293.7805480957031
i02_8x16,L0,0.68,294.0315246582031
i02_8x16,L0,0.681,294.25048828125
i02_8x16,L0,0.682,294.47021484375
i02_8x16,L0,0.683,294.68798828125
i02_8x16,L0,0.684,294.92340087890625
i02_8x16,L0,0.685,295.12615966796875
i02_8x16,L0,0.686,295.3338623046875
i02_8x16,L0,0.687,295.50628662109375
i02_8x16,L0,0.688,295.697021484375
i02_8x16,L0,0.689,295.9251403808594
i02_8x16,L0,0.69,296.087646484375
i02_8x16,L0,0.691,296.2921142578125
i02_8x16,L0,0.692,296.53167724609375
i02_8x16,L0,0.693,296.7552185058594
i02_8x16,L0,0.694,296.9818115234375
i02_8x16,L0,0.695,297.1832580566406
i02_8x16,L0,0.696,297.3785400390625
i02_8x16,L0,0.697,297.6658020019531
i02_8x16,L0,0.698,297.87445068359375
i02_8x16,L0,0.699,298.10333251953125
i02_8x16,L0,0.7,298.30322265625
i02_8x16,L0,0.701,298.5382080078125
i02_8x16,L0,0.702,298.7903747558594
i02_8x16,L0,0.703,299.005126953125
i02_8x16,L0,0.704,299.2225646972656
i02_8x16,L0,0.705,299.4568176269531
i02_8x16,L0,0.706,299.7039794921875
i02_8x16,L0,0.707,299.98016357421875
i02_8x16,L0,0.708,300.1739807128906
i02_8x16,L0,0.709,300.48370361328125
i02_8x16,L0,0.71,300.7114562988281
i02_8x16,L0,0.711,300.9490966796875
i02_8x16,L0,0.712,301.1932373046875
i02_8x16,L0,0.713,301.4074401855469
i02_8x16,L0,0.714,301.6265869140625
i02_8x16,L0,0.715,301.85052490234375
i02_8x16,L0,0.716,302.093505859375
i02_8x16,L0,0.717,302.337646484375
i02_8x16,L0,0.718,302.55755615234375
i02_8x16,L0,0.719,302.8061218261719
i02_8x16,L0,0.72,303.0303955078125
i02_8x16,L0,0.721,303.36761474609375
i02_8x16,L0,0.722,303.60870361328125
i02_8x16,L0,0.723,303.82232666015625
i02_8x16,L0,0.724,304.07867431640625
i02_8x16,L0,0.725,304.31060791015625
i02_8x16,L0,0.726,304.5387268066406
i02_8x16,L0,0.727,304.84771728515625
i02_8x16,L0,0.728,305.06591796875
i02_8x16,L0,0.729,305.33294677734375
i02_8x16,L0,0.73,305.6061096191406
i02_8x16,L0,0.731,305.82275390625
i02_8x16,L0,0.732,306.03485107421875
i02_8x16,L0,0.733,306.2652587890625
i02_8x16,L0,0.734,306.53533935546875
i02_8x16,L0,0.735,306.8206787109375
i02_8x16,L0,0.736,307.080078125
i02_8x16,L0,0.737,307.2967529296875
i02_8x16,L0,0.738,307.5469970703125
i02_8x16,L0,0.739,307.73773193359375
i02_8x16,L0,0.74,308.0352783203125
i02_8x16,L0,0.741,308.2893371582031
i02_8x16,L0,0.742,308.59375
i02_8x16,L0,0.743,308.82720947265625
i02_8x16,L0,0.744,309.0728759765625
i02_8x16,L0,0.745,309.3674011230469
i02_8x16,L0,0.746,309.58709716796875
i02_8x16,L0,0.747,309.90753173828125
i02_8x16,L0,0.748,310.174560546875
i02_8x16,L0,0.749,310.430908203125
i02_8x16,L0,0.75,310.73150634765625
i02_8x16,L0,0.751,310.9893798828125
i02_8x16,L0,0.752,311.29150390625
i02_8x16,L0,0.753,311.5234375
i02_8x16,L0,0.754,311.8393249511719
i02_8x16,L0,0.755,312.1216125488281
i02_8x16,L0,0.756,312.3870849609375
i02_8x16,L0,0.757,312.628173828125
i02_8x16,L0,0.758,312.85858154296875
i02_8x16,L0,0.759,313.12255859375
i02_8x16,L0,0.76,313.4033508300781
i02_8x16,L0,0.761,313.71002197265625
i02_8x16,L0,0.762,313.967529296875
i02_8x16,L0,0.763,314.3058776855469
i02_8x16,L0,0.764,314.5843505859375
i02_8x16,L0,0.765,314.86663818359375
i02_8x16,L0,0.766,315.06195068359375
i02_8x16,L0,0.767,315.3793640136719
i02_8x16,L0,0.768,315.6318664550781
i02_8x16,L0,0.769,315.8744812011719
i02_8x16,L0,0.77,316.0888977050781
i02_8x16,L0,0.771,316.36505126953125
i02_8x16,L0,0.772,316.6839904785156
i02_8x16,L0,0.773,316.9380187988281
i02_8x16,L0,0.774,317.25006103515625
i02_8x16,L0,0.775,317.50335693359375
i02_8x16,L0,0.776,317.852783203125
i02_8x16,L0,0.777,318.14727783203125
i02_8x16,L0,0.778,318.4112548828125
i02_8x16,L0,0.779,318.68896484375
i02_8x16,L0,0.78,319.0185852050781
i02_8x16,L0,0.781,319.3260192871094
i02_8x16,L0,0.782,319.6418762207031
i02_8x16,L0,0.783,319.830322265625
i02_8x16,L0,0.784,320.1629943847656
i02_8x16,L0,0.785,320.5047607421875
i02_8x16,L0,0.786,320.83740234375
i02_8x16,L0,0.787,321.1479187011719
i02_8x16,L0,0.788,321.50421142578125
i02_8x16,L0,0.789,321.7952880859375
i02_8x16,L0,0.79,322.0947265625
i02_8x16,L0,0.791,322.5059509277344
i02_8x16,L0,0.792,322.8162841796875
i02_8x16,L0,0.793,323.1330871582031
i02_8x16,L0,0.794,323.486328125
i02_8x16,L0,0.795,323.7586975097656
i02_8x16,L0,0.796,324.1004943847656
i02_8x16,L0,0.797,324.38507080078125
i02_8x16,L0,0.798,324.7135314941406
i02_8x16,L0,0.799,325.0213623046875
i02_8x16,L0,0.8,325.2899475097656
i02_8x16,L0,0.801,325.6134033203125
i02_8x16,L0,0.802,326.0040283203125
i02_8x16,L0,0.803,326.3885803222656
i02_8x16,L0,0.804,326.79327392578125
i02_8x16,L0,0.805,327.0721435546875
i02_8x16,L0,0.806,327.5123596191406
i02_8x16,L0,0.807,327.81982421875
i02_8x16,L0,0.808,328.1036376953125
i02_8x16,L0,0.809,328.3493347167969
i02_8x16,L0,0.81,328.633056640625
i02_8x16,L0,0.811,328.89251708984375
i02_8x16,L0,0.812,329.1495361328125
i02_8x16,L0,0.813,329.4918212890625
i02_8x16,L0,0.814,329.8065490722656
i02_8x16,L0,0.815,330.14373779296875
i02_8x16,L0,0.816,330.45330810546875
i02_8x16,L0,0.817,330.8288879394531
i02_8x16,L0,0.818,331.0882873535156
i02_8x16,L0,0.819,331.34918212890625
i02_8x16,L0,0.82,331.6681213378906
i02_8x16,L0,0.821,332.0343322753906
i02_8x16,L0,0.822,332.34521484375
i02_8x16,L0,0.823,332.6354064941406
i02_8x16,L0,0.824,332.958984375
i02_8x16,L0,0.825,333.3709716796875
i02_8x16,L0,0.826,333.6769104003906
i02_8x16,L0,0.827,334.08203125
i02_8x16,L0,0.828,334.3284606933594
i02_8x16,L0,0.829,334.6893615722656
i02_8x16,L0,0.83,335.0883483886719
i02_8x16,L0,0.831,335.46295166015625
i02_8x16,L0,0.832,335.81390380859375
i02_8x16,L0,0.833,336.26556396484375
i02_8x16,L0,0.834,336.6119689941406
i02_8x16,L0,0.835,336.968994140625
i02_8x16,L0,0.836,337.34130859375
i02_8x16,L0,0.837,337.6861572265625
i02_8x16,L0,0.838,338.0768127441406
i02_8x16,L0,0.839,338.4895324707031
i02_8x16,L0,0.84,338.866455078125
i02_8x16,L0,0.841,339.1532897949219
i02_8x16,L0,0.842,339.50042724609375
i02_8x16,L0,0.843,339.89105224609375
i02_8x16,L0,0.844,340.2252197265625
i02_8x16,L0,0.845,340.6463623046875
i02_8x16,L0,0.846,341.0003662109375
i02_8x16,L0,0.847,341.46270751953125
i02_8x16,L0,0.848,341.8586730957031
i02_8x16,L0,0.849,342.19781494140625
i02_8x16,L0,0.85,342.6513671875
i02_8x16,L0,0.851,343.0206604003906
i02_8x16,L0,0.852,343.414306640625
i02_8x16,L0,0.853,343.7652587890625
i02_8x16,L0,0.854,344.1345520019531
i02_8x16,L0,0.855,344.6075744628906
i02_8x16,L0,0.856,345.0119323730469
i02_8x16,L0,0.857,345.46661376953125
i02_8x16,L0,0.858,345.8740539550781
i02_8x16,L0,0.859,346.343994140625
i02_8x16,L0,0.86,346.7193603515625
i02_8x16,L0,0.861,347.15423583984375
i02_8x16,L0,0.862,347.6646423339844
i02_8x16,L0,0.863,348.04229736328125
i02_8x16,L0,0.864,348.4916687011719
i02_8x16,L0,0.865,348.89678955078125
i02_8x16,L0,0.866,349.31048583984375
i02_8x16,L0,0.867,349.69329833984375
i02_8x16,L0,0.868,350.11749267578125
i02_8x16,L0,0.869,350.53863525390625
i02_8x16,L0,0.87,350.9674072265625
i02_8x16,L0,0.871,351.31988525390625
i02_8x16,L0,0.872,351.7715759277344
i02_8x16,L0,0.873,352.1728515625
i02_8x16,L0,0.874,352.65350341796875
i02_8x16,L0,0.875,353.0975341796875
i02_8x16,L0,0.876,353.4958190917969
i02_8x16,L0,0.877,354.0313720703125
i02_8x16,L0,0.878,354.5928955078125
i02_8x16,L0,0.879,355.251708984375
i02_8x16,L0,0.88,355.7403564453125
i02_8x16,L0,0.881,356.243896484375
i02_8x16,L0,0.882,356.7543029785156
i02_8x16,L0,0.883,357.24029541015625
i02_8x16,L0,0.884,357.8125
i02_8x16,L0,0.885,358.3252258300781
i02_8x16,L0,0.886,358.770751953125
i02_8x16,L0,0.887,359.2842102050781
i02_8x16,L0,0.888,359.8419189453125
i02_8x16,L0,0.889,360.3363037109375
i02_8x16,L0,0.89,360.87646484375
i02_8x16,L0,0.891,361.4227600097656
i02_8x16,L0,0.892,362.0331115722656
i02_8x16,L0,0.893,362.52593994140625
i02_8x16,L0,0.894,363.17596435546875
i02_8x16,L0,0.895,363.661376953125
i02_8x16,L0,0.896,364.11859130859375
i02_8x16,L0,0.897,364.64501953125
i02_8x16,L0,0.898,365.20843505859375
i02_8x16,L0,0.899,365.7283935546875
i02_8x16,L0,0.9,366.1811828613281
i02_8x16,L0,0.901,366.6946716308594
i02_8x16,L0,0.902,367.35992431640625
i02_8x16,L0,0.903,367.86944580078125
i02_8x16,L0,0.904,368.54248046875
i02_8x16,L0,0.905,369.1284484863281
i02_8x16,L0,0.906,369.683837890625
i02_8x16,L0,0.907,370.1934814453125
i02_8x16,L0,0.908,370.9075927734375
i02_8x16,L0,0.909,371.5728759765625
i02_8x16,L0,0.91,372.10845947265625
i02_8x16,L0,0.911,372.76458740234375
i02_8x16,L0,0.912,373.18267822265625
i02_8x16,L0,0.913,373.9053955078125
i02_8x16,L0,0.914,374.6421813964844
i02_8x16,L0,0.915,375.433349609375
i02_8x16,L0,0.916,376.1299133300781
i02_8x16,L0,0.917,376.7936706542969
i02_8x16,L0,0.918,377.44830322265625
i02_8x16,L0,0.919,378.20281982421875
i02_8x16,L0,0.92,378.99627685546875
i02_8x16,L0,0.921,379.7119140625
i02_8x16,L0,0.922,380.3062438964844
i02_8x16,L0,0.923,381.06689453125
i02_8x16,L0,0.924,381.7831115722656
i02_8x16,L0,0.925,382.33795166015625
i02_8x16,L0,0.926,383.203125
i02_8x16,L0,0.927,383.89990234375
i02_8x16,L0,0.928,384.69696044921875
i02_8x16,L0,0.929,385.43548583984375
i02_8x16,L0,0.93,386.2377014160156
i02_8x16,L0,0.931,387.02239990234375
i02_8x16,L0,0.932,387.78076171875
i02_8x16,L0,0.933,388.4185791015625
i02_8x16,L0,0.934,389.17236328125
i02_8x16,L0,0.935,389.8651428222656
i02_8x16,L0,0.936,390.6429443359375
i02_8x16,L0,0.937,391.455078125
i02_8x16,L0,0.938,392.4057312011719
i02_8x16,L0,0.939,393.24798583984375
i02_8x16,L0,0.94,394.1558837890625
i02_8x16,L0,0.941,394.99090576171875
i02_8x16,L0,0.942,395.94879150390625
i02_8x16,L0,0.943,396.99249267578125
i02_8x16,L0,0.944,398.0560302734375
i02_8x16,L0,0.945,398.797607421875
i02_8x16,L0,0.946,399.72686767578125
i02_8x16,L0,0.947,400.5584716796875
i02_8x16,L0,0.948,401.55487060546875
i02_8x16,L0,0.949,402.62823486328125
i02_8x16,L0,0.95,403.70330810546875
i02_8x16,L0,0.951,404.9285888671875
i02_8x16,L0,0.952,406.0333251953125
i02_8x16,L0,0.953,406.976318359375
i02_8x16,L0,0.954,407.77740478515625
i02_8x16,L0,0.955,408.8623352050781
i02_8x16,L0,0.956,410.1059265136719
i02_8x16,L0,0.957,411.14044189453125
i02_8x16,L0,0.958,412.44354248046875
i02_8x16,L0,0.959,413.8336181640625
i02_8x16,L0,0.96,415.2153015136719
i02_8x16,L0,0.961,416.571044921875
i02_8x16,L0,0.962,417.7558898925781
i02_8x16,L0,0.963,419.02349853515625
i02_8x16,L0,0.964,420.4925537109375
i02_8x16,L0,0.965,422.11761474609375
i02_8x16,L0,0.966,423.6175842285156
i02_8x16,L0,0.967,425.152587890625
i02_8x16,L0,0.968,426.702880859375
i02_8x16,L0,0.969,428.51715087890625
i02_8x16,L0,0.97,430.157470703125
i02_8x16,L0,0.971,431.97137451171875
i02_8x16,L0,0.972,433.3248291015625
i02_8x16,L0,0.973,435.2600402832031
i02_8x16,L0,0.974,436.71112060546875
i02_8x16,L0,0.975,438.86260986328125
i02_8x16,L0,0.976,440.9660339355469
i02_8x16,L0,0.977,443.37310791015625
i02_8x16,L0,0.978,445.7584228515625
i02_8x16,L0,0.979,447.442626953125
i02_8x16,L0,0.98,449.87945556640625
i02_8x16,L0,0.981,452.71990966796875
i02_8x16,L0,0.982,454.8004150390625
i02_8x16,L0,0.983,457.9048156738281
i02_8x16,L0,0.984,460.7803649902344
i02_8x16,L0,0.985,463.74664306640625
i02_8x16,L0,0.986,467.59490966796875
i02_8x16,L0,0.987,471.13726806640625
i02_8x16,L0,0.988,474.7192687988281
i02_8x16,L0,0.989,478.5064697265625
i02_8x16,L0,0.99,483.160400390625
i02_8x16,L0,0.991,487.7738952636719
i02_8x16,L0,0.992,493.02520751953125
i02_8x16,L0,0.993,498.6656188964844
i02_8x16,L0,0.994,506.5460205078125
i02_8x16,L0,0.995,516.2415161132812
i02_8x16,L0,0.996,525.2578735351562
i02_8x16,L0,0.997,533.6578369140625
i02_8x16,L0,0.998,553.3887939453125
i02_8x16,L0,0.999,576.55712890625
i02_8x16,L0,1.0,830.7802124023438
i02_8x16,L0-emp,0.0,87.5
i02_8x16,L0-emp,0.001,182.49969482421875
i02_8x16,L0-emp,0.002,192.4999237060547
i02_8x16,L0-emp,0.003,197.49986267089844
i02_8x16,L0-emp,0.004,200.0
i02_8x16,L0-emp,0.005,202.4993896484375
i02_8x16,L0-emp,0.006,202.50015258789062
i02_8x16,L0-emp,0.007,207.49969482421875
i02_8x16,L0-emp,0.008,209.99984741210938
i02_8x16,L0-emp,0.009,212.5
i02_8x16,L0-emp,0.01,212.5
i02_8x16,L0-emp,0.011,214.9993896484375
i02_8x16,L0-emp,0.012,214.9993896484375
i02_8x16,L0-emp,0.013,215.00015258789062
i02_8x16,L0-emp,0.014,217.4999237060547
i02_8x16,L0-emp,0.015,217.50001525878906
i02_8x16,L0-emp,0.016,217.5003204345703
i02_8x16,L0-emp,0.017,217.5003204345703
i02_8x16,L0-emp,0.018,217.5003204345703
i02_8x16,L0-emp,0.019,219.99969482421875
i02_8x16,L0-emp,0.02,219.99969482421875
i02_8x16,L0-emp,0.021,219.99969482421875
i02_8x16,L0-emp,0.022,219.99969482421875
i02_8x16,L0-emp,0.023,219.99969482421875
i02_8x16,L0-emp,0.024,220.0000762939453
i02_8x16,L0-emp,0.025,220.0000762939453
i02_8x16,L0-emp,0.026,220.001220703125
i02_8x16,L0-emp,0.027,222.49984741210938
i02_8x16,L0-emp,0.028,222.49984741210938
i02_8x16,L0-emp,0.029,222.49984741210938
i02_8x16,L0-emp,0.03,222.5000457763672
i02_8x16,L0-emp,0.031,222.5006103515625
i02_8x16,L0-emp,0.032,222.5006103515625
i02_8x16,L0-emp,0.033,222.5006103515625
i02_8x16,L0-emp,0.034,222.5006103515625
i02_8x16,L0-emp,0.035,222.5006103515625
i02_8x16,L0-emp,0.036,225.00001525878906
i02_8x16,L0-emp,0.037,225.00001525878906
i02_8x16,L0-emp,0.038,225.00001525878906
i02_8x16,L0-emp,0.039,225.00001525878906
i02_8x16,L0-emp,0.04,225.00001525878906
i02_8x16,L0-emp,0.041,225.00001525878906
i02_8x16,L0-emp,0.042,225.00001525878906
i02_8x16,L0-emp,0.043,225.00001525878906
i02_8x16,L0-emp,0.044,225.00001525878906
i02_8x16,L0-emp,0.045,225.00001525878906
i02_8x16,L0-emp,0.046,225.00001525878906
i02_8x16,L0-emp,0.047,225.00003051757812
i02_8x16,L0-emp,0.048,227.4993896484375
i02_8x16,L0-emp,0.049,227.4993896484375
i02_8x16,L0-emp,0.05,227.4993896484375
i02_8x16,L0-emp,0.051,227.4993896484375
i02_8x16,L0-emp,0.052,227.4993896484375
i02_8x16,L0-emp,0.053,227.4993896484375
i02_8x16,L0-emp,0.054,227.4993896484375
i02_8x16,L0-emp,0.055,227.4993896484375
i02_8x16,L0-emp,0.056,227.4993896484375
i02_8x16,L0-emp,0.057,227.49996948242188
i02_8x16,L0-emp,0.058,227.50015258789062
i02_8x16,L0-emp,0.059,227.50015258789062
i02_8x16,L0-emp,0.06,227.50015258789062
i02_8x16,L0-emp,0.061,227.50015258789062
i02_8x16,L0-emp,0.062,227.50015258789062
i02_8x16,L0-emp,0.063,227.50015258789062
i02_8x16,L0-emp,0.064,229.998779296875
i02_8x16,L0-emp,0.065,229.998779296875
i02_8x16,L0-emp,0.066,229.998779296875
i02_8x16,L0-emp,0.067,229.9999237060547
i02_8x16,L0-emp,0.068,229.9999237060547
i02_8x16,L0-emp,0.069,229.9999237060547
i02_8x16,L0-emp,0.07,230.00001525878906
i02_8x16,L0-emp,0.071,230.00030517578125
i02_8x16,L0-emp,0.072,230.00030517578125
i02_8x16,L0-emp,0.073,230.00030517578125
i02_8x16,L0-emp,0.074,230.00030517578125
i02_8x16,L0-emp,0.075,230.00030517578125
i02_8x16,L0-emp,0.076,230.00030517578125
i02_8x16,L0-emp,0.077,230.00030517578125
i02_8x16,L0-emp,0.078,230.00030517578125
i02_8x16,L0-emp,0.079,230.00030517578125
i02_8x16,L0-emp,0.08,230.00030517578125
i02_8x16,L0-emp,0.081,230.00030517578125
i02_8x16,L0-emp,0.082,230.00030517578125
i02_8x16,L0-emp,0.083,230.00030517578125
i02_8x16,L0-emp,0.084,232.4997100830078
i02_8x16,L0-emp,0.085,232.4997100830078
i02_8x16,L0-emp,0.086,232.4997100830078
i02_8x16,L0-emp,0.087,232.4997100830078
i02_8x16,L0-emp,0.088,232.4997100830078
i02_8x16,L0-emp,0.089,232.4997100830078
i02_8x16,L0-emp,0.09,232.4997100830078
i02_8x16,L0-emp,0.091,232.4997100830078
i02_8x16,L0-emp,0.092,232.4997100830078
i02_8x16,L0-emp,0.093,232.4997100830078
i02_8x16,L0-emp,0.094,232.4997100830078
i02_8x16,L0-emp,0.095,232.4997100830078
i02_8x16,L0-emp,0.096,232.4997100830078
i02_8x16,L0-emp,0.097,232.4997100830078
i02_8x16,L0-emp,0.098,232.4997100830078
i02_8x16,L0-emp,0.099,232.4997100830078
i02_8x16,L0-emp,0.1,232.4997100830078
i02_8x16,L0-emp,0.101,232.49998474121094
i02_8x16,L0-emp,0.102,232.5000762939453
i02_8x16,L0-emp,0.103,232.5000762939453
i02_8x16,L0-emp,0.104,232.5000762939453
i02_8x16,L0-emp,0.105,232.5000762939453
i02_8x16,L0-emp,0.106,232.501220703125
i02_8x16,L0-emp,0.107,232.501220703125
i02_8x16,L0-emp,0.108,232.501220703125
i02_8x16,L0-emp,0.109,232.501220703125
i02_8x16,L0-emp,0.11,234.99984741210938
i02_8x16,L0-emp,0.111,234.99984741210938
i02_8x16,L0-emp,0.112,234.99984741210938
i02_8x16,L0-emp,0.113,234.99984741210938
i02_8x16,L0-emp,0.114,234.99984741210938
i02_8x16,L0-emp,0.115,234.99984741210938
i02_8x16,L0-emp,0.116,234.99984741210938
i02_8x16,L0-emp,0.117,234.99984741210938
i02_8x16,L0-emp,0.118,234.99984741210938
i02_8x16,L0-emp,0.119,234.99984741210938
i02_8x16,L0-emp,0.12,234.99984741210938
i02_8x16,L0-emp,0.121,235.0
i02_8x16,L0-emp,0.122,235.0000457763672
i02_8x16,L0-emp,0.123,235.0000457763672
i02_8x16,L0-emp,0.124,235.0006103515625
i02_8x16,L0-emp,0.125,235.0006103515625
i02_8x16,L0-emp,0.126,235.0006103515625
i02_8x16,L0-emp,0.127,235.0006103515625
i02_8x16,L0-emp,0.128,235.0006103515625
i02_8x16,L0-emp,0.129,235.0006103515625
i02_8x16,L0-emp,0.13,235.0006103515625
i02_8x16,L0-emp,0.131,235.0006103515625
i02_8x16,L0-emp,0.132,235.0006103515625
i02_8x16,L0-emp,0.133,235.0006103515625
i02_8x16,L0-emp,0.134,235.0006103515625
i02_8x16,L0-emp,0.135,235.0006103515625
i02_8x16,L0-emp,0.136,235.0006103515625
i02_8x16,L0-emp,0.137,235.0006103515625
i02_8x16,L0-emp,0.138,235.0006103515625
i02_8x16,L0-emp,0.139,235.0006103515625
i02_8x16,L0-emp,0.14,235.0006103515625
i02_8x16,L0-emp,0.141,237.5
i02_8x16,L0-emp,0.142,237.5
i02_8x16,L0-emp,0.143,237.5
i02_8x16,L0-emp,0.144,237.5
i02_8x16,L0-emp,0.145,237.5
i02_8x16,L0-emp,0.146,237.5
i02_8x16,L0-emp,0.147,237.5
i02_8x16,L0-emp,0.148,237.5
i02_8x16,L0-emp,0.149,237.5
i02_8x16,L0-emp,0.15,237.5
i02_8x16,L0-emp,0.151,237.5
i02_8x16,L0-emp,0.152,237.5
i02_8x16,L0-emp,0.153,237.5
i02_8x16,L0-emp,0.154,237.5
i02_8x16,L0-emp,0.155,237.5
i02_8x16,L0-emp,0.156,237.5
i02_8x16,L0-emp,0.157,237.5
i02_8x16,L0-emp,0.158,237.5
i02_8x16,L0-emp,0.159,237.5
i02_8x16,L0-emp,0.16,237.5
i02_8x16,L0-emp,0.161,237.5
i02_8x16,L0-emp,0.162,237.5
i02_8x16,L0-emp,0.163,237.5
i02_8x16,L0-emp,0.164,237.5
i02_8x16,L0-emp,0.165,237.5
i02_8x16,L0-emp,0.166,237.5
i02_8x16,L0-emp,0.167,237.5
i02_8x16,L0-emp,0.168,237.5
i02_8x16,L0-emp,0.169,237.5
i02_8x16,L0-emp,0.17,237.5
i02_8x16,L0-emp,0.171,237.5
i02_8x16,L0-emp,0.172,237.5
i02_8x16,L0-emp,0.173,237.5
i02_8x16,L0-emp,0.174,237.5
i02_8x16,L0-emp,0.175,237.5
i02_8x16,L0-emp,0.176,237.5
i02_8x16,L0-emp,0.177,239.99940490722656
i02_8x16,L0-emp,0.178,239.99940490722656
i02_8x16,L0-emp,0.179,239.99940490722656
i02_8x16,L0-emp,0.18,239.99940490722656
i02_8x16,L0-emp,0.181,239.99940490722656
i02_8x16,L0-emp,0.182,239.99940490722656
i02_8x16,L0-emp,0.183,239.99940490722656
i02_8x16,L0-emp,0.184,239.99940490722656
i02_8x16,L0-emp,0.185,239.99940490722656
i02_8x16,L0-emp,0.186,239.99940490722656
i02_8x16,L0-emp,0.187,239.99940490722656
i02_8x16,L0-emp,0.188,239.99940490722656
i02_8x16,L0-emp,0.189,239.99940490722656
i02_8x16,L0-emp,0.19,239.99940490722656
i02_8x16,L0-emp,0.191,239.99940490722656
i02_8x16,L0-emp,0.192,239.99940490722656
i02_8x16,L0-emp,0.193,239.99940490722656
i02_8x16,L0-emp,0.194,239.99940490722656
i02_8x16,L0-emp,0.195,239.99940490722656
i02_8x16,L0-emp,0.196,239.99940490722656
i02_8x16,L0-emp,0.197,239.99940490722656
i02_8x16,L0-emp,0.198,239.99940490722656
i02_8x16,L0-emp,0.199,239.99940490722656
i02_8x16,L0-emp,0.2,239.99940490722656
i02_8x16,L0-emp,0.201,239.99996948242188
i02_8x16,L0-emp,0.202,239.99996948242188
i02_8x16,L0-emp,0.203,239.99996948242188
i02_8x16,L0-emp,0.204,240.00001525878906
i02_8x16,L0-emp,0.205,240.00015258789062
i02_8x16,L0-emp,0.206,240.00015258789062
i02_8x16,L0-emp,0.207,240.00015258789062
i02_8x16,L0-emp,0.208,240.00015258789062
i02_8x16,L0-emp,0.209,240.00015258789062
i02_8x16,L0-emp,0.21,240.00015258789062
i02_8x16,L0-emp,0.211,240.00015258789062
i02_8x16,L0-emp,0.212,240.00015258789062
i02_8x16,L0-emp,0.213,240.00015258789062
i02_8x16,L0-emp,0.214,240.00015258789062
i02_8x16,L0-emp,0.215,240.00015258789062
i02_8x16,L0-emp,0.216,240.00015258789062
i02_8x16,L0-emp,0.217,240.00015258789062
i02_8x16,L0-emp,0.218,242.498779296875
i02_8x16,L0-emp,0.219,242.498779296875
i02_8x16,L0-emp,0.22,242.498779296875
i02_8x16,L0-emp,0.221,242.498779296875
i02_8x16,L0-emp,0.222,242.498779296875
i02_8x16,L0-emp,0.223,242.498779296875
i02_8x16,L0-emp,0.224,242.49993896484375
i02_8x16,L0-emp,0.225,242.49993896484375
i02_8x16,L0-emp,0.226,242.49993896484375
i02_8x16,L0-emp,0.227,242.49993896484375
i02_8x16,L0-emp,0.228,242.49993896484375
i02_8x16,L0-emp,0.229,242.49993896484375
i02_8x16,L0-emp,0.23,242.49993896484375
i02_8x16,L0-emp,0.231,242.50001525878906
i02_8x16,L0-emp,0.232,242.50001525878906
i02_8x16,L0-emp,0.233,242.50030517578125
i02_8x16,L0-emp,0.234,242.50030517578125
i02_8x16,L0-emp,0.235,242.50030517578125
i02_8x16,L0-emp,0.236,242.50030517578125
i02_8x16,L0-emp,0.237,242.50030517578125
i02_8x16,L0-emp,0.238,242.50030517578125
i02_8x16,L0-emp,0.239,242.50030517578125
i02_8x16,L0-emp,0.24,242.50030517578125
i02_8x16,L0-emp,0.241,242.50030517578125
i02_8x16,L0-emp,0.242,242.50030517578125
i02_8x16,L0-emp,0.243,242.50030517578125
i02_8x16,L0-emp,0.244,242.50030517578125
i02_8x16,L0-emp,0.245,242.50030517578125
i02_8x16,L0-emp,0.246,242.50030517578125
i02_8x16,L0-emp,0.247,242.50030517578125
i02_8x16,L0-emp,0.248,242.50030517578125
i02_8x16,L0-emp,0.249,242.50030517578125
i02_8x16,L0-emp,0.25,242.50030517578125
i02_8x16,L0-emp,0.251,242.50030517578125
i02_8x16,L0-emp,0.252,242.50030517578125
i02_8x16,L0-emp,0.253,242.50030517578125
i02_8x16,L0-emp,0.254,242.50030517578125
i02_8x16,L0-emp,0.255,242.50030517578125
i02_8x16,L0-emp,0.256,242.50030517578125
i02_8x16,L0-emp,0.257,242.50030517578125
i02_8x16,L0-emp,0.258,242.50030517578125
i02_8x16,L0-emp,0.259,244.99969482421875
i02_8x16,L0-emp,0.26,244.99969482421875
i02_8x16,L0-emp,0.261,244.99969482421875
i02_8x16,L0-emp,0.262,244.99969482421875
i02_8x16,L0-emp,0.263,244.99969482421875
i02_8x16,L0-emp,0.264,244.99969482421875
i02_8x16,L0-emp,0.265,244.99969482421875
i02_8x16,L0-emp,0.266,244.99969482421875
i02_8x16,L0-emp,0.267,244.99969482421875
i02_8x16,L0-emp,0.268,244.99969482421875
i02_8x16,L0-emp,0.269,244.99969482421875
i02_8x16,L0-emp,0.27,244.99969482421875
i02_8x16,L0-emp,0.271,244.99969482421875
i02_8x16,L0-emp,0.272,244.99969482421875
i02_8x16,L0-emp,0.273,244.99969482421875
i02_8x16,L0-emp,0.274,244.99969482421875
i02_8x16,L0-emp,0.275,244.99969482421875
i02_8x16,L0-emp,0.276,244.99969482421875
i02_8x16,L0-emp,0.277,244.99969482421875
i02_8x16,L0-emp,0.278,244.99969482421875
i02_8x16,L0-emp,0.279,244.99969482421875
i02_8x16,L0-emp,0.28,244.99969482421875
i02_8x16,L0-emp,0.281,244.99969482421875
i02_8x16,L0-emp,0.282,244.99969482421875
i02_8x16,L0-emp,0.283,244.99969482421875
i02_8x16,L0-emp,0.284,244.99969482421875
i02_8x16,L0-emp,0.285,244.99969482421875
i02_8x16,L0-emp,0.286,244.99998474121094
i02_8x16,L0-emp,0.287,244.99998474121094
i02_8x16,L0-emp,0.288,245.0
i02_8x16,L0-emp,0.289,245.0000762939453
i02_8x16,L0-emp,0.29,245.0000762939453
i02_8x16,L0-emp,0.291,245.0000762939453
i02_8x16,L0-emp,0.292,245.0000762939453
i02_8x16,L0-emp,0.293,245.0000762939453
i02_8x16,L0-emp,0.294,245.0000762939453
i02_8x16,L0-emp,0.295,245.001220703125
i02_8x16,L0-emp,0.296,245.001220703125
i02_8x16,L0-emp,0.297,245.001220703125
i02_8x16,L0-emp,0.298,245.001220703125
i02_8x16,L0-emp,0.299,245.001220703125
i02_8x16,L0-emp,0.3,245.001220703125
i02_8x16,L0-emp,0.301,247.49984741210938
i02_8x16,L0-emp,0.302,247.49984741210938
i02_8x16,L0-emp,0.303,247.49984741210938
i02_8x16,L0-emp,0.304,247.49984741210938
i02_8x16,L0-emp,0.305,247.49984741210938
i02_8x16,L0-emp,0.306,247.49984741210938
i02_8x16,L0-emp,0.307,247.49984741210938
i02_8x16,L0-emp,0.308,247.49984741210938
i02_8x16,L0-emp,0.309,247.49984741210938
i02_8x16,L0-emp,0.31,247.49984741210938
i02_8x16,L0-emp,0.311,247.49984741210938
i02_8x16,L0-emp,0.312,247.49984741210938
i02_8x16,L0-emp,0.313,247.49998474121094
i02_8x16,L0-emp,0.314,247.5000457763672
i02_8x16,L0-emp,0.315,247.5000457763672
i02_8x16,L0-emp,0.316,247.5000457763672
i02_8x16,L0-emp,0.317,247.5006103515625
i02_8x16,L0-emp,0.318,247.5006103515625
i02_8x16,L0-emp,0.319,247.5006103515625
i02_8x16,L0-emp,0.32,247.5006103515625
i02_8x16,L0-emp,0.321,247.5006103515625
i02_8x16,L0-emp,0.322,247.5006103515625
i02_8x16,L0-emp,0.323,247.5006103515625
i02_8x16,L0-emp,0.324,247.5006103515625
i02_8x16,L0-emp,0.325,247.5006103515625
i02_8x16,L0-emp,0.326,247.5006103515625
i02_8x16,L0-emp,0.327,247.5006103515625
i02_8x16,L0-emp,0.328,247.5006103515625
i02_8x16,L0-emp,0.329,247.5006103515625
i02_8x16,L0-emp,0.33,247.5006103515625
i02_8x16,L0-emp,0.331,247.5006103515625
i02_8x16,L0-emp,0.332,247.5006103515625
i02_8x16,L0-emp,0.333,247.5006103515625
i02_8x16,L0-emp,0.334,247.5006103515625
i02_8x16,L0-emp,0.335,247.5006103515625
i02_8x16,L0-emp,0.336,247.5006103515625
i02_8x16,L0-emp,0.337,247.5006103515625
i02_8x16,L0-emp,0.338,247.5006103515625
i02_8x16,L0-emp,0.339,247.5006103515625
i02_8x16,L0-emp,0.34,247.5006103515625
i02_8x16,L0-emp,0.341,250.0
i02_8x16,L0-emp,0.342,250.0
i02_8x16,L0-emp,0.343,250.0
i02_8x16,L0-emp,0.344,250.0
i02_8x16,L0-emp,0.345,250.0
i02_8x16,L0-emp,0.346,250.0
i02_8x16,L0-emp,0.347,250.0
i02_8x16,L0-emp,0.348,250.0
i02_8x16,L0-emp,0.349,250.0
i02_8x16,L0-emp,0.35,250.0
i02_8x16,L0-emp,0.351,250.0
i02_8x16,L0-emp,0.352,250.0
i02_8x16,L0-emp,0.353,250.0
i02_8x16,L0-emp,0.354,250.0
i02_8x16,L0-emp,0.355,250.0
i02_8x16,L0-emp,0.356,250.0
i02_8x16,L0-emp,0.357,250.0
i02_8x16,L0-emp,0.358,250.0
i02_8x16,L0-emp,0.359,250.0
i02_8x16,L0-emp,0.36,250.0
i02_8x16,L0-emp,0.361,250.0
i02_8x16,L0-emp,0.362,250.0
i02_8x16,L0-emp,0.363,250.0
i02_8x16,L0-emp,0.364,250.0
i02_8x16,L0-emp,0.365,250.0
i02_8x16,L0-emp,0.366,250.0
i02_8x16,L0-emp,0.367,250.0
i02_8x16,L0-emp,0.368,250.0
i02_8x16,L0-emp,0.369,250.0
i02_8x16,L0-emp,0.37,250.0
i02_8x16,L0-emp,0.371,250.0
i02_8x16,L0-emp,0.372,250.0
i02_8x16,L0-emp,0.373,250.0
i02_8x16,L0-emp,0.374,250.0
i02_8x16,L0-emp,0.375,250.0
i02_8x16,L0-emp,0.376,250.0
i02_8x16,L0-emp,0.377,250.0
i02_8x16,L0-emp,0.378,250.0
i02_8x16,L0-emp,0.379,252.49940490722656
i02_8x16,L0-emp,0.38,252.49940490722656
i02_8x16,L0-emp,0.381,252.49940490722656
i02_8x16,L0-emp,0.382,252.49940490722656
i02_8x16,L0-emp,0.383,252.49940490722656
i02_8x16,L0-emp,0.384,252.49940490722656
i02_8x16,L0-emp,0.385,252.49940490722656
i02_8x16,L0-emp,0.386,252.49940490722656
i02_8x16,L0-emp,0.387,252.49940490722656
i02_8x16,L0-emp,0.388,252.49940490722656
i02_8x16,L0-emp,0.389,252.49940490722656
i02_8x16,L0-emp,0.39,252.49940490722656
i02_8x16,L0-emp,0.391,252.49940490722656
i02_8x16,L0-emp,0.392,252.49940490722656
i02_8x16,L0-emp,0.393,252.49940490722656
i02_8x16,L0-emp,0.394,252.49940490722656
i02_8x16,L0-emp,0.395,252.49940490722656
i02_8x16,L0-emp,0.396,252.49940490722656
i02_8x16,L0-emp,0.397,252.49940490722656
i02_8x16,L0-emp,0.398,252.49940490722656
i02_8x16,L0-emp,0.399,252.49940490722656
i02_8x16,L0-emp,0.4,252.49996948242188
i02_8x16,L0-emp,0.401,252.49996948242188
i02_8x16,L0-emp,0.402,252.50006103515625
i02_8x16,L0-emp,0.403,252.50006103515625
i02_8x16,L0-emp,0.404,252.50015258789062
i02_8x16,L0-emp,0.405,252.50015258789062
i02_8x16,L0-emp,0.406,252.50015258789062
i02_8x16,L0-emp,0.407,252.50015258789062
i02_8x16,L0-emp,0.408,252.50015258789062
i02_8x16,L0-emp,0.409,252.50015258789062
i02_8x16,L0-emp,0.41,252.50015258789062
i02_8x16,L0-emp,0.411,252.50015258789062
i02_8x16,L0-emp,0.412,252.50015258789062
i02_8x16,L0-emp,0.413,252.50015258789062
i02_8x16,L0-emp,0.414,252.50015258789062
i02_8x16,L0-emp,0.415,252.50015258789062
i02_8x16,L0-emp,0.416,254.998779296875
i02_8x16,L0-emp,0.417,254.998779296875
i02_8x16,L0-emp,0.418,254.998779296875
i02_8x16,L0-emp,0.419,254.998779296875
i02_8x16,L0-emp,0.42,254.998779296875
i02_8x16,L0-emp,0.421,254.998779296875
i02_8x16,L0-emp,0.422,254.99993896484375
i02_8x16,L0-emp,0.423,254.99993896484375
i02_8x16,L0-emp,0.424,254.99993896484375
i02_8x16,L0-emp,0.425,254.99993896484375
i02_8x16,L0-emp,0.426,254.99993896484375
i02_8x16,L0-emp,0.427,255.00003051757812
i02_8x16,L0-emp,0.428,255.00003051757812
i02_8x16,L0-emp,0.429,255.0003204345703
i02_8x16,L0-emp,0.43,255.0003204345703
i02_8x16,L0-emp,0.431,255.0003204345703
i02_8x16,L0-emp,0.432,255.0003204345703
i02_8x16,L0-emp,0.433,255.0003204345703
i02_8x16,L0-emp,0.434,255.0003204345703
i02_8x16,L0-emp,0.435,255.0003204345703
i02_8x16,L0-emp,0.436,255.0003204345703
i02_8x16,L0-emp,0.437,255.0003204345703
i02_8x16,L0-emp,0.438,255.0003204345703
i02_8x16,L0-emp,0.439,255.0003204345703
i02_8x16,L0-emp,0.44,255.0003204345703
i02_8x16,L0-emp,0.441,255.0003204345703
i02_8x16,L0-emp,0.442,255.0003204345703
i02_8x16,L0-emp,0.443,255.0003204345703
i02_8x16,L0-emp,0.444,255.0003204345703
i02_8x16,L0-emp,0.445,255.0003204345703
i02_8x16,L0-emp,0.446,255.0003204345703
i02_8x16,L0-emp,0.447,255.0003204345703
i02_8x16,L0-emp,0.448,255.0003204345703
i02_8x16,L0-emp,0.449,255.0003204345703
i02_8x16,L0-emp,0.45,257.49969482421875
i02_8x16,L0-emp,0.451,257.49969482421875
i02_8x16,L0-emp,0.452,257.49969482421875
i02_8x16,L0-emp,0.453,257.49969482421875
i02_8x16,L0-emp,0.454,257.49969482421875
i02_8x16,L0-emp,0.455,257.49969482421875
i02_8x16,L0-emp,0.456,257.49969482421875
i02_8x16,L0-emp,0.457,257.49969482421875
i02_8x16,L0-emp,0.458,257.49969482421875
i02_8x16,L0-emp,0.459,257.49969482421875
i02_8x16,L0-emp,0.46,257.49969482421875
i02_8x16,L0-emp,0.461,257.49969482421875
i02_8x16,L0-emp,0.462,257.49969482421875
i02_8x16,L0-emp,0.463,257.49969482421875
i02_8x16,L0-emp,0.464,257.49969482421875
i02_8x16,L0-emp,0.465,257.49969482421875
i02_8x16,L0-emp,0.466,257.49969482421875
i02_8x16,L0-emp,0.467,257.49969482421875
i02_8x16,L0-emp,0.468,257.49969482421875
i02_8x16,L0-emp,0.469,257.49969482421875
i02_8x16,L0-emp,0.47,257.5000305175781
i02_8x16,L0-emp,0.471,257.5000915527344
i02_8x16,L0-emp,0.472,257.5000915527344
i02_8x16,L0-emp,0.473,257.5000915527344
i02_8x16,L0-emp,0.474,257.5000915527344
i02_8x16,L0-emp,0.475,257.5000915527344
i02_8x16,L0-emp,0.476,257.501220703125
i02_8x16,L0-emp,0.477,257.501220703125
i02_8x16,L0-emp,0.478,257.501220703125
i02_8x16,L0-emp,0.479,257.501220703125
i02_8x16,L0-emp,0.48,257.501220703125
i02_8x16,L0-emp,0.481,259.9998474121094
i02_8x16,L0-emp,0.482,259.9998474121094
i02_8x16,L0-emp,0.483,259.9998474121094
i02_8x16,L0-emp,0.484,259.9998474121094
i02_8x16,L0-emp,0.485,259.9998474121094
i02_8x16,L0-emp,0.486,259.9998474121094
i02_8x16,L0-emp,0.487,259.9998474121094
i02_8x16,L0-emp,0.488,259.9998474121094
i02_8x16,L0-emp,0.489,260.0
i02_8x16,L0-emp,0.49,260.00006103515625
i02_8x16,L0-emp,0.491,260.00006103515625
i02_8x16,L0-emp,0.492,260.0006103515625
i02_8x16,L0-emp,0.493,260.0006103515625
i02_8x16,L0-emp,0.494,260.0006103515625
i02_8x16,L0-emp,0.495,260.0006103515625
i02_8x16,L0-emp,0.496,260.0006103515625
i02_8x16,L0-emp,0.497,260.0006103515625
i02_8x16,L0-emp,0.498,260.0006103515625
i02_8x16,L0-emp,0.499,260.0006103515625
i02_8x16,L0-emp,0.5,260.0006103515625
i02_8x16,L0-emp,0.501,260.0006103515625
i02_8x16,L0-emp,0.502,260.0006103515625
i02_8x16,L0-emp,0.503,260.0006103515625
i02_8x16,L0-emp,0.504,260.0006103515625
i02_8x16,L0-emp,0.505,260.0006103515625
i02_8x16,L0-emp,0.506,260.0006103515625
i02_8x16,L0-emp,0.507,262.5000305175781
i02_8x16,L0-emp,0.508,262.5000305175781
i02_8x16,L0-emp,0.509,262.5000305175781
i02_8x16,L0-emp,0.51,262.5000305175781
i02_8x16,L0-emp,0.511,262.5000305175781
i02_8x16,L0-emp,0.512,262.5000305175781
i02_8x16,L0-emp,0.513,262.5000305175781
i02_8x16,L0-emp,0.514,262.5000305175781
i02_8x16,L0-emp,0.515,262.5000305175781
i02_8x16,L0-emp,0.516,262.5000305175781
i02_8x16,L0-emp,0.517,262.5000305175781
i02_8x16,L0-emp,0.518,262.5000305175781
i02_8x16,L0-emp,0.519,262.5000305175781
i02_8x16,L0-emp,0.52,262.5000305175781
i02_8x16,L0-emp,0.521,262.5000305175781
i02_8x16,L0-emp,0.522,262.5000305175781
i02_8x16,L0-emp,0.523,262.5000305175781
i02_8x16,L0-emp,0.524,262.5000305175781
i02_8x16,L0-emp,0.525,262.5000305175781
i02_8x16,L0-emp,0.526,262.5000305175781
i02_8x16,L0-emp,0.527,262.5000305175781
i02_8x16,L0-emp,0.528,262.5000305175781
i02_8x16,L0-emp,0.529,262.5000305175781
i02_8x16,L0-emp,0.53,262.5000305175781
i02_8x16,L0-emp,0.531,262.5000305175781
i02_8x16,L0-emp,0.532,262.5000305175781
i02_8x16,L0-emp,0.533,264.9993896484375
i02_8x16,L0-emp,0.534,264.9993896484375
i02_8x16,L0-emp,0.535,264.9993896484375
i02_8x16,L0-emp,0.536,264.9993896484375
i02_8x16,L0-emp,0.537,264.9993896484375
i02_8x16,L0-emp,0.538,264.9993896484375
i02_8x16,L0-emp,0.539,264.9993896484375
i02_8x16,L0-emp,0.54,264.9993896484375
i02_8x16,L0-emp,0.541,264.9993896484375
i02_8x16,L0-emp,0.542,264.9993896484375
i02_8x16,L0-emp,0.543,264.9993896484375
i02_8x16,L0-emp,0.544,264.9993896484375
i02_8x16,L0-emp,0.545,264.9999694824219
i02_8x16,L0-emp,0.546,265.0001525878906
i02_8x16,L0-emp,0.547,265.0001525878906
i02_8x16,L0-emp,0.548,265.0001525878906
i02_8x16,L0-emp,0.549,265.0001525878906
i02_8x16,L0-emp,0.55,265.0001525878906
i02_8x16,L0-emp,0.551,265.0001525878906
i02_8x16,L0-emp,0.552,265.0001525878906
i02_8x16,L0-emp,0.553,267.498779296875
i02_8x16,L0-emp,0.554,267.498779296875
i02_8x16,L0-emp,0.555,267.498779296875
i02_8x16,L0-emp,0.556,267.49993896484375
i02_8x16,L0-emp,0.557,267.49993896484375
i02_8x16,L0-emp,0.558,267.49993896484375
i02_8x16,L0-emp,0.559,267.49993896484375
i02_8x16,L0-emp,0.56,267.5
i02_8x16,L0-emp,0.561,267.50030517578125
i02_8x16,L0-emp,0.562,267.50030517578125
i02_8x16,L0-emp,0.563,267.50030517578125
i02_8x16,L0-emp,0.564,267.50030517578125
i02_8x16,L0-emp,0.565,267.50030517578125
i02_8x16,L0-emp,0.566,267.50030517578125
i02_8x16,L0-emp,0.567,267.50030517578125
i02_8x16,L0-emp,0.568,267.50030517578125
i02_8x16,L0-emp,0.569,267.50030517578125
i02_8x16,L0-emp,0.57,267.50030517578125
i02_8x16,L0-emp,0.571,267.50030517578125
i02_8x16,L0-emp,0.572,267.50030517578125
i02_8x16,L0-emp,0.573,267.50030517578125
i02_8x16,L0-emp,0.574,269.9997253417969
i02_8x16,L0-emp,0.575,269.9997253417969
i02_8x16,L0-emp,0.576,269.9997253417969
i02_8x16,L0-emp,0.577,269.9997253417969
i02_8x16,L0-emp,0.578,269.9997253417969
i02_8x16,L0-emp,0.579,269.9997253417969
i02_8x16,L0-emp,0.58,269.9997253417969
i02_8x16,L0-emp,0.581,269.9997253417969
i02_8x16,L0-emp,0.582,269.9997253417969
i02_8x16,L0-emp,0.583,269.9997253417969
i02_8x16,L0-emp,0.584,269.9997253417969
i02_8x16,L0-emp,0.585,269.9997253417969
i02_8x16,L0-emp,0.586,269.9997253417969
i02_8x16,L0-emp,0.587,269.9999694824219
i02_8x16,L0-emp,0.588,270.00006103515625
i02_8x16,L0-emp,0.589,270.00006103515625
i02_8x16,L0-emp,0.59,270.00006103515625
i02_8x16,L0-emp,0.591,270.001220703125
i02_8x16,L0-emp,0.592,270.001220703125
i02_8x16,L0-emp,0.593,270.001220703125
i02_8x16,L0-emp,0.594,272.4998474121094
i02_8x16,L0-emp,0.595,272.4998474121094
i02_8x16,L0-emp,0.596,272.4998474121094
i02_8x16,L0-emp,0.597,272.4998474121094
i02_8x16,L0-emp,0.598,272.4998474121094
i02_8x16,L0-emp,0.599,272.5000305175781
i02_8x16,L0-emp,0.6,272.5000305175781
i02_8x16,L0-emp,0.601,272.5006103515625
i02_8x16,L0-emp,0.602,272.5006103515625
i02_8x16,L0-emp,0.603,272.5006103515625
i02_8x16,L0-emp,0.604,272.5006103515625
i02_8x16,L0-emp,0.605,272.5006103515625
i02_8x16,L0-emp,0.606,272.5006103515625
i02_8x16,L0-emp,0.607,272.5006103515625
i02_8x16,L0-emp,0.608,272.5006103515625
i02_8x16,L0-emp,0.609,272.5006103515625
i02_8x16,L0-emp,0.61,275.0
i02_8x16,L0-emp,0.611,275.0
i02_8x16,L0-emp,0.612,275.0
i02_8x16,L0-emp,0.613,275.0
i02_8x16,L0-emp,0.614,275.0
i02_8x16,L0-emp,0.615,275.0
i02_8x16,L0-emp,0.616,275.0
i02_8x16,L0-emp,0.617,275.0
i02_8x16,L0-emp,0.618,275.0
i02_8x16,L0-emp,0.619,275.0
i02_8x16,L0-emp,0.62,275.0
i02_8x16,L0-emp,0.621,275.0
i02_8x16,L0-emp,0.622,275.0
i02_8x16,L0-emp,0.623,275.0
i02_8x16,L0-emp,0.624,275.0
i02_8x16,L0-emp,0.625,275.0
i02_8x16,L0-emp,0.626,277.4994201660156
i02_8x16,L0-emp,0.627,277.4994201660156
i02_8x16,L0-emp,0.628,277.4994201660156
i02_8x16,L0-emp,0.629,277.4994201660156
i02_8x16,L0-emp,0.63,277.4994201660156
i02_8x16,L0-emp,0.631,277.4994201660156
i02_8x16,L0-emp,0.632,277.4994201660156
i02_8x16,L0-emp,0.633,277.4994201660156
i02_8x16,L0-emp,0.634,277.4999694824219
i02_8x16,L0-emp,0.635,277.5
i02_8x16,L0-emp,0.636,277.5001525878906
i02_8x16,L0-emp,0.637,277.5001525878906
i02_8x16,L0-emp,0.638,277.5001525878906
i02_8x16,L0-emp,0.639,277.5001525878906
i02_8x16,L0-emp,0.64,279.998779296875
i02_8x16,L0-emp,0.641,279.998779296875
i02_8x16,L0-emp,0.642,279.99993896484375
i02_8x16,L0-emp,0.643,279.99993896484375
i02_8x16,L0-emp,0.644,279.99993896484375
i02_8x16,L0-emp,0.645,280.00030517578125
i02_8x16,L0-emp,0.646,280.00030517578125
i02_8x16,L0-emp,0.647,280.00030517578125
i02_8x16,L0-emp,0.648,280.00030517578125
i02_8x16,L0-emp,0.649,280.00030517578125
i02_8x16,L0-emp,0.65,280.00030517578125
i02_8x16,L0-emp,0.651,280.00030517578125
i02_8x16,L0-emp,0.652,280.00030517578125
i02_8x16,L0-emp,0.653,280.00030517578125
i02_8x16,L0-emp,0.654,282.49969482421875
i02_8x16,L0-emp,0.655,282.49969482421875
i02_8x16,L0-emp,0.656,282.49969482421875
i02_8x16,L0-emp,0.657,282.49969482421875
i02_8x16,L0-emp,0.658,282.49969482421875
i02_8x16,L0-emp,0.659,282.49969482421875
i02_8x16,L0-emp,0.66,282.49969482421875
i02_8x16,L0-emp,0.661,282.49969482421875
i02_8x16,L0-emp,0.662,282.5000915527344
i02_8x16,L0-emp,0.663,282.5000915527344
i02_8x16,L0-emp,0.664,282.5000915527344
i02_8x16,L0-emp,0.665,282.501220703125
i02_8x16,L0-emp,0.666,282.501220703125
i02_8x16,L0-emp,0.667,284.9998474121094
i02_8x16,L0-emp,0.668,284.9998474121094
i02_8x16,L0-emp,0.669,284.9998474121094
i02_8x16,L0-emp,0.67,285.0
i02_8x16,L0-emp,0.671,285.00006103515625
i02_8x16,L0-emp,0.672,285.0006103515625
i02_8x16,L0-emp,0.673,285.0006103515625
i02_8x16,L0-emp,0.674,285.0006103515625
i02_8x16,L0-emp,0.675,285.0006103515625
i02_8x16,L0-emp,0.676,285.0006103515625
i02_8x16,L0-emp,0.677,285.0006103515625
i02_8x16,L0-emp,0.678,285.0006103515625
i02_8x16,L0-emp,0.679,287.5
i02_8x16,L0-emp,0.68,287.5
i02_8x16,L0-emp,0.681,287.5
i02_8x16,L0-emp,0.682,287.5
i02_8x16,L0-emp,0.683,287.5
i02_8x16,L0-emp,0.684,287.5
i02_8x16,L0-emp,0.685,287.5
i02_8x16,L0-emp,0.686,287.5
i02_8x16,L0-emp,0.687,287.5
i02_8x16,L0-emp,0.688,287.5
i02_8x16,L0-emp,0.689,289.9993896484375
i02_8x16,L0-emp,0.69,289.9993896484375
i02_8x16,L0-emp,0.691,289.9993896484375
i02_8x16,L0-emp,0.692,289.9993896484375
i02_8x16,L0-emp,0.693,289.9993896484375
i02_8x16,L0-emp,0.694,289.9993896484375
i02_8x16,L0-emp,0.695,289.9999694824219
i02_8x16,L0-emp,0.696,290.00018310546875
i02_8x16,L0-emp,0.697,290.00018310546875
i02_8x16,L0-emp,0.698,290.00018310546875
i02_8x16,L0-emp,0.699,290.00018310546875
i02_8x16,L0-emp,0.7,292.4988098144531
i02_8x16,L0-emp,0.701,292.4988098144531
i02_8x16,L0-emp,0.702,292.49993896484375
i02_8x16,L0-emp,0.703,292.5000305175781
i02_8x16,L0-emp,0.704,292.50030517578125
i02_8x16,L0-emp,0.705,292.50030517578125
i02_8x16,L0-emp,0.706,292.50030517578125
i02_8x16,L0-emp,0.707,292.50030517578125
i02_8x16,L0-emp,0.708,292.50030517578125
i02_8x16,L0-emp,0.709,292.50030517578125
i02_8x16,L0-emp,0.71,294.99969482421875
i02_8x16,L0-emp,0.711,294.99969482421875
i02_8x16,L0-emp,0.712,294.99969482421875
i02_8x16,L0-emp,0.713,294.99969482421875
i02_8x16,L0-emp,0.714,294.99969482421875
i02_8x16,L0-emp,0.715,294.99969482421875
i02_8x16,L0-emp,0.716,294.99969482421875
i02_8x16,L0-emp,0.717,295.00006103515625
i02_8x16,L0-emp,0.718,295.00006103515625
i02_8x16,L0-emp,0.719,295.0012512207031
i02_8x16,L0-emp,0.72,297.4998779296875
i02_8x16,L0-emp,0.721,297.4998779296875
i02_8x16,L0-emp,0.722,297.4998779296875
i02_8x16,L0-emp,0.723,297.4999694824219
i02_8x16,L0-emp,0.724,297.5000305175781
i02_8x16,L0-emp,0.725,297.5006103515625
i02_8x16,L0-emp,0.726,297.5006103515625
i02_8x16,L0-emp,0.727,297.5006103515625
i02_8x16,L0-emp,0.728,297.5006103515625
i02_8x16,L0-emp,0.729,297.5006103515625
i02_8x16,L0-emp,0.73,300.0
i02_8x16,L0-emp,0.731,300.0
i02_8x16,L0-emp,0.732,300.0
i02_8x16,L0-emp,0.733,300.0
i02_8x16,L0-emp,0.734,300.0
i02_8x16,L0-emp,0.735,300.0
i02_8x16,L0-emp,0.736,300.0
i02_8x16,L0-emp,0.737,300.0
i02_8x16,L0-emp,0.738,300.0
i02_8x16,L0-emp,0.739,300.0
i02_8x16,L0-emp,0.74,302.4993896484375
i02_8x16,L0-emp,0.741,302.4993896484375
i02_8x16,L0-emp,0.742,302.4993896484375
i02_8x16,L0-emp,0.743,302.4993896484375
i02_8x16,L0-emp,0.744,302.4993896484375
i02_8x16,L0-emp,0.745,302.5001525878906
i02_8x16,L0-emp,0.746,302.5001525878906
i02_8x16,L0-emp,0.747,302.5001525878906
i02_8x16,L0-emp,0.748,304.9999084472656
i02_8x16,L0-emp,0.749,305.00030517578125
i02_8x16,L0-emp,0.75,305.00030517578125
i02_8x16,L0-emp,0.751,307.49969482421875
i02_8x16,L0-emp,0.752,307.49969482421875
i02_8x16,L0-emp,0.753,307.49969482421875
i02_8x16,L0-emp,0.754,307.49969482421875
i02_8x16,L0-emp,0.755,307.5000915527344
i02_8x16,L0-emp,0.756,307.501220703125
i02_8x16,L0-emp,0.757,307.501220703125
i02_8x16,L0-emp,0.758,309.9998474121094
i02_8x16,L0-emp,0.759,310.0006408691406
i02_8x16,L0-emp,0.76,310.0006408691406
i02_8x16,L0-emp,0.761,312.5
i02_8x16,L0-emp,0.762,312.5
i02_8x16,L0-emp,0.763,312.5
i02_8x16,L0-emp,0.764,312.5
i02_8x16,L0-emp,0.765,314.9993896484375
i02_8x16,L0-emp,0.766,314.9993896484375
i02_8x16,L0-emp,0.767,314.9999694824219
i02_8x16,L0-emp,0.768,315.0001525878906
i02_8x16,L0-emp,0.769,317.498779296875
i02_8x16,L0-emp,0.77,317.49993896484375
i02_8x16,L0-emp,0.771,317.5003356933594
i02_8x16,L0-emp,0.772,317.5003356933594
i02_8x16,L0-emp,0.773,317.5003356933594
i02_8x16,L0-emp,0.774,319.99969482421875
i02_8x16,L0-emp,0.775,319.99969482421875
i02_8x16,L0-emp,0.776,319.99969482421875
i02_8x16,L0-emp,0.777,320.0000915527344
i02_8x16,L0-emp,0.778,322.4998474121094
i02_8x16,L0-emp,0.779,322.4998474121094
i02_8x16,L0-emp,0.78,322.5006103515625
i02_8x16,L0-emp,0.781,322.5006103515625
i02_8x16,L0-emp,0.782,322.5006103515625
i02_8x16,L0-emp,0.783,325.0000305175781
i02_8x16,L0-emp,0.784,325.0000305175781
i02_8x16,L0-emp,0.785,325.0000305175781
i02_8x16,L0-emp,0.786,325.0000305175781
i02_8x16,L0-emp,0.787,327.4993896484375
i02_8x16,L0-emp,0.788,327.4993896484375
i02_8x16,L0-emp,0.789,327.5001525878906
i02_8x16,L0-emp,0.79,327.5001525878906
i02_8x16,L0-emp,0.791,329.99993896484375
i02_8x16,L0-emp,0.792,330.00030517578125
i02_8x16,L0-emp,0.793,330.00030517578125
i02_8x16,L0-emp,0.794,330.00030517578125
i02_8x16,L0-emp,0.795,332.4997253417969
i02_8x16,L0-emp,0.796,332.4997253417969
i02_8x16,L0-emp,0.797,332.50006103515625
i02_8x16,L0-emp,0.798,332.501220703125
i02_8x16,L0-emp,0.799,334.9998474121094
i02_8x16,L0-emp,0.8,335.0006103515625
i02_8x16,L0-emp,0.801,335.0006103515625
i02_8x16,L0-emp,0.802,335.0006103515625
i02_8x16,L0-emp,0.803,337.5
i02_8x16,L0-emp,0.804,337.5
i02_8x16,L0-emp,0.805,337.5
i02_8x16,L0-emp,0.806,337.5
i02_8x16,L0-emp,0.807,339.9994201660156
i02_8x16,L0-emp,0.808,339.9994201660156
i02_8x16,L0-emp,0.809,340.0001525878906
i02_8x16,L0-emp,0.81,340.0001525878906
i02_8x16,L0-emp,0.811,342.49993896484375
i02_8x16,L0-emp,0.812,342.50030517578125
i02_8x16,L0-emp,0.813,342.50030517578125
i02_8x16,L0-emp,0.814,342.50030517578125
i02_8x16,L0-emp,0.815,344.99969482421875
i02_8x16,L0-emp,0.816,344.99969482421875
i02_8x16,L0-emp,0.817,345.0000915527344
i02_8x16,L0-emp,0.818,345.001220703125
i02_8x16,L0-emp,0.819,347.4998474121094
i02_8x16,L0-emp,0.82,347.50006103515625
i02_8x16,L0-emp,0.821,347.5006103515625
i02_8x16,L0-emp,0.822,347.5006103515625
i02_8x16,L0-emp,0.823,350.0
i02_8x16,L0-emp,0.824,350.0
i02_8x16,L0-emp,0.825,350.0
i02_8x16,L0-emp,0.826,352.4993896484375
i02_8x16,L0-emp,0.827,352.4993896484375
i02_8x16,L0-emp,0.828,352.4993896484375
i02_8x16,L0-emp,0.829,352.50018310546875
i02_8x16,L0-emp,0.83,352.50018310546875
i02_8x16,L0-emp,0.831,354.99993896484375
i02_8x16,L0-emp,0.832,355.00030517578125
i02_8x16,L0-emp,0.833,355.00030517578125
i02_8x16,L0-emp,0.834,355.00030517578125
i02_8x16,L0-emp,0.835,357.49969482421875
i02_8x16,L0-emp,0.836,357.49969482421875
i02_8x16,L0-emp,0.837,357.50006103515625
i02_8x16,L0-emp,0.838,357.5012512207031
i02_8x16,L0-emp,0.839,359.9998779296875
i02_8x16,L0-emp,0.84,360.0006103515625
i02_8x16,L0-emp,0.841,360.0006103515625
i02_8x16,L0-emp,0.842,362.5
i02_8x16,L0-emp,0.843,362.5
i02_8x16,L0-emp,0.844,362.5
i02_8x16,L0-emp,0.845,364.9993896484375
i02_8x16,L0-emp,0.846,364.9993896484375
i02_8x16,L0-emp,0.847,365.0
i02_8x16,L0-emp,0.848,365.0001525878906
i02_8x16,L0-emp,0.849,367.4999084472656
i02_8x16,L0-emp,0.85,367.50030517578125
i02_8x16,L0-emp,0.851,367.50030517578125
i02_8x16,L0-emp,0.852,369.99969482421875
i02_8x16,L0-emp,0.853,369.99969482421875
i02_8x16,L0-emp,0.854,370.0000915527344
i02_8x16,L0-emp,0.855,372.4998474121094
i02_8x16,L0-emp,0.856,372.5000305175781
i02_8x16,L0-emp,0.857,372.5006408691406
i02_8x16,L0-emp,0.858,375.0
i02_8x16,L0-emp,0.859,375.0
i02_8x16,L0-emp,0.86,375.0
i02_8x16,L0-emp,0.861,375.0
i02_8x16,L0-emp,0.862,377.4993896484375
i02_8x16,L0-emp,0.863,377.4993896484375
i02_8x16,L0-emp,0.864,377.5001525878906
i02_8x16,L0-emp,0.865,379.998779296875
i02_8x16,L0-emp,0.866,380.0003356933594
i02_8x16,L0-emp,0.867,380.0003356933594
i02_8x16,L0-emp,0.868,382.49969482421875
i02_8x16,L0-emp,0.869,382.49969482421875
i02_8x16,L0-emp,0.87,382.49969482421875
i02_8x16,L0-emp,0.871,382.501220703125
i02_8x16,L0-emp,0.872,384.9998474121094
i02_8x16,L0-emp,0.873,385.0006103515625
i02_8x16,L0-emp,0.874,387.5000305175781
i02_8x16,L0-emp,0.875,387.5000305175781
i02_8x16,L0-emp,0.876,387.5000305175781
i02_8x16,L0-emp,0.877,389.9993896484375
i02_8x16,L0-emp,0.878,389.9993896484375
i02_8x16,L0-emp,0.879,390.0001525878906
i02_8x16,L0-emp,0.88,392.49993896484375
i02_8x16,L0-emp,0.881,392.50030517578125
i02_8x16,L0-emp,0.882,394.9997253417969
i02_8x16,L0-emp,0.883,395.0
i02_8x16,L0-emp,0.884,397.4998474121094
i02_8x16,L0-emp,0.885,397.5000305175781
i02_8x16,L0-emp,0.886,397.5006103515625
i02_8x16,L0-emp,0.887,400.0
i02_8x16,L0-emp,0.888,400.0
i02_8x16,L0-emp,0.889,400.0
i02_8x16,L0-emp,0.89,402.4994201660156
i02_8x16,L0-emp,0.891,402.4994201660156
i02_8x16,L0-emp,0.892,402.5001525878906
i02_8x16,L0-emp,0.893,405.00030517578125
i02_8x16,L0-emp,0.894,407.49969482421875
i02_8x16,L0-emp,0.895,407.5000915527344
i02_8x16,L0-emp,0.896,410.0
i02_8x16,L0-emp,0.897,410.0006103515625
i02_8x16,L0-emp,0.898,412.5
i02_8x16,L0-emp,0.899,414.9993896484375
i02_8x16,L0-emp,0.9,417.4988098144531
i02_8x16,L0-emp,0.901,417.50030517578125
i02_8x16,L0-emp,0.902,419.99969482421875
i02_8x16,L0-emp,0.903,422.4998779296875
i02_8x16,L0-emp,0.904,422.5006103515625
i02_8x16,L0-emp,0.905,425.0
i02_8x16,L0-emp,0.906,427.4993896484375
i02_8x16,L0-emp,0.907,427.5001525878906
i02_8x16,L0-emp,0.908,430.00030517578125
i02_8x16,L0-emp,0.909,432.49969482421875
i02_8x16,L0-emp,0.91,435.0006408691406
i02_8x16,L0-emp,0.911,437.5
i02_8x16,L0-emp,0.912,437.5
i02_8x16,L0-emp,0.913,439.9999694824219
i02_8x16,L0-emp,0.914,442.5003356933594
i02_8x16,L0-emp,0.915,444.99969482421875
i02_8x16,L0-emp,0.916,447.4998474121094
i02_8x16,L0-emp,0.917,447.5006103515625
i02_8x16,L0-emp,0.918,450.0000305175781
i02_8x16,L0-emp,0.919,452.4999694824219
i02_8x16,L0-emp,0.92,455.0
i02_8x16,L0-emp,0.921,457.4997253417969
i02_8x16,L0-emp,0.922,457.50006103515625
i02_8x16,L0-emp,0.923,460.0006103515625
i02_8x16,L0-emp,0.924,462.5
i02_8x16,L0-emp,0.925,462.5
i02_8x16,L0-emp,0.926,464.9994201660156
i02_8x16,L0-emp,0.927,467.498779296875
i02_8x16,L0-emp,0.928,467.50030517578125
i02_8x16,L0-emp,0.929,470.0000915527344
i02_8x16,L0-emp,0.93,472.5006103515625
i02_8x16,L0-emp,0.931,475.0
i02_8x16,L0-emp,0.932,477.4993896484375
i02_8x16,L0-emp,0.933,477.50018310546875
i02_8x16,L0-emp,0.934,480.00030517578125
i02_8x16,L0-emp,0.935,482.49969482421875
i02_8x16,L0-emp,0.936,482.5012512207031
i02_8x16,L0-emp,0.937,485.0006103515625
i02_8x16,L0-emp,0.938,487.5
i02_8x16,L0-emp,0.939,487.5
i02_8x16,L0-emp,0.94,489.9993896484375
i02_8x16,L0-emp,0.941,492.498779296875
i02_8x16,L0-emp,0.942,492.50030517578125
i02_8x16,L0-emp,0.943,494.99969482421875
i02_8x16,L0-emp,0.944,495.001220703125
i02_8x16,L0-emp,0.945,497.5000305175781
i02_8x16,L0-emp,0.946,497.5006408691406
i02_8x16,L0-emp,0.947,500.0
i02_8x16,L0-emp,0.948,502.4993896484375
i02_8x16,L0-emp,0.949,502.50018310546875
i02_8x16,L0-emp,0.95,507.49969482421875
i02_8x16,L0-emp,0.951,510.0006408691406
i02_8x16,L0-emp,0.952,512.5
i02_8x16,L0-emp,0.953,515.0001831054688
i02_8x16,L0-emp,0.954,517.5003662109375
i02_8x16,L0-emp,0.955,519.9996948242188
i02_8x16,L0-emp,0.956,522.4998779296875
i02_8x16,L0-emp,0.957,525.0000610351562
i02_8x16,L0-emp,0.958,527.4993896484375
i02_8x16,L0-emp,0.959,529.998779296875
i02_8x16,L0-emp,0.96,532.499755859375
i02_8x16,L0-emp,0.961,535.0006103515625
i02_8x16,L0-emp,0.962,537.5
i02_8x16,L0-emp,0.963,542.498779296875
i02_8x16,L0-emp,0.964,544.9996948242188
i02_8x16,L0-emp,0.965,547.5006103515625
i02_8x16,L0-emp,0.966,550.0
i02_8x16,L0-emp,0.967,555.0003051757812
i02_8x16,L0-emp,0.968,562.5
i02_8x16,L0-emp,0.969,565.0001831054688
i02_8x16,L0-emp,0.97,572.5006713867188
i02_8x16,L0-emp,0.971,579.9999389648438
i02_8x16,L0-emp,0.972,585.0
i02_8x16,L0-emp,0.973,590.0001220703125
i02_8x16,L0-emp,0.974,597.4998779296875
i02_8x16,L0-emp,0.975,604.9999389648438
i02_8x16,L0-emp,0.976,614.9993896484375
i02_8x16,L0-emp,0.977,629.998779296875
i02_8x16,L0-emp,0.978,637.5
i02_8x16,L0-emp,0.979,647.5006103515625
i02_8x16,L0-emp,0.98,657.499755859375
i02_8x16,L0-emp,0.981,662.5
i02_8x16,L0-emp,0.982,672.4998168945312
i02_8x16,L0-emp,0.983,679.9988403320312
i02_8x16,L0-emp,0.984,689.9993896484375
i02_8x16,L0-emp,0.985,697.4998779296875
i02_8x16,L0-emp,0.986,705.0001220703125
i02_8x16,L0-emp,0.987,719.999755859375
i02_8x16,L0-emp,0.988,735.0006103515625
i02_8x16,L0-emp,0.989,757.4996948242188
i02_8x16,L0-emp,0.99,777.4993896484375
i02_8x16,L0-emp,0.991,792.5003051757812
i02_8x16,L0-emp,0.992,820.0001220703125
i02_8x16,L0-emp,0.993,845.0000610351562
i02_8x16,L0-emp,0.994,872.5000610351562
i02_8x16,L0-emp,0.995,892.5003662109375
i02_8x16,L0-emp,0.996,919.9996948242188
i02_8x16,L0-emp,0.997,947.4998779296875
i02_8x16,L0-emp,0.998,984.9998168945312
i02_8x16,L0-emp,0.999,1032.4996337890625
i02_8x16,L0-emp,1.0,1787.5
i02_8x16,L1,0.0,112.50000762939453
i02_8x16,L1,0.001,210.00062561035156
i02_8x16,L1,0.002,232.4997100830078
i02_8x16,L1,0.003,244.99969482421875
i02_8x16,L1,0.004,250.0
i02_8x16,L1,0.005,250.0
i02_8x16,L1,0.006,252.49996948242188
i02_8x16,L1,0.007,255.00003051757812
i02_8x16,L1,0.008,255.0003204345703
i02_8x16,L1,0.009,257.49969482421875
i02_8x16,L1,0.01,257.49969482421875
i02_8x16,L1,0.011,257.501220703125
i02_8x16,L1,0.012,259.9998474121094
i02_8x16,L1,0.013,259.9998474121094
i02_8x16,L1,0.014,259.9998474121094
i02_8x16,L1,0.015,260.00006103515625
i02_8x16,L1,0.016,260.0006103515625
i02_8x16,L1,0.017,260.0006103515625
i02_8x16,L1,0.018,260.0006103515625
i02_8x16,L1,0.019,260.0006103515625
i02_8x16,L1,0.02,260.0006103515625
i02_8x16,L1,0.021,262.5000305175781
i02_8x16,L1,0.022,262.5000305175781
i02_8x16,L1,0.023,262.5000305175781
i02_8x16,L1,0.024,262.5000305175781
i02_8x16,L1,0.025,262.5000305175781
i02_8x16,L1,0.026,262.5000305175781
i02_8x16,L1,0.027,262.5000305175781
i02_8x16,L1,0.028,262.5000305175781
i02_8x16,L1,0.029,262.5000305175781
i02_8x16,L1,0.03,262.5000305175781
i02_8x16,L1,0.031,264.9993896484375
i02_8x16,L1,0.032,264.9993896484375
i02_8x16,L1,0.033,264.9993896484375
i02_8x16,L1,0.034,264.9993896484375
i02_8x16,L1,0.035,264.9993896484375
i02_8x16,L1,0.036,264.9993896484375
i02_8x16,L1,0.037,264.9993896484375
i02_8x16,L1,0.038,264.9993896484375
i02_8x16,L1,0.039,264.9993896484375
i02_8x16,L1,0.04,264.9993896484375
i02_8x16,L1,0.041,264.9993896484375
i02_8x16,L1,0.042,264.9993896484375
i02_8x16,L1,0.043,264.9993896484375
i02_8x16,L1,0.044,264.9993896484375
i02_8x16,L1,0.045,264.9993896484375
i02_8x16,L1,0.046,264.9993896484375
i02_8x16,L1,0.047,264.9993896484375
i02_8x16,L1,0.048,264.9993896484375
i02_8x16,L1,0.049,264.9993896484375
i02_8x16,L1,0.05,264.9999694824219
i02_8x16,L1,0.051,264.9999694824219
i02_8x16,L1,0.052,265.0001525878906
i02_8x16,L1,0.053,265.0001525878906
i02_8x16,L1,0.054,265.0001525878906
i02_8x16,L1,0.055,265.0001525878906
i02_8x16,L1,0.056,265.0001525878906
i02_8x16,L1,0.057,265.0001525878906
i02_8x16,L1,0.058,265.0001525878906
i02_8x16,L1,0.059,265.0001525878906
i02_8x16,L1,0.06,265.0001525878906
i02_8x16,L1,0.061,265.0001525878906
i02_8x16,L1,0.062,265.0001525878906
i02_8x16,L1,0.063,267.498779296875
i02_8x16,L1,0.064,267.498779296875
i02_8x16,L1,0.065,267.498779296875
i02_8x16,L1,0.066,267.498779296875
i02_8x16,L1,0.067,267.49993896484375
i02_8x16,L1,0.068,267.49993896484375
i02_8x16,L1,0.069,267.49993896484375
i02_8x16,L1,0.07,267.49993896484375
i02_8x16,L1,0.071,267.49993896484375
i02_8x16,L1,0.072,267.5
i02_8x16,L1,0.073,267.50030517578125
i02_8x16,L1,0.074,267.50030517578125
i02_8x16,L1,0.075,267.50030517578125
i02_8x16,L1,0.076,267.50030517578125
i02_8x16,L1,0.077,267.50030517578125
i02_8x16,L1,0.078,267.50030517578125
i02_8x16,L1,0.079,267.50030517578125
i02_8x16,L1,0.08,267.50030517578125
i02_8x16,L1,0.081,267.50030517578125
i02_8x16,L1,0.082,267.50030517578125
i02_8x16,L1,0.083,267.50030517578125
i02_8x16,L1,0.084,267.50030517578125
i02_8x16,L1,0.085,267.50030517578125
i02_8x16,L1,0.086,267.50030517578125
i02_8x16,L1,0.087,267.50030517578125
i02_8x16,L1,0.088,267.50030517578125
i02_8x16,L1,0.089,267.50030517578125
i02_8x16,L1,0.09,267.50030517578125
i02_8x16,L1,0.091,267.50030517578125
i02_8x16,L1,0.092,267.50030517578125
i02_8x16,L1,0.093,267.50030517578125
i02_8x16,L1,0.094,267.50030517578125
i02_8x16,L1,0.095,267.50030517578125
i02_8x16,L1,0.096,267.50030517578125
i02_8x16,L1,0.097,267.50030517578125
i02_8x16,L1,0.098,267.50030517578125
i02_8x16,L1,0.099,267.50030517578125
i02_8x16,L1,0.1,269.9997253417969
i02_8x16,L1,0.101,269.9997253417969
i02_8x16,L1,0.102,269.9997253417969
i02_8x16,L1,0.103,269.9997253417969
i02_8x16,L1,0.104,269.9997253417969
i02_8x16,L1,0.105,269.9997253417969
i02_8x16,L1,0.106,269.9997253417969
i02_8x16,L1,0.107,269.9997253417969
i02_8x16,L1,0.108,269.9997253417969
i02_8x16,L1,0.109,269.9997253417969
i02_8x16,L1,0.11,269.9997253417969
i02_8x16,L1,0.111,269.9997253417969
i02_8x16,L1,0.112,269.9997253417969
i02_8x16,L1,0.113,269.9997253417969
i02_8x16,L1,0.114,269.9997253417969
i02_8x16,L1,0.115,269.9997253417969
i02_8x16,L1,0.116,269.9997253417969
i02_8x16,L1,0.117,269.9997253417969
i02_8x16,L1,0.118,269.9997253417969
i02_8x16,L1,0.119,269.9997253417969
i02_8x16,L1,0.12,269.9997253417969
i02_8x16,L1,0.121,269.9997253417969
i02_8x16,L1,0.122,269.9997253417969
i02_8x16,L1,0.123,269.9997253417969
i02_8x16,L1,0.124,269.9997253417969
i02_8x16,L1,0.125,269.9997253417969
i02_8x16,L1,0.126,269.9997253417969
i02_8x16,L1,0.127,269.9997253417969
i02_8x16,L1,0.128,269.9997253417969
i02_8x16,L1,0.129,269.9997253417969
i02_8x16,L1,0.13,269.9997253417969
i02_8x16,L1,0.131,269.9997253417969
i02_8x16,L1,0.132,269.9997253417969
i02_8x16,L1,0.133,269.9997253417969
i02_8x16,L1,0.134,269.9997253417969
i02_8x16,L1,0.135,269.9997253417969
i02_8x16,L1,0.136,269.9997253417969
i02_8x16,L1,0.137,269.9997253417969
i02_8x16,L1,0.138,269.9997253417969
i02_8x16,L1,0.139,269.9997253417969
i02_8x16,L1,0.14,269.9997253417969
i02_8x16,L1,0.141,269.9997253417969
i02_8x16,L1,0.142,269.9997253417969
i02_8x16,L1,0.143,269.9997253417969
i02_8x16,L1,0.144,269.9997253417969
i02_8x16,L1,0.145,269.9997253417969
i02_8x16,L1,0.146,269.9997253417969
i02_8x16,L1,0.147,269.9997253417969
i02_8x16,L1,0.148,269.9997253417969
i02_8x16,L1,0.149,269.9997253417969
i02_8x16,L1,0.15,269.9997253417969
i02_8x16,L1,0.151,269.9997253417969
i02_8x16,L1,0.152,269.9997253417969
i02_8x16,L1,0.153,269.9997253417969
i02_8x16,L1,0.154,269.9997253417969
i02_8x16,L1,0.155,269.9997253417969
i02_8x16,L1,0.156,269.9997253417969
i02_8x16,L1,0.157,269.9997253417969
i02_8x16,L1,0.158,269.9997253417969
i02_8x16,L1,0.159,269.9997253417969
i02_8x16,L1,0.16,269.9997253417969
i02_8x16,L1,0.161,269.9997253417969
i02_8x16,L1,0.162,269.9997253417969
i02_8x16,L1,0.163,269.9997253417969
i02_8x16,L1,0.164,269.9997253417969
i02_8x16,L1,0.165,269.9997253417969
i02_8x16,L1,0.166,269.9997253417969
i02_8x16,L1,0.167,269.9997253417969
i02_8x16,L1,0.168,269.9997253417969
i02_8x16,L1,0.169,269.9997253417969
i02_8x16,L1,0.17,269.9997253417969
i02_8x16,L1,0.171,269.9997253417969
i02_8x16,L1,0.172,269.9997253417969
i02_8x16,L1,0.173,269.9997253417969
i02_8x16,L1,0.174,269.9997253417969
i02_8x16,L1,0.175,269.9997253417969
i02_8x16,L1,0.176,269.9997253417969
i02_8x16,L1,0.177,269.9997253417969
i02_8x16,L1,0.178,269.9997253417969
i02_8x16,L1,0.179,269.9997253417969
i02_8x16,L1,0.18,269.9997253417969
i02_8x16,L1,0.181,269.9997253417969
i02_8x16,L1,0.182,269.9997253417969
i02_8x16,L1,0.183,269.9997253417969
i02_8x16,L1,0.184,269.9997253417969
i02_8x16,L1,0.185,269.9997253417969
i02_8x16,L1,0.186,269.9997253417969
i02_8x16,L1,0.187,269.9997253417969
i02_8x16,L1,0.188,269.9997253417969
i02_8x16,L1,0.189,269.9997253417969
i02_8x16,L1,0.19,269.9997253417969
i02_8x16,L1,0.191,269.9997253417969
i02_8x16,L1,0.192,269.9997253417969
i02_8x16,L1,0.193,269.9997253417969
i02_8x16,L1,0.194,269.9997253417969
i02_8x16,L1,0.195,269.9997253417969
i02_8x16,L1,0.196,269.9997253417969
i02_8x16,L1,0.197,269.9997253417969
i02_8x16,L1,0.198,269.9997253417969
i02_8x16,L1,0.199,269.9997253417969
i02_8x16,L1,0.2,269.9997253417969
i02_8x16,L1,0.201,269.9997253417969
i02_8x16,L1,0.202,269.9997253417969
i02_8x16,L1,0.203,269.9997253417969
i02_8x16,L1,0.204,269.9997253417969
i02_8x16,L1,0.205,269.9997253417969
i02_8x16,L1,0.206,269.9997253417969
i02_8x16,L1,0.207,269.9997253417969
i02_8x16,L1,0.208,269.9997253417969
i02_8x16,L1,0.209,269.9997253417969
i02_8x16,L1,0.21,269.9997253417969
i02_8x16,L1,0.211,269.9997253417969
i02_8x16,L1,0.212,269.9997253417969
i02_8x16,L1,0.213,269.9997253417969
i02_8x16,L1,0.214,269.9997253417969
i02_8x16,L1,0.215,269.9997253417969
i02_8x16,L1,0.216,269.9997253417969
i02_8x16,L1,0.217,269.9997253417969
i02_8x16,L1,0.218,269.9997253417969
i02_8x16,L1,0.219,269.9997253417969
i02_8x16,L1,0.22,269.9997253417969
i02_8x16,L1,0.221,269.9997253417969
i02_8x16,L1,0.222,269.9997253417969
i02_8x16,L1,0.223,269.9997253417969
i02_8x16,L1,0.224,269.9997253417969
i02_8x16,L1,0.225,269.9997253417969
i02_8x16,L1,0.226,269.9997253417969
i02_8x16,L1,0.227,269.9997253417969
i02_8x16,L1,0.228,269.9997253417969
i02_8x16,L1,0.229,269.9997253417969
i02_8x16,L1,0.23,269.9997253417969
i02_8x16,L1,0.231,269.9997253417969
i02_8x16,L1,0.232,269.9997253417969
i02_8x16,L1,0.233,269.9997253417969
i02_8x16,L1,0.234,269.9997253417969
i02_8x16,L1,0.235,269.9997253417969
i02_8x16,L1,0.236,269.9997253417969
i02_8x16,L1,0.237,269.9997253417969
i02_8x16,L1,0.238,269.9997253417969
i02_8x16,L1,0.239,269.9997253417969
i02_8x16,L1,0.24,269.9997253417969
i02_8x16,L1,0.241,269.9997253417969
i02_8x16,L1,0.242,269.9997253417969
i02_8x16,L1,0.243,269.9997253417969
i02_8x16,L1,0.244,269.9997253417969
i02_8x16,L1,0.245,269.9997253417969
i02_8x16,L1,0.246,269.9997253417969
i02_8x16,L1,0.247,269.9997253417969
i02_8x16,L1,0.248,269.9997253417969
i02_8x16,L1,0.249,269.9997253417969
i02_8x16,L1,0.25,269.9997253417969
i02_8x16,L1,0.251,269.9997253417969
i02_8x16,L1,0.252,269.9997253417969
i02_8x16,L1,0.253,269.9997253417969
i02_8x16,L1,0.254,269.9997253417969
i02_8x16,L1,0.255,269.9997253417969
i02_8x16,L1,0.256,269.9997253417969
i02_8x16,L1,0.257,269.9997253417969
i02_8x16,L1,0.258,269.9997253417969
i02_8x16,L1,0.259,269.9997253417969
i02_8x16,L1,0.26,269.9997253417969
i02_8x16,L1,0.261,269.9997253417969
i02_8x16,L1,0.262,269.9997253417969
i02_8x16,L1,0.263,269.9997253417969
i02_8x16,L1,0.264,269.9997253417969
i02_8x16,L1,0.265,269.9997253417969
i02_8x16,L1,0.266,269.9997253417969
i02_8x16,L1,0.267,269.9997253417969
i02_8x16,L1,0.268,269.9997253417969
i02_8x16,L1,0.269,269.9997253417969
i02_8x16,L1,0.27,269.9997253417969
i02_8x16,L1,0.271,269.9997253417969
i02_8x16,L1,0.272,269.9997253417969
i02_8x16,L1,0.273,269.9997253417969
i02_8x16,L1,0.274,269.9997253417969
i02_8x16,L1,0.275,269.9997253417969
i02_8x16,L1,0.276,269.9997253417969
i02_8x16,L1,0.277,269.9997253417969
i02_8x16,L1,0.278,269.9997253417969
i02_8x16,L1,0.279,269.9997253417969
i02_8x16,L1,0.28,269.9997253417969
i02_8x16,L1,0.281,269.9997253417969
i02_8x16,L1,0.282,269.9997253417969
i02_8x16,L1,0.283,269.9997253417969
i02_8x16,L1,0.284,269.9997253417969
i02_8x16,L1,0.285,269.9997253417969
i02_8x16,L1,0.286,269.9997253417969
i02_8x16,L1,0.287,269.9997253417969
i02_8x16,L1,0.288,269.9997253417969
i02_8x16,L1,0.289,269.9997253417969
i02_8x16,L1,0.29,269.9997253417969
i02_8x16,L1,0.291,269.9997253417969
i02_8x16,L1,0.292,269.9997253417969
i02_8x16,L1,0.293,269.9997253417969
i02_8x16,L1,0.294,269.9997253417969
i02_8x16,L1,0.295,269.9997253417969
i02_8x16,L1,0.296,269.9997253417969
i02_8x16,L1,0.297,269.9997253417969
i02_8x16,L1,0.298,269.9997253417969
i02_8x16,L1,0.299,269.9997253417969
i02_8x16,L1,0.3,269.9997253417969
i02_8x16,L1,0.301,269.9997253417969
i02_8x16,L1,0.302,269.9997253417969
i02_8x16,L1,0.303,269.9997253417969
i02_8x16,L1,0.304,269.9997253417969
i02_8x16,L1,0.305,269.9997253417969
i02_8x16,L1,0.306,269.9997253417969
i02_8x16,L1,0.307,269.9997253417969
i02_8x16,L1,0.308,269.9997253417969
i02_8x16,L1,0.309,269.9997253417969
i02_8x16,L1,0.31,269.9997253417969
i02_8x16,L1,0.311,269.9997253417969
i02_8x16,L1,0.312,269.9997253417969
i02_8x16,L1,0.313,269.9997253417969
i02_8x16,L1,0.314,269.9997253417969
i02_8x16,L1,0.315,269.9997253417969
i02_8x16,L1,0.316,269.9997253417969
i02_8x16,L1,0.317,269.9997253417969
i02_8x16,L1,0.318,269.9997253417969
i02_8x16,L1,0.319,269.9997253417969
i02_8x16,L1,0.32,269.9997253417969
i02_8x16,L1,0.321,269.9997253417969
i02_8x16,L1,0.322,269.9997253417969
i02_8x16,L1,0.323,269.9997253417969
i02_8x16,L1,0.324,269.9997253417969
i02_8x16,L1,0.325,269.9997253417969
i02_8x16,L1,0.326,269.9997253417969
i02_8x16,L1,0.327,269.9997253417969
i02_8x16,L1,0.328,269.9997253417969
i02_8x16,L1,0.329,269.9997253417969
i02_8x16,L1,0.33,269.9997253417969
i02_8x16,L1,0.331,269.9997253417969
i02_8x16,L1,0.332,269.9997253417969
i02_8x16,L1,0.333,269.9997253417969
i02_8x16,L1,0.334,269.9997253417969
i02_8x16,L1,0.335,269.9997253417969
i02_8x16,L1,0.336,269.9997253417969
i02_8x16,L1,0.337,269.9997253417969
i02_8x16,L1,0.338,269.9997253417969
i02_8x16,L1,0.339,269.9997253417969
i02_8x16,L1,0.34,269.9997253417969
i02_8x16,L1,0.341,269.9997253417969
i02_8x16,L1,0.342,269.9997253417969
i02_8x16,L1,0.343,269.9997253417969
i02_8x16,L1,0.344,269.9997253417969
i02_8x16,L1,0.345,269.9997253417969
i02_8x16,L1,0.346,269.9997253417969
i02_8x16,L1,0.347,269.9997253417969
i02_8x16,L1,0.348,269.9997253417969
i02_8x16,L1,0.349,269.9997253417969
i02_8x16,L1,0.35,269.9997253417969
i02_8x16,L1,0.351,269.9997253417969
i02_8x16,L1,0.352,269.9997253417969
i02_8x16,L1,0.353,269.9997253417969
i02_8x16,L1,0.354,269.9997253417969
i02_8x16,L1,0.355,269.9997253417969
i02_8x16,L1,0.356,269.9997253417969
i02_8x16,L1,0.357,269.9997253417969
i02_8x16,L1,0.358,269.9997253417969
i02_8x16,L1,0.359,269.9997253417969
i02_8x16,L1,0.36,269.9997253417969
i02_8x16,L1,0.361,269.9997253417969
i02_8x16,L1,0.362,269.9997253417969
i02_8x16,L1,0.363,269.9997253417969
i02_8x16,L1,0.364,269.9997253417969
i02_8x16,L1,0.365,269.9997253417969
i02_8x16,L1,0.366,269.9997253417969
i02_8x16,L1,0.367,269.9997253417969
i02_8x16,L1,0.368,269.9997253417969
i02_8x16,L1,0.369,269.9997253417969
i02_8x16,L1,0.37,269.9997253417969
i02_8x16,L1,0.371,269.9997253417969
i02_8x16,L1,0.372,269.9997253417969
i02_8x16,L1,0.373,269.9997253417969
i02_8x16,L1,0.374,269.9997253417969
i02_8x16,L1,0.375,269.9997253417969
i02_8x16,L1,0.376,269.9997253417969
i02_8x16,L1,0.377,269.9997253417969
i02_8x16,L1,0.378,269.9997253417969
i02_8x16,L1,0.379,269.9997253417969
i02_8x16,L1,0.38,269.9997253417969
i02_8x16,L1,0.381,269.9997253417969
i02_8x16,L1,0.382,269.9997253417969
i02_8x16,L1,0.383,269.9997253417969
i02_8x16,L1,0.384,269.9997253417969
i02_8x16,L1,0.385,269.9997253417969
i02_8x16,L1,0.386,269.9997253417969
i02_8x16,L1,0.387,269.9997253417969
i02_8x16,L1,0.388,269.9997253417969
i02_8x16,L1,0.389,269.9997253417969
i02_8x16,L1,0.39,269.9997253417969
i02_8x16,L1,0.391,269.9997253417969
i02_8x16,L1,0.392,269.9997253417969
i02_8x16,L1,0.393,269.9997253417969
i02_8x16,L1,0.394,269.9997253417969
i02_8x16,L1,0.395,269.9997253417969
i02_8x16,L1,0.396,269.9997253417969
i02_8x16,L1,0.397,269.9997253417969
i02_8x16,L1,0.398,269.9997253417969
i02_8x16,L1,0.399,269.9997253417969
i02_8x16,L1,0.4,269.9997253417969
i02_8x16,L1,0.401,269.9997253417969
i02_8x16,L1,0.402,269.9997253417969
i02_8x16,L1,0.403,269.9997253417969
i02_8x16,L1,0.404,269.9997253417969
i02_8x16,L1,0.405,269.9997253417969
i02_8x16,L1,0.406,269.9997253417969
i02_8x16,L1,0.407,269.9997253417969
i02_8x16,L1,0.408,269.9997253417969
i02_8x16,L1,0.409,269.9997253417969
i02_8x16,L1,0.41,269.9997253417969
i02_8x16,L1,0.411,269.9997253417969
i02_8x16,L1,0.412,269.9997253417969
i02_8x16,L1,0.413,269.9997253417969
i02_8x16,L1,0.414,269.9997253417969
i02_8x16,L1,0.415,269.9997253417969
i02_8x16,L1,0.416,269.9997253417969
i02_8x16,L1,0.417,269.9997253417969
i02_8x16,L1,0.418,269.9997253417969
i02_8x16,L1,0.419,269.9997253417969
i02_8x16,L1,0.42,269.9997253417969
i02_8x16,L1,0.421,269.9997253417969
i02_8x16,L1,0.422,269.9997253417969
i02_8x16,L1,0.423,269.9997253417969
i02_8x16,L1,0.424,269.9997253417969
i02_8x16,L1,0.425,269.9997253417969
i02_8x16,L1,0.426,269.9997253417969
i02_8x16,L1,0.427,269.9997253417969
i02_8x16,L1,0.428,269.9997253417969
i02_8x16,L1,0.429,269.9997253417969
i02_8x16,L1,0.43,269.9997253417969
i02_8x16,L1,0.431,269.9997253417969
i02_8x16,L1,0.432,269.9997253417969
i02_8x16,L1,0.433,269.9997253417969
i02_8x16,L1,0.434,269.9997253417969
i02_8x16,L1,0.435,269.9997253417969
i02_8x16,L1,0.436,269.9997253417969
i02_8x16,L1,0.437,269.9997253417969
i02_8x16,L1,0.438,269.9997253417969
i02_8x16,L1,0.439,269.9997253417969
i02_8x16,L1,0.44,269.9997253417969
i02_8x16,L1,0.441,269.9997253417969
i02_8x16,L1,0.442,269.9997253417969
i02_8x16,L1,0.443,269.9997253417969
i02_8x16,L1,0.444,269.9997253417969
i02_8x16,L1,0.445,269.9997253417969
i02_8x16,L1,0.446,269.9997253417969
i02_8x16,L1,0.447,269.9997253417969
i02_8x16,L1,0.448,269.9997253417969
i02_8x16,L1,0.449,269.9997253417969
i02_8x16,L1,0.45,269.9997253417969
i02_8x16,L1,0.451,269.9997253417969
i02_8x16,L1,0.452,269.9997253417969
i02_8x16,L1,0.453,269.9997253417969
i02_8x16,L1,0.454,269.9997253417969
i02_8x16,L1,0.455,269.9997253417969
i02_8x16,L1,0.456,269.9997253417969
i02_8x16,L1,0.457,269.9997253417969
i02_8x16,L1,0.458,269.9997253417969
i02_8x16,L1,0.459,269.9997253417969
i02_8x16,L1,0.46,269.9997253417969
i02_8x16,L1,0.461,269.9997253417969
i02_8x16,L1,0.462,269.9997253417969
i02_8x16,L1,0.463,269.9997253417969
i02_8x16,L1,0.464,269.9997253417969
i02_8x16,L1,0.465,269.9997253417969
i02_8x16,L1,0.466,269.9997253417969
i02_8x16,L1,0.467,269.9997253417969
i02_8x16,L1,0.468,269.9997253417969
i02_8x16,L1,0.469,269.9997253417969
i02_8x16,L1,0.47,269.9997253417969
i02_8x16,L1,0.471,269.9997253417969
i02_8x16,L1,0.472,269.9997253417969
i02_8x16,L1,0.473,269.9997253417969
i02_8x16,L1,0.474,269.9997253417969
i02_8x16,L1,0.475,269.9997253417969
i02_8x16,L1,0.476,269.9997253417969
i02_8x16,L1,0.477,269.9997253417969
i02_8x16,L1,0.478,269.9997253417969
i02_8x16,L1,0.479,269.9997253417969
i02_8x16,L1,0.48,269.9997253417969
i02_8x16,L1,0.481,269.9997253417969
i02_8x16,L1,0.482,269.9997253417969
i02_8x16,L1,0.483,269.9997253417969
i02_8x16,L1,0.484,269.9997253417969
i02_8x16,L1,0.485,269.9997253417969
i02_8x16,L1,0.486,269.9997253417969
i02_8x16,L1,0.487,269.9997253417969
i02_8x16,L1,0.488,269.9997253417969
i02_8x16,L1,0.489,269.9997253417969
i02_8x16,L1,0.49,269.9997253417969
i02_8x16,L1,0.491,269.9997253417969
i02_8x16,L1,0.492,269.9997253417969
i02_8x16,L1,0.493,269.9997253417969
i02_8x16,L1,0.494,269.9997253417969
i02_8x16,L1,0.495,269.9997253417969
i02_8x16,L1,0.496,269.9997253417969
i02_8x16,L1,0.497,269.9997253417969
i02_8x16,L1,0.498,269.9997253417969
i02_8x16,L1,0.499,269.9997253417969
i02_8x16,L1,0.5,269.9997253417969
i02_8x16,L1,0.501,269.9997253417969
i02_8x16,L1,0.502,269.9997253417969
i02_8x16,L1,0.503,269.9997253417969
i02_8x16,L1,0.504,269.9997253417969
i02_8x16,L1,0.505,269.9997253417969
i02_8x16,L1,0.506,269.9997253417969
i02_8x16,L1,0.507,269.9997253417969
i02_8x16,L1,0.508,269.9997253417969
i02_8x16,L1,0.509,269.9997253417969
i02_8x16,L1,0.51,269.9997253417969
i02_8x16,L1,0.511,269.9997253417969
i02_8x16,L1,0.512,269.9997253417969
i02_8x16,L1,0.513,269.9997253417969
i02_8x16,L1,0.514,269.9997253417969
i02_8x16,L1,0.515,269.9997253417969
i02_8x16,L1,0.516,269.9997253417969
i02_8x16,L1,0.517,269.9997253417969
i02_8x16,L1,0.518,269.9997253417969
i02_8x16,L1,0.519,269.9997253417969
i02_8x16,L1,0.52,269.9997253417969
i02_8x16,L1,0.521,269.9997253417969
i02_8x16,L1,0.522,269.9997253417969
i02_8x16,L1,0.523,269.9997253417969
i02_8x16,L1,0.524,269.9997253417969
i02_8x16,L1,0.525,269.9997253417969
i02_8x16,L1,0.526,269.9997253417969
i02_8x16,L1,0.527,269.9997253417969
i02_8x16,L1,0.528,269.9997253417969
i02_8x16,L1,0.529,269.9997253417969
i02_8x16,L1,0.53,269.9997253417969
i02_8x16,L1,0.531,269.9997253417969
i02_8x16,L1,0.532,269.9997253417969
i02_8x16,L1,0.533,269.9997253417969
i02_8x16,L1,0.534,269.9997253417969
i02_8x16,L1,0.535,269.9997253417969
i02_8x16,L1,0.536,269.9997253417969
i02_8x16,L1,0.537,269.9997253417969
i02_8x16,L1,0.538,269.9997253417969
i02_8x16,L1,0.539,269.9997253417969
i02_8x16,L1,0.54,269.9997253417969
i02_8x16,L1,0.541,269.9997253417969
i02_8x16,L1,0.542,269.9997253417969
i02_8x16,L1,0.543,269.9997253417969
i02_8x16,L1,0.544,269.9997253417969
i02_8x16,L1,0.545,269.9997253417969
i02_8x16,L1,0.546,269.9997253417969
i02_8x16,L1,0.547,269.9997253417969
i02_8x16,L1,0.548,269.9999694824219
i02_8x16,L1,0.549,269.9999694824219
i02_8x16,L1,0.55,269.9999694824219
i02_8x16,L1,0.551,269.9999694824219
i02_8x16,L1,0.552,269.9999694824219
i02_8x16,L1,0.553,269.9999694824219
i02_8x16,L1,0.554,269.9999694824219
i02_8x16,L1,0.555,269.9999694824219
i02_8x16,L1,0.556,269.9999694824219
i02_8x16,L1,0.557,269.9999694824219
i02_8x16,L1,0.558,269.9999694824219
i02_8x16,L1,0.559,269.9999694824219
i02_8x16,L1,0.56,269.9999694824219
i02_8x16,L1,0.561,269.9999694824219
i02_8x16,L1,0.562,269.9999694824219
i02_8x16,L1,0.563,269.9999694824219
i02_8x16,L1,0.564,269.9999694824219
i02_8x16,L1,0.565,269.9999694824219
i02_8x16,L1,0.566,269.9999694824219
i02_8x16,L1,0.567,269.9999694824219
i02_8x16,L1,0.568,269.9999694824219
i02_8x16,L1,0.569,269.9999694824219
i02_8x16,L1,0.57,269.9999694824219
i02_8x16,L1,0.571,269.9999694824219
i02_8x16,L1,0.572,269.9999694824219
i02_8x16,L1,0.573,269.9999694824219
i02_8x16,L1,0.574,269.9999694824219
i02_8x16,L1,0.575,270.0
i02_8x16,L1,0.576,270.0
i02_8x16,L1,0.577,270.0
i02_8x16,L1,0.578,270.0
i02_8x16,L1,0.579,270.0
i02_8x16,L1,0.58,270.0
i02_8x16,L1,0.581,270.0
i02_8x16,L1,0.582,270.0
i02_8x16,L1,0.583,270.00006103515625
i02_8x16,L1,0.584,270.00006103515625
i02_8x16,L1,0.585,270.00006103515625
i02_8x16,L1,0.586,270.00006103515625
i02_8x16,L1,0.587,270.00006103515625
i02_8x16,L1,0.588,270.00006103515625
i02_8x16,L1,0.589,270.00006103515625
i02_8x16,L1,0.59,270.00006103515625
i02_8x16,L1,0.591,270.00006103515625
i02_8x16,L1,0.592,270.00006103515625
i02_8x16,L1,0.593,270.00006103515625
i02_8x16,L1,0.594,270.00006103515625
i02_8x16,L1,0.595,270.00006103515625
i02_8x16,L1,0.596,270.00006103515625
i02_8x16,L1,0.597,270.00006103515625
i02_8x16,L1,0.598,270.00006103515625
i02_8x16,L1,0.599,270.00006103515625
i02_8x16,L1,0.6,270.00006103515625
i02_8x16,L1,0.601,270.00006103515625
i02_8x16,L1,0.602,270.00006103515625
i02_8x16,L1,0.603,270.00006103515625
i02_8x16,L1,0.604,270.00006103515625
i02_8x16,L1,0.605,270.00006103515625
i02_8x16,L1,0.606,270.00006103515625
i02_8x16,L1,0.607,270.00006103515625
i02_8x16,L1,0.608,270.00006103515625
i02_8x16,L1,0.609,270.00006103515625
i02_8x16,L1,0.61,270.00006103515625
i02_8x16,L1,0.611,270.00006103515625
i02_8x16,L1,0.612,270.00006103515625
i02_8x16,L1,0.613,270.00006103515625
i02_8x16,L1,0.614,270.00006103515625
i02_8x16,L1,0.615,270.00006103515625
i02_8x16,L1,0.616,270.00006103515625
i02_8x16,L1,0.617,270.00006103515625
i02_8x16,L1,0.618,270.00006103515625
i02_8x16,L1,0.619,270.00006103515625
i02_8x16,L1,0.62,270.00006103515625
i02_8x16,L1,0.621,270.00006103515625
i02_8x16,L1,0.622,270.00006103515625
i02_8x16,L1,0.623,270.00006103515625
i02_8x16,L1,0.624,270.00006103515625
i02_8x16,L1,0.625,270.00006103515625
i02_8x16,L1,0.626,270.00006103515625
i02_8x16,L1,0.627,270.00006103515625
i02_8x16,L1,0.628,270.00006103515625
i02_8x16,L1,0.629,270.00006103515625
i02_8x16,L1,0.63,270.00006103515625
i02_8x16,L1,0.631,270.00006103515625
i02_8x16,L1,0.632,270.00006103515625
i02_8x16,L1,0.633,270.00006103515625
i02_8x16,L1,0.634,270.00006103515625
i02_8x16,L1,0.635,270.00006103515625
i02_8x16,L1,0.636,270.00006103515625
i02_8x16,L1,0.637,270.00006103515625
i02_8x16,L1,0.638,270.00006103515625
i02_8x16,L1,0.639,270.00006103515625
i02_8x16,L1,0.64,270.00006103515625
i02_8x16,L1,0.641,270.00006103515625
i02_8x16,L1,0.642,270.00006103515625
i02_8x16,L1,0.643,270.00006103515625
i02_8x16,L1,0.644,270.00006103515625
i02_8x16,L1,0.645,270.00006103515625
i02_8x16,L1,0.646,270.00006103515625
i02_8x16,L1,0.647,270.00006103515625
i02_8x16,L1,0.648,270.00006103515625
i02_8x16,L1,0.649,270.00006103515625
i02_8x16,L1,0.65,270.00006103515625
i02_8x16,L1,0.651,270.00006103515625
i02_8x16,L1,0.652,270.00006103515625
i02_8x16,L1,0.653,270.00006103515625
i02_8x16,L1,0.654,270.00006103515625
i02_8x16,L1,0.655,270.00006103515625
i02_8x16,L1,0.656,270.00006103515625
i02_8x16,L1,0.657,270.00006103515625
i02_8x16,L1,0.658,270.00006103515625
i02_8x16,L1,0.659,270.00006103515625
i02_8x16,L1,0.66,270.00006103515625
i02_8x16,L1,0.661,270.00006103515625
i02_8x16,L1,0.662,270.00006103515625
i02_8x16,L1,0.663,270.00006103515625
i02_8x16,L1,0.664,270.00006103515625
i02_8x16,L1,0.665,270.00006103515625
i02_8x16,L1,0.666,270.00006103515625
i02_8x16,L1,0.667,270.00006103515625
i02_8x16,L1,0.668,270.00006103515625
i02_8x16,L1,0.669,270.00006103515625
i02_8x16,L1,0.67,270.00006103515625
i02_8x16,L1,0.671,270.00006103515625
i02_8x16,L1,0.672,270.00006103515625
i02_8x16,L1,0.673,270.00006103515625
i02_8x16,L1,0.674,270.00006103515625
i02_8x16,L1,0.675,270.00006103515625
i02_8x16,L1,0.676,270.00006103515625
i02_8x16,L1,0.677,270.00006103515625
i02_8x16,L1,0.678,270.00006103515625
i02_8x16,L1,0.679,270.00006103515625
i02_8x16,L1,0.68,270.00006103515625
i02_8x16,L1,0.681,270.00006103515625
i02_8x16,L1,0.682,270.00006103515625
i02_8x16,L1,0.683,270.00006103515625
i02_8x16,L1,0.684,270.00006103515625
i02_8x16,L1,0.685,270.00006103515625
i02_8x16,L1,0.686,270.00006103515625
i02_8x16,L1,0.687,270.00006103515625
i02_8x16,L1,0.688,270.00006103515625
i02_8x16,L1,0.689,270.00006103515625
i02_8x16,L1,0.69,270.00006103515625
i02_8x16,L1,0.691,270.00006103515625
i02_8x16,L1,0.692,270.00006103515625
i02_8x16,L1,0.693,270.00006103515625
i02_8x16,L1,0.694,270.00006103515625
i02_8x16,L1,0.695,270.001220703125
i02_8x16,L1,0.696,270.001220703125
i02_8x16,L1,0.697,270.001220703125
i02_8x16,L1,0.698,270.001220703125
i02_8x16,L1,0.699,270.001220703125
i02_8x16,L1,0.7,270.001220703125
i02_8x16,L1,0.701,270.001220703125
i02_8x16,L1,0.702,270.001220703125
i02_8x16,L1,0.703,270.001220703125
i02_8x16,L1,0.704,270.001220703125
i02_8x16,L1,0.705,270.001220703125
i02_8x16,L1,0.706,270.001220703125
i02_8x16,L1,0.707,270.001220703125
i02_8x16,L1,0.708,270.001220703125
i02_8x16,L1,0.709,270.001220703125
i02_8x16,L1,0.71,270.001220703125
i02_8x16,L1,0.711,270.001220703125
i02_8x16,L1,0.712,270.001220703125
i02_8x16,L1,0.713,270.001220703125
i02_8x16,L1,0.714,270.001220703125
i02_8x16,L1,0.715,270.001220703125
i02_8x16,L1,0.716,270.001220703125
i02_8x16,L1,0.717,270.001220703125
i02_8x16,L1,0.718,270.001220703125
i02_8x16,L1,0.719,270.001220703125
i02_8x16,L1,0.72,270.001220703125
i02_8x16,L1,0.721,270.001220703125
i02_8x16,L1,0.722,270.001220703125
i02_8x16,L1,0.723,270.001220703125
i02_8x16,L1,0.724,270.001220703125
i02_8x16,L1,0.725,270.001220703125
i02_8x16,L1,0.726,270.001220703125
i02_8x16,L1,0.727,270.001220703125
i02_8x16,L1,0.728,270.001220703125
i02_8x16,L1,0.729,270.001220703125
i02_8x16,L1,0.73,270.001220703125
i02_8x16,L1,0.731,270.001220703125
i02_8x16,L1,0.732,270.001220703125
i02_8x16,L1,0.733,270.001220703125
i02_8x16,L1,0.734,270.001220703125
i02_8x16,L1,0.735,270.001220703125
i02_8x16,L1,0.736,270.001220703125
i02_8x16,L1,0.737,270.001220703125
i02_8x16,L1,0.738,270.001220703125
i02_8x16,L1,0.739,270.001220703125
i02_8x16,L1,0.74,270.001220703125
i02_8x16,L1,0.741,270.001220703125
i02_8x16,L1,0.742,270.001220703125
i02_8x16,L1,0.743,270.001220703125
i02_8x16,L1,0.744,270.001220703125
i02_8x16,L1,0.745,270.001220703125
i02_8x16,L1,0.746,270.001220703125
i02_8x16,L1,0.747,270.001220703125
i02_8x16,L1,0.748,270.001220703125
i02_8x16,L1,0.749,270.001220703125
i02_8x16,L1,0.75,270.001220703125
i02_8x16,L1,0.751,270.001220703125
i02_8x16,L1,0.752,270.001220703125
i02_8x16,L1,0.753,270.001220703125
i02_8x16,L1,0.754,270.001220703125
i02_8x16,L1,0.755,270.001220703125
i02_8x16,L1,0.756,270.001220703125
i02_8x16,L1,0.757,270.001220703125
i02_8x16,L1,0.758,270.001220703125
i02_8x16,L1,0.759,270.001220703125
i02_8x16,L1,0.76,270.001220703125
i02_8x16,L1,0.761,270.001220703125
i02_8x16,L1,0.762,270.001220703125
i02_8x16,L1,0.763,270.001220703125
i02_8x16,L1,0.764,270.001220703125
i02_8x16,L1,0.765,270.001220703125
i02_8x16,L1,0.766,270.001220703125
i02_8x16,L1,0.767,270.001220703125
i02_8x16,L1,0.768,270.001220703125
i02_8x16,L1,0.769,270.001220703125
i02_8x16,L1,0.77,270.001220703125
i02_8x16,L1,0.771,270.001220703125
i02_8x16,L1,0.772,270.001220703125
i02_8x16,L1,0.773,270.001220703125
i02_8x16,L1,0.774,270.001220703125
i02_8x16,L1,0.775,270.001220703125
i02_8x16,L1,0.776,270.001220703125
i02_8x16,L1,0.777,270.001220703125
i02_8x16,L1,0.778,270.001220703125
i02_8x16,L1,0.779,270.001220703125
i02_8x16,L1,0.78,270.001220703125
i02_8x16,L1,0.781,270.001220703125
i02_8x16,L1,0.782,270.001220703125
i02_8x16,L1,0.783,270.001220703125
i02_8x16,L1,0.784,270.001220703125
i02_8x16,L1,0.785,270.001220703125
i02_8x16,L1,0.786,270.001220703125
i02_8x16,L1,0.787,270.001220703125
i02_8x16,L1,0.788,270.001220703125
i02_8x16,L1,0.789,270.001220703125
i02_8x16,L1,0.79,270.001220703125
i02_8x16,L1,0.791,270.001220703125
i02_8x16,L1,0.792,270.001220703125
i02_8x16,L1,0.793,270.001220703125
i02_8x16,L1,0.794,270.001220703125
i02_8x16,L1,0.795,270.001220703125
i02_8x16,L1,0.796,270.001220703125
i02_8x16,L1,0.797,270.001220703125
i02_8x16,L1,0.798,270.001220703125
i02_8x16,L1,0.799,270.001220703125
i02_8x16,L1,0.8,270.001220703125
i02_8x16,L1,0.801,270.001220703125
i02_8x16,L1,0.802,272.4998474121094
i02_8x16,L1,0.803,272.4998474121094
i02_8x16,L1,0.804,272.4998474121094
i02_8x16,L1,0.805,272.4998474121094
i02_8x16,L1,0.806,272.4998474121094
i02_8x16,L1,0.807,272.4998474121094
i02_8x16,L1,0.808,272.4998474121094
i02_8x16,L1,0.809,272.4998474121094
i02_8x16,L1,0.81,272.4998474121094
i02_8x16,L1,0.811,272.4998474121094
i02_8x16,L1,0.812,272.5
i02_8x16,L1,0.813,272.5000305175781
i02_8x16,L1,0.814,272.5006103515625
i02_8x16,L1,0.815,272.5006103515625
i02_8x16,L1,0.816,272.5006103515625
i02_8x16,L1,0.817,272.5006103515625
i02_8x16,L1,0.818,272.5006103515625
i02_8x16,L1,0.819,272.5006103515625
i02_8x16,L1,0.82,272.5006103515625
i02_8x16,L1,0.821,272.5006103515625
i02_8x16,L1,0.822,272.5006103515625
i02_8x16,L1,0.823,272.5006103515625
i02_8x16,L1,0.824,272.5006103515625
i02_8x16,L1,0.825,272.5006103515625
i02_8x16,L1,0.826,272.5006103515625
i02_8x16,L1,0.827,272.5006103515625
i02_8x16,L1,0.828,272.5006103515625
i02_8x16,L1,0.829,272.5006103515625
i02_8x16,L1,0.83,272.5006103515625
i02_8x16,L1,0.831,272.5006103515625
i02_8x16,L1,0.832,272.5006103515625
i02_8x16,L1,0.833,275.0
i02_8x16,L1,0.834,275.0
i02_8x16,L1,0.835,275.0
i02_8x16,L1,0.836,275.0
i02_8x16,L1,0.837,275.0
i02_8x16,L1,0.838,275.0
i02_8x16,L1,0.839,275.0
i02_8x16,L1,0.84,275.0
i02_8x16,L1,0.841,275.0
i02_8x16,L1,0.842,275.0
i02_8x16,L1,0.843,275.0
i02_8x16,L1,0.844,275.0
i02_8x16,L1,0.845,275.0
i02_8x16,L1,0.846,275.0
i02_8x16,L1,0.847,275.0
i02_8x16,L1,0.848,275.0
i02_8x16,L1,0.849,275.0
i02_8x16,L1,0.85,275.0
i02_8x16,L1,0.851,275.0
i02_8x16,L1,0.852,275.0
i02_8x16,L1,0.853,275.0
i02_8x16,L1,0.854,275.0
i02_8x16,L1,0.855,275.0
i02_8x16,L1,0.856,275.0
i02_8x16,L1,0.857,275.0
i02_8x16,L1,0.858,275.0
i02_8x16,L1,0.859,275.0
i02_8x16,L1,0.86,275.0
i02_8x16,L1,0.861,275.0
i02_8x16,L1,0.862,275.0
i02_8x16,L1,0.863,275.0
i02_8x16,L1,0.864,277.4994201660156
i02_8x16,L1,0.865,277.4994201660156
i02_8x16,L1,0.866,277.4994201660156
i02_8x16,L1,0.867,277.4994201660156
i02_8x16,L1,0.868,277.4994201660156
i02_8x16,L1,0.869,277.4994201660156
i02_8x16,L1,0.87,277.4994201660156
i02_8x16,L1,0.871,277.4994201660156
i02_8x16,L1,0.872,277.4994201660156
i02_8x16,L1,0.873,277.4994201660156
i02_8x16,L1,0.874,277.4994201660156
i02_8x16,L1,0.875,277.4994201660156
i02_8x16,L1,0.876,277.4994201660156
i02_8x16,L1,0.877,277.4994201660156
i02_8x16,L1,0.878,277.4994201660156
i02_8x16,L1,0.879,277.4994201660156
i02_8x16,L1,0.88,277.4994201660156
i02_8x16,L1,0.881,277.4999694824219
i02_8x16,L1,0.882,277.4999694824219
i02_8x16,L1,0.883,277.5
i02_8x16,L1,0.884,277.5001525878906
i02_8x16,L1,0.885,277.5001525878906
i02_8x16,L1,0.886,277.5001525878906
i02_8x16,L1,0.887,277.5001525878906
i02_8x16,L1,0.888,277.5001525878906
i02_8x16,L1,0.889,277.5001525878906
i02_8x16,L1,0.89,277.5001525878906
i02_8x16,L1,0.891,277.5001525878906
i02_8x16,L1,0.892,277.5001525878906
i02_8x16,L1,0.893,279.998779296875
i02_8x16,L1,0.894,279.998779296875
i02_8x16,L1,0.895,279.998779296875
i02_8x16,L1,0.896,279.99993896484375
i02_8x16,L1,0.897,279.99993896484375
i02_8x16,L1,0.898,279.99993896484375
i02_8x16,L1,0.899,279.99993896484375
i02_8x16,L1,0.9,280.0000305175781
i02_8x16,L1,0.901,280.00030517578125
i02_8x16,L1,0.902,280.00030517578125
i02_8x16,L1,0.903,280.00030517578125
i02_8x16,L1,0.904,280.00030517578125
i02_8x16,L1,0.905,280.00030517578125
i02_8x16,L1,0.906,280.00030517578125
i02_8x16,L1,0.907,280.00030517578125
i02_8x16,L1,0.908,280.00030517578125
i02_8x16,L1,0.909,280.00030517578125
i02_8x16,L1,0.91,280.00030517578125
i02_8x16,L1,0.911,280.00030517578125
i02_8x16,L1,0.912,280.00030517578125
i02_8x16,L1,0.913,280.00030517578125
i02_8x16,L1,0.914,280.00030517578125
i02_8x16,L1,0.915,280.00030517578125
i02_8x16,L1,0.916,280.00030517578125
i02_8x16,L1,0.917,280.00030517578125
i02_8x16,L1,0.918,282.49969482421875
i02_8x16,L1,0.919,282.49969482421875
i02_8x16,L1,0.92,282.49969482421875
i02_8x16,L1,0.921,282.49969482421875
i02_8x16,L1,0.922,282.49969482421875
i02_8x16,L1,0.923,282.49969482421875
i02_8x16,L1,0.924,282.49969482421875
i02_8x16,L1,0.925,282.49969482421875
i02_8x16,L1,0.926,282.49969482421875
i02_8x16,L1,0.927,282.49969482421875
i02_8x16,L1,0.928,282.49969482421875
i02_8x16,L1,0.929,282.49969482421875
i02_8x16,L1,0.93,282.5
i02_8x16,L1,0.931,282.5000915527344
i02_8x16,L1,0.932,282.5000915527344
i02_8x16,L1,0.933,282.5000915527344
i02_8x16,L1,0.934,282.501220703125
i02_8x16,L1,0.935,282.501220703125
i02_8x16,L1,0.936,282.501220703125
i02_8x16,L1,0.937,284.9998474121094
i02_8x16,L1,0.938,284.9998474121094
i02_8x16,L1,0.939,284.9998474121094
i02_8x16,L1,0.94,284.9998474121094
i02_8x16,L1,0.941,284.9998474121094
i02_8x16,L1,0.942,285.0
i02_8x16,L1,0.943,285.00006103515625
i02_8x16,L1,0.944,285.0006103515625
i02_8x16,L1,0.945,285.0006103515625
i02_8x16,L1,0.946,285.0006103515625
i02_8x16,L1,0.947,285.0006103515625
i02_8x16,L1,0.948,285.0006103515625
i02_8x16,L1,0.949,285.0006103515625
i02_8x16,L1,0.95,285.0006103515625
i02_8x16,L1,0.951,285.0006103515625
i02_8x16,L1,0.952,285.0006103515625
i02_8x16,L1,0.953,287.5
i02_8x16,L1,0.954,287.5
i02_8x16,L1,0.955,287.5
i02_8x16,L1,0.956,287.5
i02_8x16,L1,0.957,287.5
i02_8x16,L1,0.958,287.5
i02_8x16,L1,0.959,287.5
i02_8x16,L1,0.96,287.5
i02_8x16,L1,0.961,287.5
i02_8x16,L1,0.962,287.5
i02_8x16,L1,0.963,287.5
i02_8x16,L1,0.964,287.5
i02_8x16,L1,0.965,289.9993896484375
i02_8x16,L1,0.966,289.9993896484375
i02_8x16,L1,0.967,289.9993896484375
i02_8x16,L1,0.968,289.9993896484375
i02_8x16,L1,0.969,289.9993896484375
i02_8x16,L1,0.97,289.9993896484375
i02_8x16,L1,0.971,289.9993896484375
i02_8x16,L1,0.972,289.9999694824219
i02_8x16,L1,0.973,290.00018310546875
i02_8x16,L1,0.974,290.00018310546875
i02_8x16,L1,0.975,292.4988098144531
i02_8x16,L1,0.976,292.4988098144531
i02_8x16,L1,0.977,292.49993896484375
i02_8x16,L1,0.978,292.50030517578125
i02_8x16,L1,0.979,292.50030517578125
i02_8x16,L1,0.98,292.50030517578125
i02_8x16,L1,0.981,292.50030517578125
i02_8x16,L1,0.982,292.50030517578125
i02_8x16,L1,0.983,294.99969482421875
i02_8x16,L1,0.984,294.99969482421875
i02_8x16,L1,0.985,294.99969482421875
i02_8x16,L1,0.986,295.00006103515625
i02_8x16,L1,0.987,295.0012512207031
i02_8x16,L1,0.988,297.5000305175781
i02_8x16,L1,0.989,297.5006103515625
i02_8x16,L1,0.99,297.5006103515625
i02_8x16,L1,0.991,300.0
i02_8x16,L1,0.992,300.0
i02_8x16,L1,0.993,302.4993896484375
i02_8x16,L1,0.994,307.49969482421875
i02_8x16,L1,0.995,314.9993896484375
i02_8x16,L1,0.996,325.0000305175781
i02_8x16,L1,0.997,337.5
i02_8x16,L1,0.998,352.4993896484375
i02_8x16,L1,0.999,372.5006408691406
i02_8x16,L1,1.0,522.5
i02_8x16,L2,0.0,80.00000762939453
i02_8x16,L2,0.001,179.99998474121094
i02_8x16,L2,0.002,192.5
i02_8x16,L2,0.003,197.5
i02_8x16,L2,0.004,200.0
i02_8x16,L2,0.005,200.0
i02_8x16,L2,0.006,202.50001525878906
i02_8x16,L2,0.007,205.0
i02_8x16,L2,0.008,207.50001525878906
i02_8x16,L2,0.009,210.0
i02_8x16,L2,0.01,212.5
i02_8x16,L2,0.011,215.00001525878906
i02_8x16,L2,0.012,215.00001525878906
i02_8x16,L2,0.013,215.00001525878906
i02_8x16,L2,0.014,217.5
i02_8x16,L2,0.015,217.5
i02_8x16,L2,0.016,217.5
i02_8x16,L2,0.017,217.5
i02_8x16,L2,0.018,217.5
i02_8x16,L2,0.019,217.5
i02_8x16,L2,0.02,220.00001525878906
i02_8x16,L2,0.021,220.00001525878906
i02_8x16,L2,0.022,220.00001525878906
i02_8x16,L2,0.023,220.00001525878906
i02_8x16,L2,0.024,220.00001525878906
i02_8x16,L2,0.025,220.00001525878906
i02_8x16,L2,0.026,220.00001525878906
i02_8x16,L2,0.027,222.5
i02_8x16,L2,0.028,222.5
i02_8x16,L2,0.029,222.5
i02_8x16,L2,0.03,222.5
i02_8x16,L2,0.031,222.5
i02_8x16,L2,0.032,222.5
i02_8x16,L2,0.033,222.5
i02_8x16,L2,0.034,222.5
i02_8x16,L2,0.035,222.5
i02_8x16,L2,0.036,225.00001525878906
i02_8x16,L2,0.037,225.00001525878906
i02_8x16,L2,0.038,225.00001525878906
i02_8x16,L2,0.039,225.00001525878906
i02_8x16,L2,0.04,225.00001525878906
i02_8x16,L2,0.041,225.00001525878906
i02_8x16,L2,0.042,225.00001525878906
i02_8x16,L2,0.043,225.00001525878906
i02_8x16,L2,0.044,225.00001525878906
i02_8x16,L2,0.045,225.00001525878906
i02_8x16,L2,0.046,225.00001525878906
i02_8x16,L2,0.047,227.5
i02_8x16,L2,0.048,227.5
i02_8x16,L2,0.049,227.5
i02_8x16,L2,0.05,227.5
i02_8x16,L2,0.051,227.5
i02_8x16,L2,0.052,227.5
i02_8x16,L2,0.053,227.5
i02_8x16,L2,0.054,227.5
i02_8x16,L2,0.055,227.5
i02_8x16,L2,0.056,227.5
i02_8x16,L2,0.057,227.5
i02_8x16,L2,0.058,227.5
i02_8x16,L2,0.059,227.5
i02_8x16,L2,0.06,227.5
i02_8x16,L2,0.061,227.5
i02_8x16,L2,0.062,227.5
i02_8x16,L2,0.063,230.0
i02_8x16,L2,0.064,230.0
i02_8x16,L2,0.065,230.0
i02_8x16,L2,0.066,230.0
i02_8x16,L2,0.067,230.0
i02_8x16,L2,0.068,230.0
i02_8x16,L2,0.069,230.0
i02_8x16,L2,0.07,230.0
i02_8x16,L2,0.071,230.0
i02_8x16,L2,0.072,230.0
i02_8x16,L2,0.073,230.0
i02_8x16,L2,0.074,230.0
i02_8x16,L2,0.075,230.0
i02_8x16,L2,0.076,230.0
i02_8x16,L2,0.077,230.0
i02_8x16,L2,0.078,230.0
i02_8x16,L2,0.079,230.0
i02_8x16,L2,0.08,230.0
i02_8x16,L2,0.081,230.0
i02_8x16,L2,0.082,230.0
i02_8x16,L2,0.083,230.0
i02_8x16,L2,0.084,232.5
i02_8x16,L2,0.085,232.5
i02_8x16,L2,0.086,232.5
i02_8x16,L2,0.087,232.5
i02_8x16,L2,0.088,232.5
i02_8x16,L2,0.089,232.5
i02_8x16,L2,0.09,232.5
i02_8x16,L2,0.091,232.5
i02_8x16,L2,0.092,232.5
i02_8x16,L2,0.093,232.5
i02_8x16,L2,0.094,232.5
i02_8x16,L2,0.095,232.5
i02_8x16,L2,0.096,232.5
i02_8x16,L2,0.097,232.5
i02_8x16,L2,0.098,232.5
i02_8x16,L2,0.099,232.5
i02_8x16,L2,0.1,232.5
i02_8x16,L2,0.101,232.5
i02_8x16,L2,0.102,232.5
i02_8x16,L2,0.103,232.5
i02_8x16,L2,0.104,232.5
i02_8x16,L2,0.105,232.5
i02_8x16,L2,0.106,232.5
i02_8x16,L2,0.107,232.5
i02_8x16,L2,0.108,232.5
i02_8x16,L2,0.109,235.0
i02_8x16,L2,0.11,235.0
i02_8x16,L2,0.111,235.0
i02_8x16,L2,0.112,235.0
i02_8x16,L2,0.113,235.0
i02_8x16,L2,0.114,235.0
i02_8x16,L2,0.115,235.0
i02_8x16,L2,0.116,235.0
i02_8x16,L2,0.117,235.0
i02_8x16,L2,0.118,235.0
i02_8x16,L2,0.119,235.0
i02_8x16,L2,0.12,235.0
i02_8x16,L2,0.121,235.0
i02_8x16,L2,0.122,235.0
i02_8x16,L2,0.123,235.0
i02_8x16,L2,0.124,235.0
i02_8x16,L2,0.125,235.0
i02_8x16,L2,0.126,235.0
i02_8x16,L2,0.127,235.0
i02_8x16,L2,0.128,235.0
i02_8x16,L2,0.129,235.0
i02_8x16,L2,0.13,235.0
i02_8x16,L2,0.131,235.0
i02_8x16,L2,0.132,235.0
i02_8x16,L2,0.133,235.0
i02_8x16,L2,0.134,235.0
i02_8x16,L2,0.135,235.0
i02_8x16,L2,0.136,235.0
i02_8x16,L2,0.137,235.0
i02_8x16,L2,0.138,235.0
i02_8x16,L2,0.139,237.5
i02_8x16,L2,0.14,237.5
i02_8x16,L2,0.141,237.5
i02_8x16,L2,0.142,237.5
i02_8x16,L2,0.143,237.5
i02_8x16,L2,0.144,237.5
i02_8x16,L2,0.145,237.5
i02_8x16,L2,0.146,237.5
i02_8x16,L2,0.147,237.5
i02_8x16,L2,0.148,237.5
i02_8x16,L2,0.149,237.5
i02_8x16,L2,0.15,237.5
i02_8x16,L2,0.151,237.5
i02_8x16,L2,0.152,237.5
i02_8x16,L2,0.153,237.5
i02_8x16,L2,0.154,237.5
i02_8x16,L2,0.155,237.5
i02_8x16,L2,0.156,237.5
i02_8x16,L2,0.157,237.5
i02_8x16,L2,0.158,237.5
i02_8x16,L2,0.159,237.5
i02_8x16,L2,0.16,237.5
i02_8x16,L2,0.161,237.5
i02_8x16,L2,0.162,237.5
i02_8x16,L2,0.163,237.5
i02_8x16,L2,0.164,237.5
i02_8x16,L2,0.165,237.5
i02_8x16,L2,0.166,237.5
i02_8x16,L2,0.167,237.5
i02_8x16,L2,0.168,237.5
i02_8x16,L2,0.169,237.5
i02_8x16,L2,0.17,237.5
i02_8x16,L2,0.171,237.5
i02_8x16,L2,0.172,237.5
i02_8x16,L2,0.173,237.5
i02_8x16,L2,0.174,240.00001525878906
i02_8x16,L2,0.175,240.00001525878906
i02_8x16,L2,0.176,240.00001525878906
i02_8x16,L2,0.177,240.00001525878906
i02_8x16,L2,0.178,240.00001525878906
i02_8x16,L2,0.179,240.00001525878906
i02_8x16,L2,0.18,240.00001525878906
i02_8x16,L2,0.181,240.00001525878906
i02_8x16,L2,0.182,240.00001525878906
i02_8x16,L2,0.183,240.00001525878906
i02_8x16,L2,0.184,240.00001525878906
i02_8x16,L2,0.185,240.00001525878906
i02_8x16,L2,0.186,240.00001525878906
i02_8x16,L2,0.187,240.00001525878906
i02_8x16,L2,0.188,240.00001525878906
i02_8x16,L2,0.189,240.00001525878906
i02_8x16,L2,0.19,240.00001525878906
i02_8x16,L2,0.191,240.00001525878906
i02_8x16,L2,0.192,240.00001525878906
i02_8x16,L2,0.193,240.00001525878906
i02_8x16,L2,0.194,240.00001525878906
i02_8x16,L2,0.195,240.00001525878906
i02_8x16,L2,0.196,240.00001525878906
i02_8x16,L2,0.197,240.00001525878906
i02_8x16,L2,0.198,240.00001525878906
i02_8x16,L2,0.199,240.00001525878906
i02_8x16,L2,0.2,240.00001525878906
i02_8x16,L2,0.201,240.00001525878906
i02_8x16,L2,0.202,240.00001525878906
i02_8x16,L2,0.203,240.00001525878906
i02_8x16,L2,0.204,240.00001525878906
i02_8x16,L2,0.205,240.00001525878906
i02_8x16,L2,0.206,240.00001525878906
i02_8x16,L2,0.207,240.00001525878906
i02_8x16,L2,0.208,240.00001525878906
i02_8x16,L2,0.209,240.00001525878906
i02_8x16,L2,0.21,240.00001525878906
i02_8x16,L2,0.211,240.00001525878906
i02_8x16,L2,0.212,240.00001525878906
i02_8x16,L2,0.213,240.00001525878906
i02_8x16,L2,0.214,242.49998474121094
i02_8x16,L2,0.215,242.49998474121094
i02_8x16,L2,0.216,242.49998474121094
i02_8x16,L2,0.217,242.49998474121094
i02_8x16,L2,0.218,242.49998474121094
i02_8x16,L2,0.219,242.49998474121094
i02_8x16,L2,0.22,242.49998474121094
i02_8x16,L2,0.221,242.49998474121094
i02_8x16,L2,0.222,242.49998474121094
i02_8x16,L2,0.223,242.49998474121094
i02_8x16,L2,0.224,242.49998474121094
i02_8x16,L2,0.225,242.49998474121094
i02_8x16,L2,0.226,242.49998474121094
i02_8x16,L2,0.227,242.49998474121094
i02_8x16,L2,0.228,242.49998474121094
i02_8x16,L2,0.229,242.49998474121094
i02_8x16,L2,0.23,242.49998474121094
i02_8x16,L2,0.231,242.49998474121094
i02_8x16,L2,0.232,242.49998474121094
i02_8x16,L2,0.233,242.49998474121094
i02_8x16,L2,0.234,242.49998474121094
i02_8x16,L2,0.235,242.49998474121094
i02_8x16,L2,0.236,242.49998474121094
i02_8x16,L2,0.237,242.49998474121094
i02_8x16,L2,0.238,242.49998474121094
i02_8x16,L2,0.239,242.49998474121094
i02_8x16,L2,0.24,242.49998474121094
i02_8x16,L2,0.241,242.49998474121094
i02_8x16,L2,0.242,242.49998474121094
i02_8x16,L2,0.243,242.49998474121094
i02_8x16,L2,0.244,242.49998474121094
i02_8x16,L2,0.245,242.49998474121094
i02_8x16,L2,0.246,242.49998474121094
i02_8x16,L2,0.247,242.49998474121094
i02_8x16,L2,0.248,242.49998474121094
i02_8x16,L2,0.249,242.49998474121094
i02_8x16,L2,0.25,242.49998474121094
i02_8x16,L2,0.251,242.49998474121094
i02_8x16,L2,0.252,242.49998474121094
i02_8x16,L2,0.253,242.49998474121094
i02_8x16,L2,0.254,242.49998474121094
i02_8x16,L2,0.255,242.49998474121094
i02_8x16,L2,0.256,245.0
i02_8x16,L2,0.257,245.0
i02_8x16,L2,0.258,245.0
i02_8x16,L2,0.259,245.0
i02_8x16,L2,0.26,245.0
i02_8x16,L2,0.261,245.0
i02_8x16,L2,0.262,245.0
i02_8x16,L2,0.263,245.0
i02_8x16,L2,0.264,245.0
i02_8x16,L2,0.265,245.0
i02_8x16,L2,0.266,245.0
i02_8x16,L2,0.267,245.0
i02_8x16,L2,0.268,245.0
i02_8x16,L2,0.269,245.0
i02_8x16,L2,0.27,245.0
i02_8x16,L2,0.271,245.0
i02_8x16,L2,0.272,245.0
i02_8x16,L2,0.273,245.0
i02_8x16,L2,0.274,245.0
i02_8x16,L2,0.275,245.0
i02_8x16,L2,0.276,245.0
i02_8x16,L2,0.277,245.0
i02_8x16,L2,0.278,245.0
i02_8x16,L2,0.279,245.0
i02_8x16,L2,0.28,245.0
i02_8x16,L2,0.281,245.0
i02_8x16,L2,0.282,245.0
i02_8x16,L2,0.283,245.0
i02_8x16,L2,0.284,245.0
i02_8x16,L2,0.285,245.0
i02_8x16,L2,0.286,245.0
i02_8x16,L2,0.287,245.0
i02_8x16,L2,0.288,245.0
i02_8x16,L2,0.289,245.0
i02_8x16,L2,0.29,245.0
i02_8x16,L2,0.291,245.0
i02_8x16,L2,0.292,245.0
i02_8x16,L2,0.293,245.0
i02_8x16,L2,0.294,245.0
i02_8x16,L2,0.295,245.0
i02_8x16,L2,0.296,245.0
i02_8x16,L2,0.297,247.49998474121094
i02_8x16,L2,0.298,247.49998474121094
i02_8x16,L2,0.299,247.49998474121094
i02_8x16,L2,0.3,247.49998474121094
i02_8x16,L2,0.301,247.49998474121094
i02_8x16,L2,0.302,247.49998474121094
i02_8x16,L2,0.303,247.49998474121094
i02_8x16,L2,0.304,247.49998474121094
i02_8x16,L2,0.305,247.49998474121094
i02_8x16,L2,0.306,247.49998474121094
i02_8x16,L2,0.307,247.49998474121094
i02_8x16,L2,0.308,247.49998474121094
i02_8x16,L2,0.309,247.49998474121094
i02_8x16,L2,0.31,247.49998474121094
i02_8x16,L2,0.311,247.49998474121094
i02_8x16,L2,0.312,247.49998474121094
i02_8x16,L2,0.313,247.49998474121094
i02_8x16,L2,0.314,247.49998474121094
i02_8x16,L2,0.315,247.49998474121094
i02_8x16,L2,0.316,247.49998474121094
i02_8x16,L2,0.317,247.49998474121094
i02_8x16,L2,0.318,247.49998474121094
i02_8x16,L2,0.319,247.49998474121094
i02_8x16,L2,0.32,247.49998474121094
i02_8x16,L2,0.321,247.49998474121094
i02_8x16,L2,0.322,247.49998474121094
i02_8x16,L2,0.323,247.49998474121094
i02_8x16,L2,0.324,247.49998474121094
i02_8x16,L2,0.325,247.49998474121094
i02_8x16,L2,0.326,247.49998474121094
i02_8x16,L2,0.327,247.49998474121094
i02_8x16,L2,0.328,247.49998474121094
i02_8x16,L2,0.329,247.49998474121094
i02_8x16,L2,0.33,247.49998474121094
i02_8x16,L2,0.331,247.49998474121094
i02_8x16,L2,0.332,247.49998474121094
i02_8x16,L2,0.333,247.49998474121094
i02_8x16,L2,0.334,247.49998474121094
i02_8x16,L2,0.335,247.49998474121094
i02_8x16,L2,0.336,247.49998474121094
i02_8x16,L2,0.337,250.0
i02_8x16,L2,0.338,250.0
i02_8x16,L2,0.339,250.0
i02_8x16,L2,0.34,250.0
i02_8x16,L2,0.341,250.0
i02_8x16,L2,0.342,250.0
i02_8x16,L2,0.343,250.0
i02_8x16,L2,0.344,250.0
i02_8x16,L2,0.345,250.0
i02_8x16,L2,0.346,250.0
i02_8x16,L2,0.347,250.0
i02_8x16,L2,0.348,250.0
i02_8x16,L2,0.349,250.0
i02_8x16,L2,0.35,250.0
i02_8x16,L2,0.351,250.0
i02_8x16,L2,0.352,250.0
i02_8x16,L2,0.353,250.0
i02_8x16,L2,0.354,250.0
i02_8x16,L2,0.355,250.0
i02_8x16,L2,0.356,250.0
i02_8x16,L2,0.357,250.0
i02_8x16,L2,0.358,250.0
i02_8x16,L2,0.359,250.0
i02_8x16,L2,0.36,250.0
i02_8x16,L2,0.361,250.0
i02_8x16,L2,0.362,250.0
i02_8x16,L2,0.363,250.0
i02_8x16,L2,0.364,250.0
i02_8x16,L2,0.365,250.0
i02_8x16,L2,0.366,250.0
i02_8x16,L2,0.367,250.0
i02_8x16,L2,0.368,250.0
i02_8x16,L2,0.369,250.0
i02_8x16,L2,0.37,250.0
i02_8x16,L2,0.371,250.0
i02_8x16,L2,0.372,250.0
i02_8x16,L2,0.373,250.0
i02_8x16,L2,0.374,250.0
i02_8x16,L2,0.375,250.0
i02_8x16,L2,0.376,252.50003051757812
i02_8x16,L2,0.377,252.50003051757812
i02_8x16,L2,0.378,252.50003051757812
i02_8x16,L2,0.379,252.50003051757812
i02_8x16,L2,0.38,252.50003051757812
i02_8x16,L2,0.381,252.50003051757812
i02_8x16,L2,0.382,252.50003051757812
i02_8x16,L2,0.383,252.50003051757812
i02_8x16,L2,0.384,252.50003051757812
i02_8x16,L2,0.385,252.50003051757812
i02_8x16,L2,0.386,252.50003051757812
i02_8x16,L2,0.387,252.50003051757812
i02_8x16,L2,0.388,252.50003051757812
i02_8x16,L2,0.389,252.50003051757812
i02_8x16,L2,0.39,252.50003051757812
i02_8x16,L2,0.391,252.50003051757812
i02_8x16,L2,0.392,252.50003051757812
i02_8x16,L2,0.393,252.50003051757812
i02_8x16,L2,0.394,252.50003051757812
i02_8x16,L2,0.395,252.50003051757812
i02_8x16,L2,0.396,252.50003051757812
i02_8x16,L2,0.397,252.50003051757812
i02_8x16,L2,0.398,252.50003051757812
i02_8x16,L2,0.399,252.50003051757812
i02_8x16,L2,0.4,252.50003051757812
i02_8x16,L2,0.401,252.50003051757812
i02_8x16,L2,0.402,252.50003051757812
i02_8x16,L2,0.403,252.50003051757812
i02_8x16,L2,0.404,252.50003051757812
i02_8x16,L2,0.405,252.50003051757812
i02_8x16,L2,0.406,252.50003051757812
i02_8x16,L2,0.407,252.50003051757812
i02_8x16,L2,0.408,252.50003051757812
i02_8x16,L2,0.409,252.50003051757812
i02_8x16,L2,0.41,252.50003051757812
i02_8x16,L2,0.411,252.50003051757812
i02_8x16,L2,0.412,252.50003051757812
i02_8x16,L2,0.413,252.50003051757812
i02_8x16,L2,0.414,255.0
i02_8x16,L2,0.415,255.0
i02_8x16,L2,0.416,255.0
i02_8x16,L2,0.417,255.0
i02_8x16,L2,0.418,255.0
i02_8x16,L2,0.419,255.0
i02_8x16,L2,0.42,255.0
i02_8x16,L2,0.421,255.0
i02_8x16,L2,0.422,255.0
i02_8x16,L2,0.423,255.0
i02_8x16,L2,0.424,255.0
i02_8x16,L2,0.425,255.0
i02_8x16,L2,0.426,255.0
i02_8x16,L2,0.427,255.0
i02_8x16,L2,0.428,255.0
i02_8x16,L2,0.429,255.0
i02_8x16,L2,0.43,255.0
i02_8x16,L2,0.431,255.0
i02_8x16,L2,0.432,255.0
i02_8x16,L2,0.433,255.0
i02_8x16,L2,0.434,255.0
i02_8x16,L2,0.435,255.0
i02_8x16,L2,0.436,255.0
i02_8x16,L2,0.437,255.0
i02_8x16,L2,0.438,255.0
i02_8x16,L2,0.439,255.0
i02_8x16,L2,0.44,255.0
i02_8x16,L2,0.441,255.0
i02_8x16,L2,0.442,255.0
i02_8x16,L2,0.443,255.0
i02_8x16,L2,0.444,255.0
i02_8x16,L2,0.445,255.0
i02_8x16,L2,0.446,255.0
i02_8x16,L2,0.447,255.0
i02_8x16,L2,0.448,257.5000305175781
i02_8x16,L2,0.449,257.5000305175781
i02_8x16,L2,0.45,257.5000305175781
i02_8x16,L2,0.451,257.5000305175781
i02_8x16,L2,0.452,257.5000305175781
i02_8x16,L2,0.453,257.5000305175781
i02_8x16,L2,0.454,257.5000305175781
i02_8x16,L2,0.455,257.5000305175781
i02_8x16,L2,0.456,257.5000305175781
i02_8x16,L2,0.457,257.5000305175781
i02_8x16,L2,0.458,257.5000305175781
i02_8x16,L2,0.459,257.5000305175781
i02_8x16,L2,0.46,257.5000305175781
i02_8x16,L2,0.461,257.5000305175781
i02_8x16,L2,0.462,257.5000305175781
i02_8x16,L2,0.463,257.5000305175781
i02_8x16,L2,0.464,257.5000305175781
i02_8x16,L2,0.465,257.5000305175781
i02_8x16,L2,0.466,257.5000305175781
i02_8x16,L2,0.467,257.5000305175781
i02_8x16,L2,0.468,257.5000305175781
i02_8x16,L2,0.469,257.5000305175781
i02_8x16,L2,0.47,257.5000305175781
i02_8x16,L2,0.471,257.5000305175781
i02_8x16,L2,0.472,257.5000305175781
i02_8x16,L2,0.473,257.5000305175781
i02_8x16,L2,0.474,257.5000305175781
i02_8x16,L2,0.475,257.5000305175781
i02_8x16,L2,0.476,257.5000305175781
i02_8x16,L2,0.477,257.5000305175781
i02_8x16,L2,0.478,257.5000305175781
i02_8x16,L2,0.479,260.0
i02_8x16,L2,0.48,260.0
i02_8x16,L2,0.481,260.0
i02_8x16,L2,0.482,260.0
i02_8x16,L2,0.483,260.0
i02_8x16,L2,0.484,260.0
i02_8x16,L2,0.485,260.0
i02_8x16,L2,0.486,260.0
i02_8x16,L2,0.487,260.0
i02_8x16,L2,0.488,260.0
i02_8x16,L2,0.489,260.0
i02_8x16,L2,0.49,260.0
i02_8x16,L2,0.491,260.0
i02_8x16,L2,0.492,260.0
i02_8x16,L2,0.493,260.0
i02_8x16,L2,0.494,260.0
i02_8x16,L2,0.495,260.0
i02_8x16,L2,0.496,260.0
i02_8x16,L2,0.497,260.0
i02_8x16,L2,0.498,260.0
i02_8x16,L2,0.499,260.0
i02_8x16,L2,0.5,260.0
i02_8x16,L2,0.501,260.0
i02_8x16,L2,0.502,260.0
i02_8x16,L2,0.503,260.0
i02_8x16,L2,0.504,260.0
i02_8x16,L2,0.505,262.5000305175781
i02_8x16,L2,0.506,262.5000305175781
i02_8x16,L2,0.507,262.5000305175781
i02_8x16,L2,0.508,262.5000305175781
i02_8x16,L2,0.509,262.5000305175781
i02_8x16,L2,0.51,262.5000305175781
i02_8x16,L2,0.511,262.5000305175781
i02_8x16,L2,0.512,262.5000305175781
i02_8x16,L2,0.513,262.5000305175781
i02_8x16,L2,0.514,262.5000305175781
i02_8x16,L2,0.515,262.5000305175781
i02_8x16,L2,0.516,262.5000305175781
i02_8x16,L2,0.517,262.5000305175781
i02_8x16,L2,0.518,262.5000305175781
i02_8x16,L2,0.519,262.5000305175781
i02_8x16,L2,0.52,262.5000305175781
i02_8x16,L2,0.521,262.5000305175781
i02_8x16,L2,0.522,262.5000305175781
i02_8x16,L2,0.523,262.5000305175781
i02_8x16,L2,0.524,262.5000305175781
i02_8x16,L2,0.525,262.5000305175781
i02_8x16,L2,0.526,262.5000305175781
i02_8x16,L2,0.527,262.5000305175781
i02_8x16,L2,0.528,262.5000305175781
i02_8x16,L2,0.529,262.5000305175781
i02_8x16,L2,0.53,265.0000305175781
i02_8x16,L2,0.531,265.0000305175781
i02_8x16,L2,0.532,265.0000305175781
i02_8x16,L2,0.533,265.0000305175781
i02_8x16,L2,0.534,265.0000305175781
i02_8x16,L2,0.535,265.0000305175781
i02_8x16,L2,0.536,265.0000305175781
i02_8x16,L2,0.537,265.0000305175781
i02_8x16,L2,0.538,265.0000305175781
i02_8x16,L2,0.539,265.0000305175781
i02_8x16,L2,0.54,265.0000305175781
i02_8x16,L2,0.541,265.0000305175781
i02_8x16,L2,0.542,265.0000305175781
i02_8x16,L2,0.543,265.0000305175781
i02_8x16,L2,0.544,265.0000305175781
i02_8x16,L2,0.545,265.0000305175781
i02_8x16,L2,0.546,265.0000305175781
i02_8x16,L2,0.547,265.0000305175781
i02_8x16,L2,0.548,265.0000305175781
i02_8x16,L2,0.549,265.0000305175781
i02_8x16,L2,0.55,265.0000305175781
i02_8x16,L2,0.551,265.0000305175781
i02_8x16,L2,0.552,267.5
i02_8x16,L2,0.553,267.5
i02_8x16,L2,0.554,267.5
i02_8x16,L2,0.555,267.5
i02_8x16,L2,0.556,267.5
i02_8x16,L2,0.557,267.5
i02_8x16,L2,0.558,267.5
i02_8x16,L2,0.559,267.5
i02_8x16,L2,0.56,267.5
i02_8x16,L2,0.561,267.5
i02_8x16,L2,0.562,267.5
i02_8x16,L2,0.563,267.5
i02_8x16,L2,0.564,267.5
i02_8x16,L2,0.565,267.5
i02_8x16,L2,0.566,267.5
i02_8x16,L2,0.567,267.5
i02_8x16,L2,0.568,267.5
i02_8x16,L2,0.569,267.5
i02_8x16,L2,0.57,267.5
i02_8x16,L2,0.571,267.5
i02_8x16,L2,0.572,270.0
i02_8x16,L2,0.573,270.0
i02_8x16,L2,0.574,270.0
i02_8x16,L2,0.575,270.0
i02_8x16,L2,0.576,270.0
i02_8x16,L2,0.577,270.0
i02_8x16,L2,0.578,270.0
i02_8x16,L2,0.579,270.0
i02_8x16,L2,0.58,270.0
i02_8x16,L2,0.581,270.0
i02_8x16,L2,0.582,270.0
i02_8x16,L2,0.583,270.0
i02_8x16,L2,0.584,270.0
i02_8x16,L2,0.585,270.0
i02_8x16,L2,0.586,270.0
i02_8x16,L2,0.587,270.0
i02_8x16,L2,0.588,270.0
i02_8x16,L2,0.589,270.0
i02_8x16,L2,0.59,270.0
i02_8x16,L2,0.591,272.5
i02_8x16,L2,0.592,272.5
i02_8x16,L2,0.593,272.5
i02_8x16,L2,0.594,272.5
i02_8x16,L2,0.595,272.5
i02_8x16,L2,0.596,272.5
i02_8x16,L2,0.597,272.5
i02_8x16,L2,0.598,272.5
i02_8x16,L2,0.599,272.5
i02_8x16,L2,0.6,272.5
i02_8x16,L2,0.601,272.5
i02_8x16,L2,0.602,272.5
i02_8x16,L2,0.603,272.5
i02_8x16,L2,0.604,272.5
i02_8x16,L2,0.605,272.5
i02_8x16,L2,0.606,272.5
i02_8x16,L2,0.607,272.5
i02_8x16,L2,0.608,275.0
i02_8x16,L2,0.609,275.0
i02_8x16,L2,0.61,275.0
i02_8x16,L2,0.611,275.0
i02_8x16,L2,0.612,275.0
i02_8x16,L2,0.613,275.0
i02_8x16,L2,0.614,275.0
i02_8x16,L2,0.615,275.0
i02_8x16,L2,0.616,275.0
i02_8x16,L2,0.617,275.0
i02_8x16,L2,0.618,275.0
i02_8x16,L2,0.619,275.0
i02_8x16,L2,0.62,275.0
i02_8x16,L2,0.621,275.0
i02_8x16,L2,0.622,275.0
i02_8x16,L2,0.623,275.0
i02_8x16,L2,0.624,277.5
i02_8x16,L2,0.625,277.5
i02_8x16,L2,0.626,277.5
i02_8x16,L2,0.627,277.5
i02_8x16,L2,0.628,277.5
i02_8x16,L2,0.629,277.5
i02_8x16,L2,0.63,277.5
i02_8x16,L2,0.631,277.5
i02_8x16,L2,0.632,277.5
i02_8x16,L2,0.633,277.5
i02_8x16,L2,0.634,277.5
i02_8x16,L2,0.635,277.5
i02_8x16,L2,0.636,277.5
i02_8x16,L2,0.637,280.0
i02_8x16,L2,0.638,280.0
i02_8x16,L2,0.639,280.0
i02_8x16,L2,0.64,280.0
i02_8x16,L2,0.641,280.0
i02_8x16,L2,0.642,280.0
i02_8x16,L2,0.643,280.0
i02_8x16,L2,0.644,280.0
i02_8x16,L2,0.645,280.0
i02_8x16,L2,0.646,280.0
i02_8x16,L2,0.647,280.0
i02_8x16,L2,0.648,280.0
i02_8x16,L2,0.649,280.0
i02_8x16,L2,0.65,280.0
i02_8x16,L2,0.651,282.5
i02_8x16,L2,0.652,282.5
i02_8x16,L2,0.653,282.5
i02_8x16,L2,0.654,282.5
i02_8x16,L2,0.655,282.5
i02_8x16,L2,0.656,282.5
i02_8x16,L2,0.657,282.5
i02_8x16,L2,0.658,282.5
i02_8x16,L2,0.659,282.5
i02_8x16,L2,0.66,282.5
i02_8x16,L2,0.661,282.5
i02_8x16,L2,0.662,282.5
i02_8x16,L2,0.663,285.0
i02_8x16,L2,0.664,285.0
i02_8x16,L2,0.665,285.0
i02_8x16,L2,0.666,285.0
i02_8x16,L2,0.667,285.0
i02_8x16,L2,0.668,285.0
i02_8x16,L2,0.669,285.0
i02_8x16,L2,0.67,285.0
i02_8x16,L2,0.671,285.0
i02_8x16,L2,0.672,285.0
i02_8x16,L2,0.673,285.0
i02_8x16,L2,0.674,285.0
i02_8x16,L2,0.675,285.0
i02_8x16,L2,0.676,287.5
i02_8x16,L2,0.677,287.5
i02_8x16,L2,0.678,287.5
i02_8x16,L2,0.679,287.5
i02_8x16,L2,0.68,287.5
i02_8x16,L2,0.681,287.5
i02_8x16,L2,0.682,287.5
i02_8x16,L2,0.683,287.5
i02_8x16,L2,0.684,287.5
i02_8x16,L2,0.685,287.5
i02_8x16,L2,0.686,290.0000305175781
i02_8x16,L2,0.687,290.0000305175781
i02_8x16,L2,0.688,290.0000305175781
i02_8x16,L2,0.689,290.0000305175781
i02_8x16,L2,0.69,290.0000305175781
i02_8x16,L2,0.691,290.0000305175781
i02_8x16,L2,0.692,290.0000305175781
i02_8x16,L2,0.693,290.0000305175781
i02_8x16,L2,0.694,290.0000305175781
i02_8x16,L2,0.695,290.0000305175781
i02_8x16,L2,0.696,290.0000305175781
i02_8x16,L2,0.697,290.0000305175781
i02_8x16,L2,0.698,292.5
i02_8x16,L2,0.699,292.5
i02_8x16,L2,0.7,292.5
i02_8x16,L2,0.701,292.5
i02_8x16,L2,0.702,292.5
i02_8x16,L2,0.703,292.5
i02_8x16,L2,0.704,292.5
i02_8x16,L2,0.705,292.5
i02_8x16,L2,0.706,292.5
i02_8x16,L2,0.707,295.0000305175781
i02_8x16,L2,0.708,295.0000305175781
i02_8x16,L2,0.709,295.0000305175781
i02_8x16,L2,0.71,295.0000305175781
i02_8x16,L2,0.711,295.0000305175781
i02_8x16,L2,0.712,295.0000305175781
i02_8x16,L2,0.713,295.0000305175781
i02_8x16,L2,0.714,295.0000305175781
i02_8x16,L2,0.715,295.0000305175781
i02_8x16,L2,0.716,295.0000305175781
i02_8x16,L2,0.717,297.4999694824219
i02_8x16,L2,0.718,297.4999694824219
i02_8x16,L2,0.719,297.4999694824219
i02_8x16,L2,0.72,297.4999694824219
i02_8x16,L2,0.721,297.4999694824219
i02_8x16,L2,0.722,297.4999694824219
i02_8x16,L2,0.723,297.4999694824219
i02_8x16,L2,0.724,297.4999694824219
i02_8x16,L2,0.725,297.4999694824219
i02_8x16,L2,0.726,297.4999694824219
i02_8x16,L2,0.727,297.4999694824219
i02_8x16,L2,0.728,300.0
i02_8x16,L2,0.729,300.0
i02_8x16,L2,0.73,300.0
i02_8x16,L2,0.731,300.0
i02_8x16,L2,0.732,300.0
i02_8x16,L2,0.733,300.0
i02_8x16,L2,0.734,300.0
i02_8x16,L2,0.735,300.0
i02_8x16,L2,0.736,300.0
i02_8x16,L2,0.737,302.5
i02_8x16,L2,0.738,302.5
i02_8x16,L2,0.739,302.5
i02_8x16,L2,0.74,302.5
i02_8x16,L2,0.741,302.5
i02_8x16,L2,0.742,302.5
i02_8x16,L2,0.743,302.5
i02_8x16,L2,0.744,302.5
i02_8x16,L2,0.745,302.5
i02_8x16,L2,0.746,305.0
i02_8x16,L2,0.747,305.0
i02_8x16,L2,0.748,305.0
i02_8x16,L2,0.749,307.5
i02_8x16,L2,0.75,307.5
i02_8x16,L2,0.751,307.5
i02_8x16,L2,0.752,307.5
i02_8x16,L2,0.753,307.5
i02_8x16,L2,0.754,307.5
i02_8x16,L2,0.755,307.5
i02_8x16,L2,0.756,310.0
i02_8x16,L2,0.757,310.0
i02_8x16,L2,0.758,310.0
i02_8x16,L2,0.759,310.0
i02_8x16,L2,0.76,312.5
i02_8x16,L2,0.761,312.5
i02_8x16,L2,0.762,312.5
i02_8x16,L2,0.763,315.0000305175781
i02_8x16,L2,0.764,315.0000305175781
i02_8x16,L2,0.765,315.0000305175781
i02_8x16,L2,0.766,315.0000305175781
i02_8x16,L2,0.767,315.0000305175781
i02_8x16,L2,0.768,317.5
i02_8x16,L2,0.769,317.5
i02_8x16,L2,0.77,317.5
i02_8x16,L2,0.771,317.5
i02_8x16,L2,0.772,320.0000305175781
i02_8x16,L2,0.773,320.0000305175781
i02_8x16,L2,0.774,320.0000305175781
i02_8x16,L2,0.775,320.0000305175781
i02_8x16,L2,0.776,320.0000305175781
i02_8x16,L2,0.777,322.5
i02_8x16,L2,0.778,322.5
i02_8x16,L2,0.779,322.5
i02_8x16,L2,0.78,322.5
i02_8x16,L2,0.781,325.0000305175781
i02_8x16,L2,0.782,325.0000305175781
i02_8x16,L2,0.783,325.0000305175781
i02_8x16,L2,0.784,325.0000305175781
i02_8x16,L2,0.785,327.5000305175781
i02_8x16,L2,0.786,327.5000305175781
i02_8x16,L2,0.787,327.5000305175781
i02_8x16,L2,0.788,327.5000305175781
i02_8x16,L2,0.789,330.0
i02_8x16,L2,0.79,330.0
i02_8x16,L2,0.791,330.0
i02_8x16,L2,0.792,330.0
i02_8x16,L2,0.793,332.5
i02_8x16,L2,0.794,332.5
i02_8x16,L2,0.795,332.5
i02_8x16,L2,0.796,332.5
i02_8x16,L2,0.797,332.5
i02_8x16,L2,0.798,335.0
i02_8x16,L2,0.799,335.0
i02_8x16,L2,0.8,335.0
i02_8x16,L2,0.801,335.0
i02_8x16,L2,0.802,337.5
i02_8x16,L2,0.803,337.5
i02_8x16,L2,0.804,337.5
i02_8x16,L2,0.805,337.5
i02_8x16,L2,0.806,340.0
i02_8x16,L2,0.807,340.0
i02_8x16,L2,0.808,340.0
i02_8x16,L2,0.809,340.0
i02_8x16,L2,0.81,342.5
i02_8x16,L2,0.811,342.5
i02_8x16,L2,0.812,342.5
i02_8x16,L2,0.813,342.5
i02_8x16,L2,0.814,345.0
i02_8x16,L2,0.815,345.0
i02_8x16,L2,0.816,345.0
i02_8x16,L2,0.817,345.0
i02_8x16,L2,0.818,347.5
i02_8x16,L2,0.819,347.5
i02_8x16,L2,0.82,347.5
i02_8x16,L2,0.821,347.5
i02_8x16,L2,0.822,350.0
i02_8x16,L2,0.823,350.0
i02_8x16,L2,0.824,350.0
i02_8x16,L2,0.825,350.0
i02_8x16,L2,0.826,352.5000305175781
i02_8x16,L2,0.827,352.5000305175781
i02_8x16,L2,0.828,352.5000305175781
i02_8x16,L2,0.829,352.5000305175781
i02_8x16,L2,0.83,355.0
i02_8x16,L2,0.831,355.0
i02_8x16,L2,0.832,355.0
i02_8x16,L2,0.833,355.0
i02_8x16,L2,0.834,357.5000305175781
i02_8x16,L2,0.835,357.5000305175781
i02_8x16,L2,0.836,357.5000305175781
i02_8x16,L2,0.837,359.9999694824219
i02_8x16,L2,0.838,359.9999694824219
i02_8x16,L2,0.839,359.9999694824219
i02_8x16,L2,0.84,362.5
i02_8x16,L2,0.841,362.5
i02_8x16,L2,0.842,362.5
i02_8x16,L2,0.843,362.5
i02_8x16,L2,0.844,365.0
i02_8x16,L2,0.845,365.0
i02_8x16,L2,0.846,365.0
i02_8x16,L2,0.847,365.0
i02_8x16,L2,0.848,367.5
i02_8x16,L2,0.849,367.5
i02_8x16,L2,0.85,367.5
i02_8x16,L2,0.851,370.0
i02_8x16,L2,0.852,370.0
i02_8x16,L2,0.853,370.0
i02_8x16,L2,0.854,372.5
i02_8x16,L2,0.855,372.5
i02_8x16,L2,0.856,372.5
i02_8x16,L2,0.857,375.0
i02_8x16,L2,0.858,375.0
i02_8x16,L2,0.859,375.0
i02_8x16,L2,0.86,377.5000305175781
i02_8x16,L2,0.861,377.5000305175781
i02_8x16,L2,0.862,377.5000305175781
i02_8x16,L2,0.863,380.0
i02_8x16,L2,0.864,380.0
i02_8x16,L2,0.865,380.0
i02_8x16,L2,0.866,380.0
i02_8x16,L2,0.867,382.5000305175781
i02_8x16,L2,0.868,382.5000305175781
i02_8x16,L2,0.869,382.5000305175781
i02_8x16,L2,0.87,385.0
i02_8x16,L2,0.871,385.0
i02_8x16,L2,0.872,385.0
i02_8x16,L2,0.873,387.5000305175781
i02_8x16,L2,0.874,387.5000305175781
i02_8x16,L2,0.875,387.5000305175781
i02_8x16,L2,0.876,390.0000305175781
i02_8x16,L2,0.877,390.0000305175781
i02_8x16,L2,0.878,390.0000305175781
i02_8x16,L2,0.879,392.5
i02_8x16,L2,0.88,392.5
i02_8x16,L2,0.881,395.0
i02_8x16,L2,0.882,395.0
i02_8x16,L2,0.883,397.5
i02_8x16,L2,0.884,397.5
i02_8x16,L2,0.885,397.5
i02_8x16,L2,0.886,400.0
i02_8x16,L2,0.887,400.0
i02_8x16,L2,0.888,400.0
i02_8x16,L2,0.889,402.5
i02_8x16,L2,0.89,402.5
i02_8x16,L2,0.891,405.0000305175781
i02_8x16,L2,0.892,405.0000305175781
i02_8x16,L2,0.893,407.5
i02_8x16,L2,0.894,407.5
i02_8x16,L2,0.895,410.0
i02_8x16,L2,0.896,410.0
i02_8x16,L2,0.897,412.5
i02_8x16,L2,0.898,415.0000305175781
i02_8x16,L2,0.899,415.0000305175781
i02_8x16,L2,0.9,417.5000305175781
i02_8x16,L2,0.901,417.5000305175781
i02_8x16,L2,0.902,420.0
i02_8x16,L2,0.903,422.4999694824219
i02_8x16,L2,0.904,425.0
i02_8x16,L2,0.905,427.5
i02_8x16,L2,0.906,427.5
i02_8x16,L2,0.907,430.0000305175781
i02_8x16,L2,0.908,432.4999694824219
i02_8x16,L2,0.909,435.0
i02_8x16,L2,0.91,435.0
i02_8x16,L2,0.911,437.5
i02_8x16,L2,0.912,440.0000305175781
i02_8x16,L2,0.913,442.5000305175781
i02_8x16,L2,0.914,442.5000305175781
i02_8x16,L2,0.915,445.0
i02_8x16,L2,0.916,447.5
i02_8x16,L2,0.917,447.5
i02_8x16,L2,0.918,450.0000305175781
i02_8x16,L2,0.919,452.5000305175781
i02_8x16,L2,0.92,455.0
i02_8x16,L2,0.921,457.4999694824219
i02_8x16,L2,0.922,457.4999694824219
i02_8x16,L2,0.923,460.0
i02_8x16,L2,0.924,462.5
i02_8x16,L2,0.925,465.0
i02_8x16,L2,0.926,465.0
i02_8x16,L2,0.927,467.5000305175781
i02_8x16,L2,0.928,470.0
i02_8x16,L2,0.929,472.5
i02_8x16,L2,0.93,472.5
i02_8x16,L2,0.931,475.0
i02_8x16,L2,0.932,477.5000305175781
i02_8x16,L2,0.933,480.0000305175781
i02_8x16,L2,0.934,480.0000305175781
i02_8x16,L2,0.935,482.5
i02_8x16,L2,0.936,482.5
i02_8x16,L2,0.937,484.9999694824219
i02_8x16,L2,0.938,487.5
i02_8x16,L2,0.939,487.5
i02_8x16,L2,0.94,490.0
i02_8x16,L2,0.941,492.5000305175781
i02_8x16,L2,0.942,492.5000305175781
i02_8x16,L2,0.943,494.9999694824219
i02_8x16,L2,0.944,494.9999694824219
i02_8x16,L2,0.945,497.5
i02_8x16,L2,0.946,500.0
i02_8x16,L2,0.947,500.0
i02_8x16,L2,0.948,502.5
i02_8x16,L2,0.949,505.00006103515625
i02_8x16,L2,0.95,507.5
i02_8x16,L2,0.951,510.0
i02_8x16,L2,0.952,512.5
i02_8x16,L2,0.953,515.0000610351562
i02_8x16,L2,0.954,517.5000610351562
i02_8x16,L2,0.955,520.0
i02_8x16,L2,0.956,520.0
i02_8x16,L2,0.957,522.5
i02_8x16,L2,0.958,525.0000610351562
i02_8x16,L2,0.959,527.5000610351562
i02_8x16,L2,0.96,532.4999389648438
i02_8x16,L2,0.961,535.0
i02_8x16,L2,0.962,537.5
i02_8x16,L2,0.963,540.0
i02_8x16,L2,0.964,542.5
i02_8x16,L2,0.965,547.5
i02_8x16,L2,0.966,550.0
i02_8x16,L2,0.967,555.0
i02_8x16,L2,0.968,560.0
i02_8x16,L2,0.969,565.0
i02_8x16,L2,0.97,570.0
i02_8x16,L2,0.971,577.5000610351562
i02_8x16,L2,0.972,582.5
i02_8x16,L2,0.973,587.5000610351562
i02_8x16,L2,0.974,592.5000610351562
i02_8x16,L2,0.975,600.0
i02_8x16,L2,0.976,610.0
i02_8x16,L2,0.977,620.0
i02_8x16,L2,0.978,635.0
i02_8x16,L2,0.979,642.5000610351562
i02_8x16,L2,0.98,652.5000610351562
i02_8x16,L2,0.981,662.5
i02_8x16,L2,0.982,670.0
i02_8x16,L2,0.983,675.0
i02_8x16,L2,0.984,685.0
i02_8x16,L2,0.985,692.5000610351562
i02_8x16,L2,0.986,702.5000610351562
i02_8x16,L2,0.987,712.5000610351562
i02_8x16,L2,0.988,730.0
i02_8x16,L2,0.989,747.5
i02_8x16,L2,0.99,767.5000610351562
i02_8x16,L2,0.991,787.5
i02_8x16,L2,0.992,817.5000610351562
i02_8x16,L2,0.993,852.4999389648438
i02_8x16,L2,0.994,877.5
i02_8x16,L2,0.995,897.5000610351562
i02_8x16,L2,0.996,932.5
i02_8x16,L2,0.997,962.5000610351562
i02_8x16,L2,0.998,997.5000610351562
i02_8x16,L2,0.999,1075.0
i02_8x16,L2,1.0,3172.500244140625
i02_8x16,L2-legacy,0.0,47.49999237060547
i02_8x16,L2-legacy,0.001,87.5
i02_8x16,L2-legacy,0.002,94.99969482421875
i02_8x16,L2-legacy,0.003,97.50061798095703
i02_8x16,L2-legacy,0.004,100.0
i02_8x16,L2-legacy,0.005,102.4993896484375
i02_8x16,L2-legacy,0.006,104.998779296875
i02_8x16,L2-legacy,0.007,105.00031280517578
i02_8x16,L2-legacy,0.008,165.00015258789062
i02_8x16,L2-legacy,0.009,172.5006103515625
i02_8x16,L2-legacy,0.01,175.0
i02_8x16,L2-legacy,0.011,177.49940490722656
i02_8x16,L2-legacy,0.012,179.998779296875
i02_8x16,L2-legacy,0.013,180.00030517578125
i02_8x16,L2-legacy,0.014,182.49969482421875
i02_8x16,L2-legacy,0.015,182.49969482421875
i02_8x16,L2-legacy,0.016,182.5000762939453
i02_8x16,L2-legacy,0.017,184.99984741210938
i02_8x16,L2-legacy,0.018,185.0006103515625
i02_8x16,L2-legacy,0.019,185.0006103515625
i02_8x16,L2-legacy,0.02,187.5
i02_8x16,L2-legacy,0.021,187.5
i02_8x16,L2-legacy,0.022,187.5
i02_8x16,L2-legacy,0.023,187.5
i02_8x16,L2-legacy,0.024,189.9993896484375
i02_8x16,L2-legacy,0.025,189.9993896484375
i02_8x16,L2-legacy,0.026,189.9993896484375
i02_8x16,L2-legacy,0.027,190.0001678466797
i02_8x16,L2-legacy,0.028,190.0001678466797
i02_8x16,L2-legacy,0.029,192.49879455566406
i02_8x16,L2-legacy,0.03,192.4999237060547
i02_8x16,L2-legacy,0.031,192.50030517578125
i02_8x16,L2-legacy,0.032,192.50030517578125
i02_8x16,L2-legacy,0.033,192.50030517578125
i02_8x16,L2-legacy,0.034,192.50030517578125
i02_8x16,L2-legacy,0.035,194.99969482421875
i02_8x16,L2-legacy,0.036,194.99969482421875
i02_8x16,L2-legacy,0.037,194.99969482421875
i02_8x16,L2-legacy,0.038,194.99969482421875
i02_8x16,L2-legacy,0.039,195.0000762939453
i02_8x16,L2-legacy,0.04,195.00123596191406
i02_8x16,L2-legacy,0.041,197.49986267089844
i02_8x16,L2-legacy,0.042,197.49986267089844
i02_8x16,L2-legacy,0.043,197.50003051757812
i02_8x16,L2-legacy,0.044,197.5006103515625
i02_8x16,L2-legacy,0.045,197.5006103515625
i02_8x16,L2-legacy,0.046,197.5006103515625
i02_8x16,L2-legacy,0.047,197.5006103515625
i02_8x16,L2-legacy,0.048,200.0
i02_8x16,L2-legacy,0.049,200.0
i02_8x16,L2-legacy,0.05,200.0
i02_8x16,L2-legacy,0.051,200.0
i02_8x16,L2-legacy,0.052,200.0
i02_8x16,L2-legacy,0.053,200.0
i02_8x16,L2-legacy,0.054,200.0
i02_8x16,L2-legacy,0.055,202.4993896484375
i02_8x16,L2-legacy,0.056,202.4993896484375
i02_8x16,L2-legacy,0.057,202.4993896484375
i02_8x16,L2-legacy,0.058,202.4993896484375
i02_8x16,L2-legacy,0.059,202.4993896484375
i02_8x16,L2-legacy,0.06,202.49996948242188
i02_8x16,L2-legacy,0.061,202.50015258789062
i02_8x16,L2-legacy,0.062,202.50015258789062
i02_8x16,L2-legacy,0.063,202.50015258789062
i02_8x16,L2-legacy,0.064,204.998779296875
i02_8x16,L2-legacy,0.065,204.9999237060547
i02_8x16,L2-legacy,0.066,204.9999237060547
i02_8x16,L2-legacy,0.067,205.00030517578125
i02_8x16,L2-legacy,0.068,205.00030517578125
i02_8x16,L2-legacy,0.069,205.00030517578125
i02_8x16,L2-legacy,0.07,205.00030517578125
i02_8x16,L2-legacy,0.071,205.00030517578125
i02_8x16,L2-legacy,0.072,205.00030517578125
i02_8x16,L2-legacy,0.073,207.49969482421875
i02_8x16,L2-legacy,0.074,207.49969482421875
i02_8x16,L2-legacy,0.075,207.501220703125
i02_8x16,L2-legacy,0.076,210.00062561035156
i02_8x16,L2-legacy,0.077,210.00062561035156
i02_8x16,L2-legacy,0.078,212.5
i02_8x16,L2-legacy,0.079,212.5
i02_8x16,L2-legacy,0.08,212.5
i02_8x16,L2-legacy,0.081,214.9993896484375
i02_8x16,L2-legacy,0.082,214.9993896484375
i02_8x16,L2-legacy,0.083,214.9993896484375
i02_8x16,L2-legacy,0.084,214.9999542236328
i02_8x16,L2-legacy,0.085,215.00015258789062
i02_8x16,L2-legacy,0.086,217.498779296875
i02_8x16,L2-legacy,0.087,217.4999237060547
i02_8x16,L2-legacy,0.088,217.50001525878906
i02_8x16,L2-legacy,0.089,217.5003204345703
i02_8x16,L2-legacy,0.09,217.5003204345703
i02_8x16,L2-legacy,0.091,217.5003204345703
i02_8x16,L2-legacy,0.092,217.5003204345703
i02_8x16,L2-legacy,0.093,219.99969482421875
i02_8x16,L2-legacy,0.094,219.99969482421875
i02_8x16,L2-legacy,0.095,219.99969482421875
i02_8x16,L2-legacy,0.096,219.99969482421875
i02_8x16,L2-legacy,0.097,219.99969482421875
i02_8x16,L2-legacy,0.098,220.0000762939453
i02_8x16,L2-legacy,0.099,220.001220703125
i02_8x16,L2-legacy,0.1,220.001220703125
i02_8x16,L2-legacy,0.101,222.49984741210938
i02_8x16,L2-legacy,0.102,222.49984741210938
i02_8x16,L2-legacy,0.103,222.49984741210938
i02_8x16,L2-legacy,0.104,222.5006103515625
i02_8x16,L2-legacy,0.105,222.5006103515625
i02_8x16,L2-legacy,0.106,222.5006103515625
i02_8x16,L2-legacy,0.107,222.5006103515625
i02_8x16,L2-legacy,0.108,222.5006103515625
i02_8x16,L2-legacy,0.109,222.5006103515625
i02_8x16,L2-legacy,0.11,222.5006103515625
i02_8x16,L2-legacy,0.111,225.00001525878906
i02_8x16,L2-legacy,0.112,225.00001525878906
i02_8x16,L2-legacy,0.113,225.00001525878906
i02_8x16,L2-legacy,0.114,225.00001525878906
i02_8x16,L2-legacy,0.115,225.00001525878906
i02_8x16,L2-legacy,0.116,225.00001525878906
i02_8x16,L2-legacy,0.117,225.00001525878906
i02_8x16,L2-legacy,0.118,225.00001525878906
i02_8x16,L2-legacy,0.119,225.00001525878906
i02_8x16,L2-legacy,0.12,225.00001525878906
i02_8x16,L2-legacy,0.121,225.00001525878906
i02_8x16,L2-legacy,0.122,225.00001525878906
i02_8x16,L2-legacy,0.123,227.4993896484375
i02_8x16,L2-legacy,0.124,227.4993896484375
i02_8x16,L2-legacy,0.125,227.4993896484375
i02_8x16,L2-legacy,0.126,227.4993896484375
i02_8x16,L2-legacy,0.127,227.4993896484375
i02_8x16,L2-legacy,0.128,227.4993896484375
i02_8x16,L2-legacy,0.129,227.4993896484375
i02_8x16,L2-legacy,0.13,227.4993896484375
i02_8x16,L2-legacy,0.131,227.49996948242188
i02_8x16,L2-legacy,0.132,227.50015258789062
i02_8x16,L2-legacy,0.133,227.50015258789062
i02_8x16,L2-legacy,0.134,227.50015258789062
i02_8x16,L2-legacy,0.135,227.50015258789062
i02_8x16,L2-legacy,0.136,227.50015258789062
i02_8x16,L2-legacy,0.137,229.998779296875
i02_8x16,L2-legacy,0.138,229.998779296875
i02_8x16,L2-legacy,0.139,229.9999237060547
i02_8x16,L2-legacy,0.14,229.9999237060547
i02_8x16,L2-legacy,0.141,229.9999237060547
i02_8x16,L2-legacy,0.142,230.00001525878906
i02_8x16,L2-legacy,0.143,230.00030517578125
i02_8x16,L2-legacy,0.144,230.00030517578125
i02_8x16,L2-legacy,0.145,230.00030517578125
i02_8x16,L2-legacy,0.146,230.00030517578125
i02_8x16,L2-legacy,0.147,230.00030517578125
i02_8x16,L2-legacy,0.148,230.00030517578125
i02_8x16,L2-legacy,0.149,230.00030517578125
i02_8x16,L2-legacy,0.15,230.00030517578125
i02_8x16,L2-legacy,0.151,230.00030517578125
i02_8x16,L2-legacy,0.152,230.00030517578125
i02_8x16,L2-legacy,0.153,230.00030517578125
i02_8x16,L2-legacy,0.154,232.4997100830078
i02_8x16,L2-legacy,0.155,232.4997100830078
i02_8x16,L2-legacy,0.156,232.4997100830078
i02_8x16,L2-legacy,0.157,232.4997100830078
i02_8x16,L2-legacy,0.158,232.4997100830078
i02_8x16,L2-legacy,0.159,232.4997100830078
i02_8x16,L2-legacy,0.16,232.4997100830078
i02_8x16,L2-legacy,0.161,232.4997100830078
i02_8x16,L2-legacy,0.162,232.4997100830078
i02_8x16,L2-legacy,0.163,232.4997100830078
i02_8x16,L2-legacy,0.164,232.4997100830078
i02_8x16,L2-legacy,0.165,232.4997100830078
i02_8x16,L2-legacy,0.166,232.4997100830078
i02_8x16,L2-legacy,0.167,232.5000762939453
i02_8x16,L2-legacy,0.168,232.5000762939453
i02_8x16,L2-legacy,0.169,232.5000762939453
i02_8x16,L2-legacy,0.17,232.5000762939453
i02_8x16,L2-legacy,0.171,232.501220703125
i02_8x16,L2-legacy,0.172,232.501220703125
i02_8x16,L2-legacy,0.173,234.99984741210938
i02_8x16,L2-legacy,0.174,234.99984741210938
i02_8x16,L2-legacy,0.175,234.99984741210938
i02_8x16,L2-legacy,0.176,234.99984741210938
i02_8x16,L2-legacy,0.177,234.99984741210938
i02_8x16,L2-legacy,0.178,234.99984741210938
i02_8x16,L2-legacy,0.179,234.99984741210938
i02_8x16,L2-legacy,0.18,235.0000457763672
i02_8x16,L2-legacy,0.181,235.0000457763672
i02_8x16,L2-legacy,0.182,235.0006103515625
i02_8x16,L2-legacy,0.183,235.0006103515625
i02_8x16,L2-legacy,0.184,235.0006103515625
i02_8x16,L2-legacy,0.185,235.0006103515625
i02_8x16,L2-legacy,0.186,235.0006103515625
i02_8x16,L2-legacy,0.187,235.0006103515625
i02_8x16,L2-legacy,0.188,235.0006103515625
i02_8x16,L2-legacy,0.189,235.0006103515625
i02_8x16,L2-legacy,0.19,235.0006103515625
i02_8x16,L2-legacy,0.191,235.0006103515625
i02_8x16,L2-legacy,0.192,235.0006103515625
i02_8x16,L2-legacy,0.193,235.0006103515625
i02_8x16,L2-legacy,0.194,235.0006103515625
i02_8x16,L2-legacy,0.195,237.5
i02_8x16,L2-legacy,0.196,237.5
i02_8x16,L2-legacy,0.197,237.5
i02_8x16,L2-legacy,0.198,237.5
i02_8x16,L2-legacy,0.199,237.5
i02_8x16,L2-legacy,0.2,237.5
i02_8x16,L2-legacy,0.201,237.5
i02_8x16,L2-legacy,0.202,237.5
i02_8x16,L2-legacy,0.203,237.5
i02_8x16,L2-legacy,0.204,237.5
i02_8x16,L2-legacy,0.205,237.5
i02_8x16,L2-legacy,0.206,237.5
i02_8x16,L2-legacy,0.207,237.5
i02_8x16,L2-legacy,0.208,237.5
i02_8x16,L2-legacy,0.209,237.5
i02_8x16,L2-legacy,0.21,237.5
i02_8x16,L2-legacy,0.211,237.5
i02_8x16,L2-legacy,0.212,237.5
i02_8x16,L2-legacy,0.213,237.5
i02_8x16,L2-legacy,0.214,237.5
i02_8x16,L2-legacy,0.215,237.5
i02_8x16,L2-legacy,0.216,237.5
i02_8x16,L2-legacy,0.217,237.5
i02_8x16,L2-legacy,0.218,237.5
i02_8x16,L2-legacy,0.219,239.99940490722656
i02_8x16,L2-legacy,0.22,239.99940490722656
i02_8x16,L2-legacy,0.221,239.99940490722656
i02_8x16,L2-legacy,0.222,239.99940490722656
i02_8x16,L2-legacy,0.223,239.99940490722656
i02_8x16,L2-legacy,0.224,239.99940490722656
i02_8x16,L2-legacy,0.225,239.99940490722656
i02_8x16,L2-legacy,0.226,239.99940490722656
i02_8x16,L2-legacy,0.227,239.99940490722656
i02_8x16,L2-legacy,0.228,239.99940490722656
i02_8x16,L2-legacy,0.229,239.99940490722656
i02_8x16,L2-legacy,0.23,239.99940490722656
i02_8x16,L2-legacy,0.231,239.99940490722656
i02_8x16,L2-legacy,0.232,239.99940490722656
i02_8x16,L2-legacy,0.233,239.99940490722656
i02_8x16,L2-legacy,0.234,239.99940490722656
i02_8x16,L2-legacy,0.235,239.99940490722656
i02_8x16,L2-legacy,0.236,239.99996948242188
i02_8x16,L2-legacy,0.237,239.99996948242188
i02_8x16,L2-legacy,0.238,239.99996948242188
i02_8x16,L2-legacy,0.239,240.00015258789062
i02_8x16,L2-legacy,0.24,240.00015258789062
i02_8x16,L2-legacy,0.241,240.00015258789062
i02_8x16,L2-legacy,0.242,240.00015258789062
i02_8x16,L2-legacy,0.243,240.00015258789062
i02_8x16,L2-legacy,0.244,240.00015258789062
i02_8x16,L2-legacy,0.245,240.00015258789062
i02_8x16,L2-legacy,0.246,240.00015258789062
i02_8x16,L2-legacy,0.247,242.498779296875
i02_8x16,L2-legacy,0.248,242.498779296875
i02_8x16,L2-legacy,0.249,242.498779296875
i02_8x16,L2-legacy,0.25,242.498779296875
i02_8x16,L2-legacy,0.251,242.498779296875
i02_8x16,L2-legacy,0.252,242.49993896484375
i02_8x16,L2-legacy,0.253,242.49993896484375
i02_8x16,L2-legacy,0.254,242.49993896484375
i02_8x16,L2-legacy,0.255,242.49993896484375
i02_8x16,L2-legacy,0.256,242.49993896484375
i02_8x16,L2-legacy,0.257,242.50001525878906
i02_8x16,L2-legacy,0.258,242.50030517578125
i02_8x16,L2-legacy,0.259,242.50030517578125
i02_8x16,L2-legacy,0.26,242.50030517578125
i02_8x16,L2-legacy,0.261,242.50030517578125
i02_8x16,L2-legacy,0.262,242.50030517578125
i02_8x16,L2-legacy,0.263,242.50030517578125
i02_8x16,L2-legacy,0.264,242.50030517578125
i02_8x16,L2-legacy,0.265,242.50030517578125
i02_8x16,L2-legacy,0.266,242.50030517578125
i02_8x16,L2-legacy,0.267,242.50030517578125
i02_8x16,L2-legacy,0.268,242.50030517578125
i02_8x16,L2-legacy,0.269,242.50030517578125
i02_8x16,L2-legacy,0.27,242.50030517578125
i02_8x16,L2-legacy,0.271,242.50030517578125
i02_8x16,L2-legacy,0.272,242.50030517578125
i02_8x16,L2-legacy,0.273,242.50030517578125
i02_8x16,L2-legacy,0.274,242.50030517578125
i02_8x16,L2-legacy,0.275,242.50030517578125
i02_8x16,L2-legacy,0.276,242.50030517578125
i02_8x16,L2-legacy,0.277,242.50030517578125
i02_8x16,L2-legacy,0.278,244.99969482421875
i02_8x16,L2-legacy,0.279,244.99969482421875
i02_8x16,L2-legacy,0.28,244.99969482421875
i02_8x16,L2-legacy,0.281,244.99969482421875
i02_8x16,L2-legacy,0.282,244.99969482421875
i02_8x16,L2-legacy,0.283,244.99969482421875
i02_8x16,L2-legacy,0.284,244.99969482421875
i02_8x16,L2-legacy,0.285,244.99969482421875
i02_8x16,L2-legacy,0.286,244.99969482421875
i02_8x16,L2-legacy,0.287,244.99969482421875
i02_8x16,L2-legacy,0.288,244.99969482421875
i02_8x16,L2-legacy,0.289,244.99969482421875
i02_8x16,L2-legacy,0.29,244.99969482421875
i02_8x16,L2-legacy,0.291,244.99969482421875
i02_8x16,L2-legacy,0.292,244.99969482421875
i02_8x16,L2-legacy,0.293,244.99969482421875
i02_8x16,L2-legacy,0.294,244.99969482421875
i02_8x16,L2-legacy,0.295,244.99969482421875
i02_8x16,L2-legacy,0.296,244.99969482421875
i02_8x16,L2-legacy,0.297,244.99969482421875
i02_8x16,L2-legacy,0.298,244.99969482421875
i02_8x16,L2-legacy,0.299,244.99998474121094
i02_8x16,L2-legacy,0.3,245.0000762939453
i02_8x16,L2-legacy,0.301,245.0000762939453
i02_8x16,L2-legacy,0.302,245.0000762939453
i02_8x16,L2-legacy,0.303,245.0000762939453
i02_8x16,L2-legacy,0.304,245.0000762939453
i02_8x16,L2-legacy,0.305,245.001220703125
i02_8x16,L2-legacy,0.306,245.001220703125
i02_8x16,L2-legacy,0.307,245.001220703125
i02_8x16,L2-legacy,0.308,245.001220703125
i02_8x16,L2-legacy,0.309,245.001220703125
i02_8x16,L2-legacy,0.31,245.001220703125
i02_8x16,L2-legacy,0.311,247.49984741210938
i02_8x16,L2-legacy,0.312,247.49984741210938
i02_8x16,L2-legacy,0.313,247.49984741210938
i02_8x16,L2-legacy,0.314,247.49984741210938
i02_8x16,L2-legacy,0.315,247.49984741210938
i02_8x16,L2-legacy,0.316,247.49984741210938
i02_8x16,L2-legacy,0.317,247.49984741210938
i02_8x16,L2-legacy,0.318,247.49984741210938
i02_8x16,L2-legacy,0.319,247.49984741210938
i02_8x16,L2-legacy,0.32,247.49984741210938
i02_8x16,L2-legacy,0.321,247.49984741210938
i02_8x16,L2-legacy,0.322,247.5000457763672
i02_8x16,L2-legacy,0.323,247.5000457763672
i02_8x16,L2-legacy,0.324,247.5000457763672
i02_8x16,L2-legacy,0.325,247.5006103515625
i02_8x16,L2-legacy,0.326,247.5006103515625
i02_8x16,L2-legacy,0.327,247.5006103515625
i02_8x16,L2-legacy,0.328,247.5006103515625
i02_8x16,L2-legacy,0.329,247.5006103515625
i02_8x16,L2-legacy,0.33,247.5006103515625
i02_8x16,L2-legacy,0.331,247.5006103515625
i02_8x16,L2-legacy,0.332,247.5006103515625
i02_8x16,L2-legacy,0.333,247.5006103515625
i02_8x16,L2-legacy,0.334,247.5006103515625
i02_8x16,L2-legacy,0.335,247.5006103515625
i02_8x16,L2-legacy,0.336,247.5006103515625
i02_8x16,L2-legacy,0.337,247.5006103515625
i02_8x16,L2-legacy,0.338,247.5006103515625
i02_8x16,L2-legacy,0.339,247.5006103515625
i02_8x16,L2-legacy,0.34,247.5006103515625
i02_8x16,L2-legacy,0.341,247.5006103515625
i02_8x16,L2-legacy,0.342,247.5006103515625
i02_8x16,L2-legacy,0.343,247.5006103515625
i02_8x16,L2-legacy,0.344,247.5006103515625
i02_8x16,L2-legacy,0.345,250.0
i02_8x16,L2-legacy,0.346,250.0
i02_8x16,L2-legacy,0.347,250.0
i02_8x16,L2-legacy,0.348,250.0
i02_8x16,L2-legacy,0.349,250.0
i02_8x16,L2-legacy,0.35,250.0
i02_8x16,L2-legacy,0.351,250.0
i02_8x16,L2-legacy,0.352,250.0
i02_8x16,L2-legacy,0.353,250.0
i02_8x16,L2-legacy,0.354,250.0
i02_8x16,L2-legacy,0.355,250.0
i02_8x16,L2-legacy,0.356,250.0
i02_8x16,L2-legacy,0.357,250.0
i02_8x16,L2-legacy,0.358,250.0
i02_8x16,L2-legacy,0.359,250.0
i02_8x16,L2-legacy,0.36,250.0
i02_8x16,L2-legacy,0.361,250.0
i02_8x16,L2-legacy,0.362,250.0
i02_8x16,L2-legacy,0.363,250.0
i02_8x16,L2-legacy,0.364,250.0
i02_8x16,L2-legacy,0.365,250.0
i02_8x16,L2-legacy,0.366,250.0
i02_8x16,L2-legacy,0.367,250.0
i02_8x16,L2-legacy,0.368,250.0
i02_8x16,L2-legacy,0.369,250.0
i02_8x16,L2-legacy,0.37,250.0
i02_8x16,L2-legacy,0.371,250.0
i02_8x16,L2-legacy,0.372,250.0
i02_8x16,L2-legacy,0.373,250.0
i02_8x16,L2-legacy,0.374,250.0
i02_8x16,L2-legacy,0.375,250.0
i02_8x16,L2-legacy,0.376,250.0
i02_8x16,L2-legacy,0.377,250.0
i02_8x16,L2-legacy,0.378,250.0
i02_8x16,L2-legacy,0.379,250.0
i02_8x16,L2-legacy,0.38,250.0
i02_8x16,L2-legacy,0.381,252.49940490722656
i02_8x16,L2-legacy,0.382,252.49940490722656
i02_8x16,L2-legacy,0.383,252.49940490722656
i02_8x16,L2-legacy,0.384,252.49940490722656
i02_8x16,L2-legacy,0.385,252.49940490722656
i02_8x16,L2-legacy,0.386,252.49940490722656
i02_8x16,L2-legacy,0.387,252.49940490722656
i02_8x16,L2-legacy,0.388,252.49940490722656
i02_8x16,L2-legacy,0.389,252.49940490722656
i02_8x16,L2-legacy,0.39,252.49940490722656
i02_8x16,L2-legacy,0.391,252.49940490722656
i02_8x16,L2-legacy,0.392,252.49940490722656
i02_8x16,L2-legacy,0.393,252.49940490722656
i02_8x16,L2-legacy,0.394,252.49940490722656
i02_8x16,L2-legacy,0.395,252.49940490722656
i02_8x16,L2-legacy,0.396,252.49940490722656
i02_8x16,L2-legacy,0.397,252.49940490722656
i02_8x16,L2-legacy,0.398,252.49940490722656
i02_8x16,L2-legacy,0.399,252.49940490722656
i02_8x16,L2-legacy,0.4,252.49940490722656
i02_8x16,L2-legacy,0.401,252.49940490722656
i02_8x16,L2-legacy,0.402,252.49940490722656
i02_8x16,L2-legacy,0.403,252.49996948242188
i02_8x16,L2-legacy,0.404,252.49996948242188
i02_8x16,L2-legacy,0.405,252.49996948242188
i02_8x16,L2-legacy,0.406,252.50015258789062
i02_8x16,L2-legacy,0.407,252.50015258789062
i02_8x16,L2-legacy,0.408,252.50015258789062
i02_8x16,L2-legacy,0.409,252.50015258789062
i02_8x16,L2-legacy,0.41,252.50015258789062
i02_8x16,L2-legacy,0.411,252.50015258789062
i02_8x16,L2-legacy,0.412,252.50015258789062
i02_8x16,L2-legacy,0.413,252.50015258789062
i02_8x16,L2-legacy,0.414,252.50015258789062
i02_8x16,L2-legacy,0.415,252.50015258789062
i02_8x16,L2-legacy,0.416,252.50015258789062
i02_8x16,L2-legacy,0.417,252.50015258789062
i02_8x16,L2-legacy,0.418,252.50015258789062
i02_8x16,L2-legacy,0.419,254.998779296875
i02_8x16,L2-legacy,0.42,254.998779296875
i02_8x16,L2-legacy,0.421,254.998779296875
i02_8x16,L2-legacy,0.422,254.998779296875
i02_8x16,L2-legacy,0.423,254.998779296875
i02_8x16,L2-legacy,0.424,254.99993896484375
i02_8x16,L2-legacy,0.425,254.99993896484375
i02_8x16,L2-legacy,0.426,254.99993896484375
i02_8x16,L2-legacy,0.427,254.99993896484375
i02_8x16,L2-legacy,0.428,254.99993896484375
i02_8x16,L2-legacy,0.429,254.99993896484375
i02_8x16,L2-legacy,0.43,255.00003051757812
i02_8x16,L2-legacy,0.431,255.0003204345703
i02_8x16,L2-legacy,0.432,255.0003204345703
i02_8x16,L2-legacy,0.433,255.0003204345703
i02_8x16,L2-legacy,0.434,255.0003204345703
i02_8x16,L2-legacy,0.435,255.0003204345703
i02_8x16,L2-legacy,0.436,255.0003204345703
i02_8x16,L2-legacy,0.437,255.0003204345703
i02_8x16,L2-legacy,0.438,255.0003204345703
i02_8x16,L2-legacy,0.439,255.0003204345703
i02_8x16,L2-legacy,0.44,255.0003204345703
i02_8x16,L2-legacy,0.441,255.0003204345703
i02_8x16,L2-legacy,0.442,255.0003204345703
i02_8x16,L2-legacy,0.443,255.0003204345703
i02_8x16,L2-legacy,0.444,255.0003204345703
i02_8x16,L2-legacy,0.445,255.0003204345703
i02_8x16,L2-legacy,0.446,255.0003204345703
i02_8x16,L2-legacy,0.447,255.0003204345703
i02_8x16,L2-legacy,0.448,255.0003204345703
i02_8x16,L2-legacy,0.449,255.0003204345703
i02_8x16,L2-legacy,0.45,255.0003204345703
i02_8x16,L2-legacy,0.451,255.0003204345703
i02_8x16,L2-legacy,0.452,255.0003204345703
i02_8x16,L2-legacy,0.453,255.0003204345703
i02_8x16,L2-legacy,0.454,255.0003204345703
i02_8x16,L2-legacy,0.455,257.49969482421875
i02_8x16,L2-legacy,0.456,257.49969482421875
i02_8x16,L2-legacy,0.457,257.49969482421875
i02_8x16,L2-legacy,0.458,257.49969482421875
i02_8x16,L2-legacy,0.459,257.49969482421875
i02_8x16,L2-legacy,0.46,257.49969482421875
i02_8x16,L2-legacy,0.461,257.49969482421875
i02_8x16,L2-legacy,0.462,257.49969482421875
i02_8x16,L2-legacy,0.463,257.49969482421875
i02_8x16,L2-legacy,0.464,257.49969482421875
i02_8x16,L2-legacy,0.465,257.49969482421875
i02_8x16,L2-legacy,0.466,257.49969482421875
i02_8x16,L2-legacy,0.467,257.49969482421875
i02_8x16,L2-legacy,0.468,257.49969482421875
i02_8x16,L2-legacy,0.469,257.49969482421875
i02_8x16,L2-legacy,0.47,257.49969482421875
i02_8x16,L2-legacy,0.471,257.49969482421875
i02_8x16,L2-legacy,0.472,257.49969482421875
i02_8x16,L2-legacy,0.473,257.49969482421875
i02_8x16,L2-legacy,0.474,257.49969482421875
i02_8x16,L2-legacy,0.475,257.49969482421875
i02_8x16,L2-legacy,0.476,257.49969482421875
i02_8x16,L2-legacy,0.477,257.49969482421875
i02_8x16,L2-legacy,0.478,257.49969482421875
i02_8x16,L2-legacy,0.479,257.49969482421875
i02_8x16,L2-legacy,0.48,257.5
i02_8x16,L2-legacy,0.481,257.5
i02_8x16,L2-legacy,0.482,257.5000915527344
i02_8x16,L2-legacy,0.483,257.5000915527344
i02_8x16,L2-legacy,0.484,257.5000915527344
i02_8x16,L2-legacy,0.485,257.5000915527344
i02_8x16,L2-legacy,0.486,257.5000915527344
i02_8x16,L2-legacy,0.487,257.501220703125
i02_8x16,L2-legacy,0.488,257.501220703125
i02_8x16,L2-legacy,0.489,257.501220703125
i02_8x16,L2-legacy,0.49,257.501220703125
i02_8x16,L2-legacy,0.491,257.501220703125
i02_8x16,L2-legacy,0.492,259.9998474121094
i02_8x16,L2-legacy,0.493,259.9998474121094
i02_8x16,L2-legacy,0.494,259.9998474121094
i02_8x16,L2-legacy,0.495,259.9998474121094
i02_8x16,L2-legacy,0.496,259.9998474121094
i02_8x16,L2-legacy,0.497,259.9998474121094
i02_8x16,L2-legacy,0.498,259.9998474121094
i02_8x16,L2-legacy,0.499,259.9998474121094
i02_8x16,L2-legacy,0.5,259.9998474121094
i02_8x16,L2-legacy,0.501,259.9998474121094
i02_8x16,L2-legacy,0.502,259.9998474121094
i02_8x16,L2-legacy,0.503,259.9998474121094
i02_8x16,L2-legacy,0.504,259.9998474121094
i02_8x16,L2-legacy,0.505,260.00006103515625
i02_8x16,L2-legacy,0.506,260.00006103515625
i02_8x16,L2-legacy,0.507,260.00006103515625
i02_8x16,L2-legacy,0.508,260.0006103515625
i02_8x16,L2-legacy,0.509,260.0006103515625
i02_8x16,L2-legacy,0.51,260.0006103515625
i02_8x16,L2-legacy,0.511,260.0006103515625
i02_8x16,L2-legacy,0.512,260.0006103515625
i02_8x16,L2-legacy,0.513,260.0006103515625
i02_8x16,L2-legacy,0.514,260.0006103515625
i02_8x16,L2-legacy,0.515,260.0006103515625
i02_8x16,L2-legacy,0.516,260.0006103515625
i02_8x16,L2-legacy,0.517,260.0006103515625
i02_8x16,L2-legacy,0.518,260.0006103515625
i02_8x16,L2-legacy,0.519,260.0006103515625
i02_8x16,L2-legacy,0.52,260.0006103515625
i02_8x16,L2-legacy,0.521,260.0006103515625
i02_8x16,L2-legacy,0.522,260.0006103515625
i02_8x16,L2-legacy,0.523,260.0006103515625
i02_8x16,L2-legacy,0.524,260.0006103515625
i02_8x16,L2-legacy,0.525,260.0006103515625
i02_8x16,L2-legacy,0.526,260.0006103515625
i02_8x16,L2-legacy,0.527,260.0006103515625
i02_8x16,L2-legacy,0.528,260.0006103515625
i02_8x16,L2-legacy,0.529,260.0006103515625
i02_8x16,L2-legacy,0.53,262.5000305175781
i02_8x16,L2-legacy,0.531,262.5000305175781
i02_8x16,L2-legacy,0.532,262.5000305175781
i02_8x16,L2-legacy,0.533,262.5000305175781
i02_8x16,L2-legacy,0.534,262.5000305175781
i02_8x16,L2-legacy,0.535,262.5000305175781
i02_8x16,L2-legacy,0.536,262.5000305175781
i02_8x16,L2-legacy,0.537,262.5000305175781
i02_8x16,L2-legacy,0.538,262.5000305175781
i02_8x16,L2-legacy,0.539,262.5000305175781
i02_8x16,L2-legacy,0.54,262.5000305175781
i02_8x16,L2-legacy,0.541,262.5000305175781
i02_8x16,L2-legacy,0.542,262.5000305175781
i02_8x16,L2-legacy,0.543,262.5000305175781
i02_8x16,L2-legacy,0.544,262.5000305175781
i02_8x16,L2-legacy,0.545,262.5000305175781
i02_8x16,L2-legacy,0.546,262.5000305175781
i02_8x16,L2-legacy,0.547,262.5000305175781
i02_8x16,L2-legacy,0.548,262.5000305175781
i02_8x16,L2-legacy,0.549,262.5000305175781
i02_8x16,L2-legacy,0.55,262.5000305175781
i02_8x16,L2-legacy,0.551,262.5000305175781
i02_8x16,L2-legacy,0.552,262.5000305175781
i02_8x16,L2-legacy,0.553,262.5000305175781
i02_8x16,L2-legacy,0.554,262.5000305175781
i02_8x16,L2-legacy,0.555,262.5000305175781
i02_8x16,L2-legacy,0.556,262.5000305175781
i02_8x16,L2-legacy,0.557,262.5000305175781
i02_8x16,L2-legacy,0.558,262.5000305175781
i02_8x16,L2-legacy,0.559,262.5000305175781
i02_8x16,L2-legacy,0.56,262.5000305175781
i02_8x16,L2-legacy,0.561,262.5000305175781
i02_8x16,L2-legacy,0.562,262.5000305175781
i02_8x16,L2-legacy,0.563,262.5000305175781
i02_8x16,L2-legacy,0.564,262.5000305175781
i02_8x16,L2-legacy,0.565,262.5000305175781
i02_8x16,L2-legacy,0.566,262.5000305175781
i02_8x16,L2-legacy,0.567,264.9993896484375
i02_8x16,L2-legacy,0.568,264.9993896484375
i02_8x16,L2-legacy,0.569,264.9993896484375
i02_8x16,L2-legacy,0.57,264.9993896484375
i02_8x16,L2-legacy,0.571,264.9993896484375
i02_8x16,L2-legacy,0.572,264.9993896484375
i02_8x16,L2-legacy,0.573,264.9993896484375
i02_8x16,L2-legacy,0.574,264.9993896484375
i02_8x16,L2-legacy,0.575,264.9993896484375
i02_8x16,L2-legacy,0.576,264.9993896484375
i02_8x16,L2-legacy,0.577,264.9993896484375
i02_8x16,L2-legacy,0.578,264.9993896484375
i02_8x16,L2-legacy,0.579,264.9993896484375
i02_8x16,L2-legacy,0.58,264.9993896484375
i02_8x16,L2-legacy,0.581,264.9993896484375
i02_8x16,L2-legacy,0.582,264.9993896484375
i02_8x16,L2-legacy,0.583,264.9993896484375
i02_8x16,L2-legacy,0.584,264.9993896484375
i02_8x16,L2-legacy,0.585,264.9993896484375
i02_8x16,L2-legacy,0.586,264.9993896484375
i02_8x16,L2-legacy,0.587,264.9993896484375
i02_8x16,L2-legacy,0.588,264.9999694824219
i02_8x16,L2-legacy,0.589,264.9999694824219
i02_8x16,L2-legacy,0.59,264.9999694824219
i02_8x16,L2-legacy,0.591,265.0000305175781
i02_8x16,L2-legacy,0.592,265.0001525878906
i02_8x16,L2-legacy,0.593,265.0001525878906
i02_8x16,L2-legacy,0.594,265.0001525878906
i02_8x16,L2-legacy,0.595,265.0001525878906
i02_8x16,L2-legacy,0.596,265.0001525878906
i02_8x16,L2-legacy,0.597,265.0001525878906
i02_8x16,L2-legacy,0.598,265.0001525878906
i02_8x16,L2-legacy,0.599,265.0001525878906
i02_8x16,L2-legacy,0.6,265.0001525878906
i02_8x16,L2-legacy,0.601,265.0001525878906
i02_8x16,L2-legacy,0.602,265.0001525878906
i02_8x16,L2-legacy,0.603,265.0001525878906
i02_8x16,L2-legacy,0.604,265.0001525878906
i02_8x16,L2-legacy,0.605,267.498779296875
i02_8x16,L2-legacy,0.606,267.498779296875
i02_8x16,L2-legacy,0.607,267.498779296875
i02_8x16,L2-legacy,0.608,267.498779296875
i02_8x16,L2-legacy,0.609,267.498779296875
i02_8x16,L2-legacy,0.61,267.49993896484375
i02_8x16,L2-legacy,0.611,267.49993896484375
i02_8x16,L2-legacy,0.612,267.49993896484375
i02_8x16,L2-legacy,0.613,267.49993896484375
i02_8x16,L2-legacy,0.614,267.49993896484375
i02_8x16,L2-legacy,0.615,267.49993896484375
i02_8x16,L2-legacy,0.616,267.5
i02_8x16,L2-legacy,0.617,267.5
i02_8x16,L2-legacy,0.618,267.50030517578125
i02_8x16,L2-legacy,0.619,267.50030517578125
i02_8x16,L2-legacy,0.62,267.50030517578125
i02_8x16,L2-legacy,0.621,267.50030517578125
i02_8x16,L2-legacy,0.622,267.50030517578125
i02_8x16,L2-legacy,0.623,267.50030517578125
i02_8x16,L2-legacy,0.624,267.50030517578125
i02_8x16,L2-legacy,0.625,267.50030517578125
i02_8x16,L2-legacy,0.626,267.50030517578125
i02_8x16,L2-legacy,0.627,267.50030517578125
i02_8x16,L2-legacy,0.628,267.50030517578125
i02_8x16,L2-legacy,0.629,267.50030517578125
i02_8x16,L2-legacy,0.63,267.50030517578125
i02_8x16,L2-legacy,0.631,267.50030517578125
i02_8x16,L2-legacy,0.632,267.50030517578125
i02_8x16,L2-legacy,0.633,267.50030517578125
i02_8x16,L2-legacy,0.634,267.50030517578125
i02_8x16,L2-legacy,0.635,267.50030517578125
i02_8x16,L2-legacy,0.636,267.50030517578125
i02_8x16,L2-legacy,0.637,267.50030517578125
i02_8x16,L2-legacy,0.638,267.50030517578125
i02_8x16,L2-legacy,0.639,267.50030517578125
i02_8x16,L2-legacy,0.64,267.50030517578125
i02_8x16,L2-legacy,0.641,267.50030517578125
i02_8x16,L2-legacy,0.642,269.9997253417969
i02_8x16,L2-legacy,0.643,269.9997253417969
i02_8x16,L2-legacy,0.644,269.9997253417969
i02_8x16,L2-legacy,0.645,269.9997253417969
i02_8x16,L2-legacy,0.646,269.9997253417969
i02_8x16,L2-legacy,0.647,269.9997253417969
i02_8x16,L2-legacy,0.648,269.9997253417969
i02_8x16,L2-legacy,0.649,269.9997253417969
i02_8x16,L2-legacy,0.65,269.9997253417969
i02_8x16,L2-legacy,0.651,269.9997253417969
i02_8x16,L2-legacy,0.652,269.9997253417969
i02_8x16,L2-legacy,0.653,269.9997253417969
i02_8x16,L2-legacy,0.654,269.9997253417969
i02_8x16,L2-legacy,0.655,269.9997253417969
i02_8x16,L2-legacy,0.656,269.9997253417969
i02_8x16,L2-legacy,0.657,269.9997253417969
i02_8x16,L2-legacy,0.658,269.9997253417969
i02_8x16,L2-legacy,0.659,269.9997253417969
i02_8x16,L2-legacy,0.66,269.9997253417969
i02_8x16,L2-legacy,0.661,269.9997253417969
i02_8x16,L2-legacy,0.662,269.9997253417969
i02_8x16,L2-legacy,0.663,269.9997253417969
i02_8x16,L2-legacy,0.664,269.9999694824219
i02_8x16,L2-legacy,0.665,269.9999694824219
i02_8x16,L2-legacy,0.666,270.00006103515625
i02_8x16,L2-legacy,0.667,270.00006103515625
i02_8x16,L2-legacy,0.668,270.00006103515625
i02_8x16,L2-legacy,0.669,270.00006103515625
i02_8x16,L2-legacy,0.67,270.00006103515625
i02_8x16,L2-legacy,0.671,270.001220703125
i02_8x16,L2-legacy,0.672,270.001220703125
i02_8x16,L2-legacy,0.673,270.001220703125
i02_8x16,L2-legacy,0.674,270.001220703125
i02_8x16,L2-legacy,0.675,270.001220703125
i02_8x16,L2-legacy,0.676,270.001220703125
i02_8x16,L2-legacy,0.677,272.4998474121094
i02_8x16,L2-legacy,0.678,272.4998474121094
i02_8x16,L2-legacy,0.679,272.4998474121094
i02_8x16,L2-legacy,0.68,272.4998474121094
i02_8x16,L2-legacy,0.681,272.4998474121094
i02_8x16,L2-legacy,0.682,272.4998474121094
i02_8x16,L2-legacy,0.683,272.4998474121094
i02_8x16,L2-legacy,0.684,272.4998474121094
i02_8x16,L2-legacy,0.685,272.4998474121094
i02_8x16,L2-legacy,0.686,272.4998474121094
i02_8x16,L2-legacy,0.687,272.4998474121094
i02_8x16,L2-legacy,0.688,272.5
i02_8x16,L2-legacy,0.689,272.5000305175781
i02_8x16,L2-legacy,0.69,272.5000305175781
i02_8x16,L2-legacy,0.691,272.5006103515625
i02_8x16,L2-legacy,0.692,272.5006103515625
i02_8x16,L2-legacy,0.693,272.5006103515625
i02_8x16,L2-legacy,0.694,272.5006103515625
i02_8x16,L2-legacy,0.695,272.5006103515625
i02_8x16,L2-legacy,0.696,272.5006103515625
i02_8x16,L2-legacy,0.697,272.5006103515625
i02_8x16,L2-legacy,0.698,272.5006103515625
i02_8x16,L2-legacy,0.699,272.5006103515625
i02_8x16,L2-legacy,0.7,272.5006103515625
i02_8x16,L2-legacy,0.701,272.5006103515625
i02_8x16,L2-legacy,0.702,272.5006103515625
i02_8x16,L2-legacy,0.703,272.5006103515625
i02_8x16,L2-legacy,0.704,272.5006103515625
i02_8x16,L2-legacy,0.705,272.5006103515625
i02_8x16,L2-legacy,0.706,272.5006103515625
i02_8x16,L2-legacy,0.707,272.5006103515625
i02_8x16,L2-legacy,0.708,272.5006103515625
i02_8x16,L2-legacy,0.709,272.5006103515625
i02_8x16,L2-legacy,0.71,275.0
i02_8x16,L2-legacy,0.711,275.0
i02_8x16,L2-legacy,0.712,275.0
i02_8x16,L2-legacy,0.713,275.0
i02_8x16,L2-legacy,0.714,275.0
i02_8x16,L2-legacy,0.715,275.0
i02_8x16,L2-legacy,0.716,275.0
i02_8x16,L2-legacy,0.717,275.0
i02_8x16,L2-legacy,0.718,275.0
i02_8x16,L2-legacy,0.719,275.0
i02_8x16,L2-legacy,0.72,275.0
i02_8x16,L2-legacy,0.721,275.0
i02_8x16,L2-legacy,0.722,275.0
i02_8x16,L2-legacy,0.723,275.0
i02_8x16,L2-legacy,0.724,275.0
i02_8x16,L2-legacy,0.725,275.0
i02_8x16,L2-legacy,0.726,275.0
i02_8x16,L2-legacy,0.727,275.0
i02_8x16,L2-legacy,0.728,275.0
i02_8x16,L2-legacy,0.729,275.0
i02_8x16,L2-legacy,0.73,275.0
i02_8x16,L2-legacy,0.731,275.0
i02_8x16,L2-legacy,0.732,275.0
i02_8x16,L2-legacy,0.733,275.0
i02_8x16,L2-legacy,0.734,275.0
i02_8x16,L2-legacy,0.735,275.0
i02_8x16,L2-legacy,0.736,275.0
i02_8x16,L2-legacy,0.737,275.0
i02_8x16,L2-legacy,0.738,275.0
i02_8x16,L2-legacy,0.739,275.0
i02_8x16,L2-legacy,0.74,277.4994201660156
i02_8x16,L2-legacy,0.741,277.4994201660156
i02_8x16,L2-legacy,0.742,277.4994201660156
i02_8x16,L2-legacy,0.743,277.4994201660156
i02_8x16,L2-legacy,0.744,277.4994201660156
i02_8x16,L2-legacy,0.745,277.4994201660156
i02_8x16,L2-legacy,0.746,277.4994201660156
i02_8x16,L2-legacy,0.747,277.4994201660156
i02_8x16,L2-legacy,0.748,277.4994201660156
i02_8x16,L2-legacy,0.749,277.4994201660156
i02_8x16,L2-legacy,0.75,277.4994201660156
i02_8x16,L2-legacy,0.751,277.4994201660156
i02_8x16,L2-legacy,0.752,277.4994201660156
i02_8x16,L2-legacy,0.753,277.4994201660156
i02_8x16,L2-legacy,0.754,277.4994201660156
i02_8x16,L2-legacy,0.755,277.4994201660156
i02_8x16,L2-legacy,0.756,277.4994201660156
i02_8x16,L2-legacy,0.757,277.4999694824219
i02_8x16,L2-legacy,0.758,277.4999694824219
i02_8x16,L2-legacy,0.759,277.4999694824219
i02_8x16,L2-legacy,0.76,277.5001525878906
i02_8x16,L2-legacy,0.761,277.5001525878906
i02_8x16,L2-legacy,0.762,277.5001525878906
i02_8x16,L2-legacy,0.763,277.5001525878906
i02_8x16,L2-legacy,0.764,277.5001525878906
i02_8x16,L2-legacy,0.765,277.5001525878906
i02_8x16,L2-legacy,0.766,277.5001525878906
i02_8x16,L2-legacy,0.767,277.5001525878906
i02_8x16,L2-legacy,0.768,277.5001525878906
i02_8x16,L2-legacy,0.769,277.5001525878906
i02_8x16,L2-legacy,0.77,279.998779296875
i02_8x16,L2-legacy,0.771,279.998779296875
i02_8x16,L2-legacy,0.772,279.998779296875
i02_8x16,L2-legacy,0.773,279.998779296875
i02_8x16,L2-legacy,0.774,279.99993896484375
i02_8x16,L2-legacy,0.775,279.99993896484375
i02_8x16,L2-legacy,0.776,279.99993896484375
i02_8x16,L2-legacy,0.777,279.99993896484375
i02_8x16,L2-legacy,0.778,280.0000305175781
i02_8x16,L2-legacy,0.779,280.00030517578125
i02_8x16,L2-legacy,0.78,280.00030517578125
i02_8x16,L2-legacy,0.781,280.00030517578125
i02_8x16,L2-legacy,0.782,280.00030517578125
i02_8x16,L2-legacy,0.783,280.00030517578125
i02_8x16,L2-legacy,0.784,280.00030517578125
i02_8x16,L2-legacy,0.785,280.00030517578125
i02_8x16,L2-legacy,0.786,280.00030517578125
i02_8x16,L2-legacy,0.787,280.00030517578125
i02_8x16,L2-legacy,0.788,280.00030517578125
i02_8x16,L2-legacy,0.789,280.00030517578125
i02_8x16,L2-legacy,0.79,280.00030517578125
i02_8x16,L2-legacy,0.791,280.00030517578125
i02_8x16,L2-legacy,0.792,280.00030517578125
i02_8x16,L2-legacy,0.793,280.00030517578125
i02_8x16,L2-legacy,0.794,280.00030517578125
i02_8x16,L2-legacy,0.795,282.49969482421875
i02_8x16,L2-legacy,0.796,282.49969482421875
i02_8x16,L2-legacy,0.797,282.49969482421875
i02_8x16,L2-legacy,0.798,282.49969482421875
i02_8x16,L2-legacy,0.799,282.49969482421875
i02_8x16,L2-legacy,0.8,282.49969482421875
i02_8x16,L2-legacy,0.801,282.49969482421875
i02_8x16,L2-legacy,0.802,282.49969482421875
i02_8x16,L2-legacy,0.803,282.49969482421875
i02_8x16,L2-legacy,0.804,282.49969482421875
i02_8x16,L2-legacy,0.805,282.49969482421875
i02_8x16,L2-legacy,0.806,282.49969482421875
i02_8x16,L2-legacy,0.807,282.49969482421875
i02_8x16,L2-legacy,0.808,282.49969482421875
i02_8x16,L2-legacy,0.809,282.49969482421875
i02_8x16,L2-legacy,0.81,282.49969482421875
i02_8x16,L2-legacy,0.811,282.5
i02_8x16,L2-legacy,0.812,282.5000915527344
i02_8x16,L2-legacy,0.813,282.5000915527344
i02_8x16,L2-legacy,0.814,282.5000915527344
i02_8x16,L2-legacy,0.815,282.5000915527344
i02_8x16,L2-legacy,0.816,282.501220703125
i02_8x16,L2-legacy,0.817,282.501220703125
i02_8x16,L2-legacy,0.818,282.501220703125
i02_8x16,L2-legacy,0.819,282.501220703125
i02_8x16,L2-legacy,0.82,284.9998474121094
i02_8x16,L2-legacy,0.821,284.9998474121094
i02_8x16,L2-legacy,0.822,284.9998474121094
i02_8x16,L2-legacy,0.823,284.9998474121094
i02_8x16,L2-legacy,0.824,284.9998474121094
i02_8x16,L2-legacy,0.825,284.9998474121094
i02_8x16,L2-legacy,0.826,284.9998474121094
i02_8x16,L2-legacy,0.827,285.00006103515625
i02_8x16,L2-legacy,0.828,285.0006103515625
i02_8x16,L2-legacy,0.829,285.0006103515625
i02_8x16,L2-legacy,0.83,285.0006103515625
i02_8x16,L2-legacy,0.831,285.0006103515625
i02_8x16,L2-legacy,0.832,285.0006103515625
i02_8x16,L2-legacy,0.833,285.0006103515625
i02_8x16,L2-legacy,0.834,285.0006103515625
i02_8x16,L2-legacy,0.835,285.0006103515625
i02_8x16,L2-legacy,0.836,285.0006103515625
i02_8x16,L2-legacy,0.837,285.0006103515625
i02_8x16,L2-legacy,0.838,285.0006103515625
i02_8x16,L2-legacy,0.839,285.0006103515625
i02_8x16,L2-legacy,0.84,287.5
i02_8x16,L2-legacy,0.841,287.5
i02_8x16,L2-legacy,0.842,287.5
i02_8x16,L2-legacy,0.843,287.5
i02_8x16,L2-legacy,0.844,287.5
i02_8x16,L2-legacy,0.845,287.5
i02_8x16,L2-legacy,0.846,287.5
i02_8x16,L2-legacy,0.847,287.5
i02_8x16,L2-legacy,0.848,287.5
i02_8x16,L2-legacy,0.849,287.5
i02_8x16,L2-legacy,0.85,287.5
i02_8x16,L2-legacy,0.851,287.5
i02_8x16,L2-legacy,0.852,287.5
i02_8x16,L2-legacy,0.853,287.5
i02_8x16,L2-legacy,0.854,287.5
i02_8x16,L2-legacy,0.855,287.5
i02_8x16,L2-legacy,0.856,287.5
i02_8x16,L2-legacy,0.857,287.5
i02_8x16,L2-legacy,0.858,287.5
i02_8x16,L2-legacy,0.859,289.9993896484375
i02_8x16,L2-legacy,0.86,289.9993896484375
i02_8x16,L2-legacy,0.861,289.9993896484375
i02_8x16,L2-legacy,0.862,289.9993896484375
i02_8x16,L2-legacy,0.863,289.9993896484375
i02_8x16,L2-legacy,0.864,289.9993896484375
i02_8x16,L2-legacy,0.865,289.9993896484375
i02_8x16,L2-legacy,0.866,289.9993896484375
i02_8x16,L2-legacy,0.867,289.9993896484375
i02_8x16,L2-legacy,0.868,289.9999694824219
i02_8x16,L2-legacy,0.869,290.0000305175781
i02_8x16,L2-legacy,0.87,290.00018310546875
i02_8x16,L2-legacy,0.871,290.00018310546875
i02_8x16,L2-legacy,0.872,290.00018310546875
i02_8x16,L2-legacy,0.873,290.00018310546875
i02_8x16,L2-legacy,0.874,290.00018310546875
i02_8x16,L2-legacy,0.875,292.4988098144531
i02_8x16,L2-legacy,0.876,292.4988098144531
i02_8x16,L2-legacy,0.877,292.4988098144531
i02_8x16,L2-legacy,0.878,292.49993896484375
i02_8x16,L2-legacy,0.879,292.49993896484375
i02_8x16,L2-legacy,0.88,292.5000305175781
i02_8x16,L2-legacy,0.881,292.50030517578125
i02_8x16,L2-legacy,0.882,292.50030517578125
i02_8x16,L2-legacy,0.883,292.50030517578125
i02_8x16,L2-legacy,0.884,292.50030517578125
i02_8x16,L2-legacy,0.885,292.50030517578125
i02_8x16,L2-legacy,0.886,292.50030517578125
i02_8x16,L2-legacy,0.887,292.50030517578125
i02_8x16,L2-legacy,0.888,292.50030517578125
i02_8x16,L2-legacy,0.889,292.50030517578125
i02_8x16,L2-legacy,0.89,294.99969482421875
i02_8x16,L2-legacy,0.891,294.99969482421875
i02_8x16,L2-legacy,0.892,294.99969482421875
i02_8x16,L2-legacy,0.893,294.99969482421875
i02_8x16,L2-legacy,0.894,294.99969482421875
i02_8x16,L2-legacy,0.895,294.99969482421875
i02_8x16,L2-legacy,0.896,294.99969482421875
i02_8x16,L2-legacy,0.897,294.99969482421875
i02_8x16,L2-legacy,0.898,295.0000305175781
i02_8x16,L2-legacy,0.899,295.00006103515625
i02_8x16,L2-legacy,0.9,295.00006103515625
i02_8x16,L2-legacy,0.901,295.0012512207031
i02_8x16,L2-legacy,0.902,297.4998779296875
i02_8x16,L2-legacy,0.903,297.4998779296875
i02_8x16,L2-legacy,0.904,297.4998779296875
i02_8x16,L2-legacy,0.905,297.4998779296875
i02_8x16,L2-legacy,0.906,297.5000305175781
i02_8x16,L2-legacy,0.907,297.5006103515625
i02_8x16,L2-legacy,0.908,297.5006103515625
i02_8x16,L2-legacy,0.909,297.5006103515625
i02_8x16,L2-legacy,0.91,297.5006103515625
i02_8x16,L2-legacy,0.911,297.5006103515625
i02_8x16,L2-legacy,0.912,297.5006103515625
i02_8x16,L2-legacy,0.913,300.0
i02_8x16,L2-legacy,0.914,300.0
i02_8x16,L2-legacy,0.915,300.0
i02_8x16,L2-legacy,0.916,300.0
i02_8x16,L2-legacy,0.917,300.0
i02_8x16,L2-legacy,0.918,300.0
i02_8x16,L2-legacy,0.919,300.0
i02_8x16,L2-legacy,0.92,300.0
i02_8x16,L2-legacy,0.921,300.0
i02_8x16,L2-legacy,0.922,302.4993896484375
i02_8x16,L2-legacy,0.923,302.4993896484375
i02_8x16,L2-legacy,0.924,302.4993896484375
i02_8x16,L2-legacy,0.925,302.4993896484375
i02_8x16,L2-legacy,0.926,302.4999694824219
i02_8x16,L2-legacy,0.927,302.5
i02_8x16,L2-legacy,0.928,302.5001525878906
i02_8x16,L2-legacy,0.929,302.5001525878906
i02_8x16,L2-legacy,0.93,304.998779296875
i02_8x16,L2-legacy,0.931,304.9999084472656
i02_8x16,L2-legacy,0.932,305.0000305175781
i02_8x16,L2-legacy,0.933,305.00030517578125
i02_8x16,L2-legacy,0.934,305.00030517578125
i02_8x16,L2-legacy,0.935,305.00030517578125
i02_8x16,L2-legacy,0.936,305.00030517578125
i02_8x16,L2-legacy,0.937,307.49969482421875
i02_8x16,L2-legacy,0.938,309.9998474121094
i02_8x16,L2-legacy,0.939,310.0006408691406
i02_8x16,L2-legacy,0.94,312.5
i02_8x16,L2-legacy,0.941,314.9993896484375
i02_8x16,L2-legacy,0.942,315.0000305175781
i02_8x16,L2-legacy,0.943,317.5
i02_8x16,L2-legacy,0.944,319.99969482421875
i02_8x16,L2-legacy,0.945,320.0000305175781
i02_8x16,L2-legacy,0.946,322.5
i02_8x16,L2-legacy,0.947,325.0000305175781
i02_8x16,L2-legacy,0.948,325.0000305175781
i02_8x16,L2-legacy,0.949,327.4999694824219
i02_8x16,L2-legacy,0.95,330.0
i02_8x16,L2-legacy,0.951,332.4997253417969
i02_8x16,L2-legacy,0.952,332.50006103515625
i02_8x16,L2-legacy,0.953,335.0006103515625
i02_8x16,L2-legacy,0.954,337.5
i02_8x16,L2-legacy,0.955,339.9994201660156
i02_8x16,L2-legacy,0.956,340.0001525878906
i02_8x16,L2-legacy,0.957,342.50030517578125
i02_8x16,L2-legacy,0.958,344.99969482421875
i02_8x16,L2-legacy,0.959,347.4998474121094
i02_8x16,L2-legacy,0.96,347.5006103515625
i02_8x16,L2-legacy,0.961,350.0
i02_8x16,L2-legacy,0.962,352.4993896484375
i02_8x16,L2-legacy,0.963,352.50018310546875
i02_8x16,L2-legacy,0.964,355.00030517578125
i02_8x16,L2-legacy,0.965,357.49969482421875
i02_8x16,L2-legacy,0.966,359.9999694824219
i02_8x16,L2-legacy,0.967,360.0006103515625
i02_8x16,L2-legacy,0.968,362.5
i02_8x16,L2-legacy,0.969,364.9993896484375
i02_8x16,L2-legacy,0.97,367.498779296875
i02_8x16,L2-legacy,0.971,367.50030517578125
i02_8x16,L2-legacy,0.972,369.99969482421875
i02_8x16,L2-legacy,0.973,372.4998474121094
i02_8x16,L2-legacy,0.974,372.5006408691406
i02_8x16,L2-legacy,0.975,375.0
i02_8x16,L2-legacy,0.976,377.4993896484375
i02_8x16,L2-legacy,0.977,377.5001525878906
i02_8x16,L2-legacy,0.978,380.0003356933594
i02_8x16,L2-legacy,0.979,382.5000915527344
i02_8x16,L2-legacy,0.98,385.0006103515625
i02_8x16,L2-legacy,0.981,387.5000305175781
i02_8x16,L2-legacy,0.982,389.9993896484375
i02_8x16,L2-legacy,0.983,392.49993896484375
i02_8x16,L2-legacy,0.984,394.9997253417969
i02_8x16,L2-legacy,0.985,397.5006103515625
i02_8x16,L2-legacy,0.986,400.0
i02_8x16,L2-legacy,0.987,402.5001525878906
i02_8x16,L2-legacy,0.988,407.49969482421875
i02_8x16,L2-legacy,0.989,410.0006103515625
i02_8x16,L2-legacy,0.99,415.00018310546875
i02_8x16,L2-legacy,0.991,420.0012512207031
i02_8x16,L2-legacy,0.992,427.4993896484375
i02_8x16,L2-legacy,0.993,432.49969482421875
i02_8x16,L2-legacy,0.994,440.0001525878906
i02_8x16,L2-legacy,0.995,450.0000305175781
i02_8x16,L2-legacy,0.996,457.4997253417969
i02_8x16,L2-legacy,0.997,469.99969482421875
i02_8x16,L2-legacy,0.998,482.49969482421875
i02_8x16,L2-legacy,0.999,507.5012512207031
i02_8x16,L2-legacy,1.0,812.5
i02_8x16,ns3,0.0,77.5654296875
i02_8x16,ns3,0.001,102.5654296875
i02_8x16,ns3,0.002,185.0654296875
i02_8x16,ns3,0.003,192.5654296875
i02_8x16,ns3,0.004,195.06544494628906
i02_8x16,ns3,0.005,197.5654296875
i02_8x16,ns3,0.006,197.5654296875
i02_8x16,ns3,0.007,200.06541442871094
i02_8x16,ns3,0.008,200.06541442871094
i02_8x16,ns3,0.009,202.5654296875
i02_8x16,ns3,0.01,202.5654296875
i02_8x16,ns3,0.011,202.56597900390625
i02_8x16,ns3,0.012,205.06544494628906
i02_8x16,ns3,0.013,207.5654296875
i02_8x16,ns3,0.014,207.5654296875
i02_8x16,ns3,0.015,207.5654296875
i02_8x16,ns3,0.016,207.56597900390625
i02_8x16,ns3,0.017,207.5665283203125
i02_8x16,ns3,0.018,210.06544494628906
i02_8x16,ns3,0.019,210.06544494628906
i02_8x16,ns3,0.02,210.06544494628906
i02_8x16,ns3,0.021,210.06654357910156
i02_8x16,ns3,0.022,210.06727600097656
i02_8x16,ns3,0.023,212.5654296875
i02_8x16,ns3,0.024,212.5654296875
i02_8x16,ns3,0.025,212.5654296875
i02_8x16,ns3,0.026,212.5654296875
i02_8x16,ns3,0.027,212.56600952148438
i02_8x16,ns3,0.028,212.56654357910156
i02_8x16,ns3,0.029,212.5672607421875
i02_8x16,ns3,0.03,212.5672607421875
i02_8x16,ns3,0.031,212.56845092773438
i02_8x16,ns3,0.032,215.0654296875
i02_8x16,ns3,0.033,215.0654296875
i02_8x16,ns3,0.034,215.0654296875
i02_8x16,ns3,0.035,215.0654296875
i02_8x16,ns3,0.036,215.0654296875
i02_8x16,ns3,0.037,215.0654296875
i02_8x16,ns3,0.038,215.0654296875
i02_8x16,ns3,0.039,215.06597900390625
i02_8x16,ns3,0.04,215.06597900390625
i02_8x16,ns3,0.041,215.06654357910156
i02_8x16,ns3,0.042,215.06707763671875
i02_8x16,ns3,0.043,215.0672607421875
i02_8x16,ns3,0.044,215.0672607421875
i02_8x16,ns3,0.045,215.0672607421875
i02_8x16,ns3,0.046,217.56544494628906
i02_8x16,ns3,0.047,217.56544494628906
i02_8x16,ns3,0.048,217.56544494628906
i02_8x16,ns3,0.049,217.56544494628906
i02_8x16,ns3,0.05,217.56544494628906
i02_8x16,ns3,0.051,217.56544494628906
i02_8x16,ns3,0.052,217.56544494628906
i02_8x16,ns3,0.053,217.56544494628906
i02_8x16,ns3,0.054,217.56544494628906
i02_8x16,ns3,0.055,217.56544494628906
i02_8x16,ns3,0.056,217.5659942626953
i02_8x16,ns3,0.057,217.5659942626953
i02_8x16,ns3,0.058,217.5659942626953
i02_8x16,ns3,0.059,217.5659942626953
i02_8x16,ns3,0.06,217.5665283203125
i02_8x16,ns3,0.061,217.5665283203125
i02_8x16,ns3,0.062,217.56724548339844
i02_8x16,ns3,0.063,217.56724548339844
i02_8x16,ns3,0.064,217.56724548339844
i02_8x16,ns3,0.065,217.5701904296875
i02_8x16,ns3,0.066,220.0654296875
i02_8x16,ns3,0.067,220.0654296875
i02_8x16,ns3,0.068,220.0654296875
i02_8x16,ns3,0.069,220.0654296875
i02_8x16,ns3,0.07,220.0654296875
i02_8x16,ns3,0.071,220.0654296875
i02_8x16,ns3,0.072,220.0654296875
i02_8x16,ns3,0.073,220.0654296875
i02_8x16,ns3,0.074,220.0654296875
i02_8x16,ns3,0.075,220.0654296875
i02_8x16,ns3,0.076,220.0654296875
i02_8x16,ns3,0.077,220.0654296875
i02_8x16,ns3,0.078,220.06597900390625
i02_8x16,ns3,0.079,220.06597900390625
i02_8x16,ns3,0.08,220.06597900390625
i02_8x16,ns3,0.081,220.06597900390625
i02_8x16,ns3,0.082,220.06597900390625
i02_8x16,ns3,0.083,220.0665283203125
i02_8x16,ns3,0.084,220.0665283203125
i02_8x16,ns3,0.085,220.0670623779297
i02_8x16,ns3,0.086,220.0672607421875
i02_8x16,ns3,0.087,220.0672607421875
i02_8x16,ns3,0.088,222.56544494628906
i02_8x16,ns3,0.089,222.56544494628906
i02_8x16,ns3,0.09,222.56544494628906
i02_8x16,ns3,0.091,222.56544494628906
i02_8x16,ns3,0.092,222.56544494628906
i02_8x16,ns3,0.093,222.56544494628906
i02_8x16,ns3,0.094,222.56544494628906
i02_8x16,ns3,0.095,222.56544494628906
i02_8x16,ns3,0.096,222.56544494628906
i02_8x16,ns3,0.097,222.56544494628906
i02_8x16,ns3,0.098,222.56544494628906
i02_8x16,ns3,0.099,222.56544494628906
i02_8x16,ns3,0.1,222.56544494628906
i02_8x16,ns3,0.101,222.56544494628906
i02_8x16,ns3,0.102,222.56544494628906
i02_8x16,ns3,0.103,222.56544494628906
i02_8x16,ns3,0.104,222.5659942626953
i02_8x16,ns3,0.105,222.5659942626953
i02_8x16,ns3,0.106,222.5659942626953
i02_8x16,ns3,0.107,222.5659942626953
i02_8x16,ns3,0.108,222.5659942626953
i02_8x16,ns3,0.109,222.5659942626953
i02_8x16,ns3,0.11,222.5659942626953
i02_8x16,ns3,0.111,222.5665283203125
i02_8x16,ns3,0.112,222.5665283203125
i02_8x16,ns3,0.113,222.56707763671875
i02_8x16,ns3,0.114,222.56727600097656
i02_8x16,ns3,0.115,222.567626953125
i02_8x16,ns3,0.116,225.0654296875
i02_8x16,ns3,0.117,225.0654296875
i02_8x16,ns3,0.118,225.0654296875
i02_8x16,ns3,0.119,225.0654296875
i02_8x16,ns3,0.12,225.0654296875
i02_8x16,ns3,0.121,225.0654296875
i02_8x16,ns3,0.122,225.0654296875
i02_8x16,ns3,0.123,225.0654296875
i02_8x16,ns3,0.124,225.0654296875
i02_8x16,ns3,0.125,225.0654296875
i02_8x16,ns3,0.126,225.0654296875
i02_8x16,ns3,0.127,225.0654296875
i02_8x16,ns3,0.128,225.0654296875
i02_8x16,ns3,0.129,225.0654296875
i02_8x16,ns3,0.13,225.0654296875
i02_8x16,ns3,0.131,225.0654296875
i02_8x16,ns3,0.132,225.0654296875
i02_8x16,ns3,0.133,225.0654296875
i02_8x16,ns3,0.134,225.0654296875
i02_8x16,ns3,0.135,225.0654296875
i02_8x16,ns3,0.136,225.0659942626953
i02_8x16,ns3,0.137,225.0659942626953
i02_8x16,ns3,0.138,225.0659942626953
i02_8x16,ns3,0.139,225.0659942626953
i02_8x16,ns3,0.14,225.0659942626953
i02_8x16,ns3,0.141,225.0659942626953
i02_8x16,ns3,0.142,225.0659942626953
i02_8x16,ns3,0.143,225.0659942626953
i02_8x16,ns3,0.144,225.0659942626953
i02_8x16,ns3,0.145,225.06654357910156
i02_8x16,ns3,0.146,225.06654357910156
i02_8x16,ns3,0.147,225.06654357910156
i02_8x16,ns3,0.148,225.0670928955078
i02_8x16,ns3,0.149,225.0672607421875
i02_8x16,ns3,0.15,225.06764221191406
i02_8x16,ns3,0.151,227.56544494628906
i02_8x16,ns3,0.152,227.56544494628906
i02_8x16,ns3,0.153,227.56544494628906
i02_8x16,ns3,0.154,227.56544494628906
i02_8x16,ns3,0.155,227.56544494628906
i02_8x16,ns3,0.156,227.56544494628906
i02_8x16,ns3,0.157,227.56544494628906
i02_8x16,ns3,0.158,227.56544494628906
i02_8x16,ns3,0.159,227.56544494628906
i02_8x16,ns3,0.16,227.56544494628906
i02_8x16,ns3,0.161,227.56544494628906
i02_8x16,ns3,0.162,227.56544494628906
i02_8x16,ns3,0.163,227.56544494628906
i02_8x16,ns3,0.164,227.56544494628906
i02_8x16,ns3,0.165,227.56544494628906
i02_8x16,ns3,0.166,227.56544494628906
i02_8x16,ns3,0.167,227.56544494628906
i02_8x16,ns3,0.168,227.56544494628906
i02_8x16,ns3,0.169,227.56544494628906
i02_8x16,ns3,0.17,227.56544494628906
i02_8x16,ns3,0.171,227.56544494628906
i02_8x16,ns3,0.172,227.56544494628906
i02_8x16,ns3,0.173,227.56544494628906
i02_8x16,ns3,0.174,227.5659942626953
i02_8x16,ns3,0.175,227.5659942626953
i02_8x16,ns3,0.176,227.5659942626953
i02_8x16,ns3,0.177,227.5659942626953
i02_8x16,ns3,0.178,227.5659942626953
i02_8x16,ns3,0.179,227.5659942626953
i02_8x16,ns3,0.18,227.5659942626953
i02_8x16,ns3,0.181,227.5659942626953
i02_8x16,ns3,0.182,227.5659942626953
i02_8x16,ns3,0.183,227.5659942626953
i02_8x16,ns3,0.184,227.5665283203125
i02_8x16,ns3,0.185,227.5665283203125
i02_8x16,ns3,0.186,227.5665283203125
i02_8x16,ns3,0.187,227.5665283203125
i02_8x16,ns3,0.188,227.56707763671875
i02_8x16,ns3,0.189,227.56727600097656
i02_8x16,ns3,0.19,230.06544494628906
i02_8x16,ns3,0.191,230.06544494628906
i02_8x16,ns3,0.192,230.06544494628906
i02_8x16,ns3,0.193,230.06544494628906
i02_8x16,ns3,0.194,230.06544494628906
i02_8x16,ns3,0.195,230.06544494628906
i02_8x16,ns3,0.196,230.06544494628906
i02_8x16,ns3,0.197,230.06544494628906
i02_8x16,ns3,0.198,230.06544494628906
i02_8x16,ns3,0.199,230.06544494628906
i02_8x16,ns3,0.2,230.06544494628906
i02_8x16,ns3,0.201,230.06544494628906
i02_8x16,ns3,0.202,230.06544494628906
i02_8x16,ns3,0.203,230.06544494628906
i02_8x16,ns3,0.204,230.06544494628906
i02_8x16,ns3,0.205,230.06544494628906
i02_8x16,ns3,0.206,230.06544494628906
i02_8x16,ns3,0.207,230.06544494628906
i02_8x16,ns3,0.208,230.06544494628906
i02_8x16,ns3,0.209,230.06544494628906
i02_8x16,ns3,0.21,230.06544494628906
i02_8x16,ns3,0.211,230.06544494628906
i02_8x16,ns3,0.212,230.06544494628906
i02_8x16,ns3,0.213,230.06544494628906
i02_8x16,ns3,0.214,230.06544494628906
i02_8x16,ns3,0.215,230.06544494628906
i02_8x16,ns3,0.216,230.06597900390625
i02_8x16,ns3,0.217,230.06597900390625
i02_8x16,ns3,0.218,230.06597900390625
i02_8x16,ns3,0.219,230.06597900390625
i02_8x16,ns3,0.22,230.06597900390625
i02_8x16,ns3,0.221,230.06597900390625
i02_8x16,ns3,0.222,230.06597900390625
i02_8x16,ns3,0.223,230.06597900390625
i02_8x16,ns3,0.224,230.06597900390625
i02_8x16,ns3,0.225,230.06597900390625
i02_8x16,ns3,0.226,230.06654357910156
i02_8x16,ns3,0.227,230.06654357910156
i02_8x16,ns3,0.228,230.06654357910156
i02_8x16,ns3,0.229,230.06654357910156
i02_8x16,ns3,0.23,230.0672607421875
i02_8x16,ns3,0.231,232.5654296875
i02_8x16,ns3,0.232,232.5654296875
i02_8x16,ns3,0.233,232.5654296875
i02_8x16,ns3,0.234,232.5654296875
i02_8x16,ns3,0.235,232.5654296875
i02_8x16,ns3,0.236,232.5654296875
i02_8x16,ns3,0.237,232.5654296875
i02_8x16,ns3,0.238,232.5654296875
i02_8x16,ns3,0.239,232.5654296875
i02_8x16,ns3,0.24,232.5654296875
i02_8x16,ns3,0.241,232.5654296875
i02_8x16,ns3,0.242,232.5654296875
i02_8x16,ns3,0.243,232.5654296875
i02_8x16,ns3,0.244,232.5654296875
i02_8x16,ns3,0.245,232.5654296875
i02_8x16,ns3,0.246,232.5654296875
i02_8x16,ns3,0.247,232.5654296875
i02_8x16,ns3,0.248,232.5654296875
i02_8x16,ns3,0.249,232.5654296875
i02_8x16,ns3,0.25,232.5654296875
i02_8x16,ns3,0.251,232.5654296875
i02_8x16,ns3,0.252,232.5654296875
i02_8x16,ns3,0.253,232.5654296875
i02_8x16,ns3,0.254,232.5654296875
i02_8x16,ns3,0.255,232.5654296875
i02_8x16,ns3,0.256,232.5654296875
i02_8x16,ns3,0.257,232.56597900390625
i02_8x16,ns3,0.258,232.56597900390625
i02_8x16,ns3,0.259,232.56597900390625
i02_8x16,ns3,0.26,232.56597900390625
i02_8x16,ns3,0.261,232.56597900390625
i02_8x16,ns3,0.262,232.56597900390625
i02_8x16,ns3,0.263,232.56597900390625
i02_8x16,ns3,0.264,232.56597900390625
i02_8x16,ns3,0.265,232.56597900390625
i02_8x16,ns3,0.266,232.56597900390625
i02_8x16,ns3,0.267,232.56651306152344
i02_8x16,ns3,0.268,232.56651306152344
i02_8x16,ns3,0.269,232.56651306152344
i02_8x16,ns3,0.27,232.56707763671875
i02_8x16,ns3,0.271,235.06544494628906
i02_8x16,ns3,0.272,235.06544494628906
i02_8x16,ns3,0.273,235.06544494628906
i02_8x16,ns3,0.274,235.06544494628906
i02_8x16,ns3,0.275,235.06544494628906
i02_8x16,ns3,0.276,235.06544494628906
i02_8x16,ns3,0.277,235.06544494628906
i02_8x16,ns3,0.278,235.06544494628906
i02_8x16,ns3,0.279,235.06544494628906
i02_8x16,ns3,0.28,235.06544494628906
i02_8x16,ns3,0.281,235.06544494628906
i02_8x16,ns3,0.282,235.06544494628906
i02_8x16,ns3,0.283,235.06544494628906
i02_8x16,ns3,0.284,235.06544494628906
i02_8x16,ns3,0.285,235.06544494628906
i02_8x16,ns3,0.286,235.06544494628906
i02_8x16,ns3,0.287,235.06544494628906
i02_8x16,ns3,0.288,235.06544494628906
i02_8x16,ns3,0.289,235.06544494628906
i02_8x16,ns3,0.29,235.06544494628906
i02_8x16,ns3,0.291,235.06544494628906
i02_8x16,ns3,0.292,235.06544494628906
i02_8x16,ns3,0.293,235.06544494628906
i02_8x16,ns3,0.294,235.06544494628906
i02_8x16,ns3,0.295,235.06544494628906
i02_8x16,ns3,0.296,235.06544494628906
i02_8x16,ns3,0.297,235.06544494628906
i02_8x16,ns3,0.298,235.06597900390625
i02_8x16,ns3,0.299,235.06597900390625
i02_8x16,ns3,0.3,235.06597900390625
i02_8x16,ns3,0.301,235.06597900390625
i02_8x16,ns3,0.302,235.06597900390625
i02_8x16,ns3,0.303,235.06597900390625
i02_8x16,ns3,0.304,235.06597900390625
i02_8x16,ns3,0.305,235.06597900390625
i02_8x16,ns3,0.306,235.06597900390625
i02_8x16,ns3,0.307,235.0665283203125
i02_8x16,ns3,0.308,235.0665283203125
i02_8x16,ns3,0.309,235.0665283203125
i02_8x16,ns3,0.31,235.06707763671875
i02_8x16,ns3,0.311,235.0690155029297
i02_8x16,ns3,0.312,237.5654296875
i02_8x16,ns3,0.313,237.5654296875
i02_8x16,ns3,0.314,237.5654296875
i02_8x16,ns3,0.315,237.5654296875
i02_8x16,ns3,0.316,237.5654296875
i02_8x16,ns3,0.317,237.5654296875
i02_8x16,ns3,0.318,237.5654296875
i02_8x16,ns3,0.319,237.5654296875
i02_8x16,ns3,0.32,237.5654296875
i02_8x16,ns3,0.321,237.5654296875
i02_8x16,ns3,0.322,237.5654296875
i02_8x16,ns3,0.323,237.5654296875
i02_8x16,ns3,0.324,237.5654296875
i02_8x16,ns3,0.325,237.5654296875
i02_8x16,ns3,0.326,237.5654296875
i02_8x16,ns3,0.327,237.5654296875
i02_8x16,ns3,0.328,237.5654296875
i02_8x16,ns3,0.329,237.5654296875
i02_8x16,ns3,0.33,237.5654296875
i02_8x16,ns3,0.331,237.5654296875
i02_8x16,ns3,0.332,237.5654296875
i02_8x16,ns3,0.333,237.5654296875
i02_8x16,ns3,0.334,237.5654296875
i02_8x16,ns3,0.335,237.5654296875
i02_8x16,ns3,0.336,237.5654296875
i02_8x16,ns3,0.337,237.5659942626953
i02_8x16,ns3,0.338,237.5659942626953
i02_8x16,ns3,0.339,237.5659942626953
i02_8x16,ns3,0.34,237.5659942626953
i02_8x16,ns3,0.341,237.5659942626953
i02_8x16,ns3,0.342,237.5659942626953
i02_8x16,ns3,0.343,237.5659942626953
i02_8x16,ns3,0.344,237.5659942626953
i02_8x16,ns3,0.345,237.5659942626953
i02_8x16,ns3,0.346,237.56654357910156
i02_8x16,ns3,0.347,237.56654357910156
i02_8x16,ns3,0.348,237.56654357910156
i02_8x16,ns3,0.349,237.5672607421875
i02_8x16,ns3,0.35,240.06544494628906
i02_8x16,ns3,0.351,240.06544494628906
i02_8x16,ns3,0.352,240.06544494628906
i02_8x16,ns3,0.353,240.06544494628906
i02_8x16,ns3,0.354,240.06544494628906
i02_8x16,ns3,0.355,240.06544494628906
i02_8x16,ns3,0.356,240.06544494628906
i02_8x16,ns3,0.357,240.06544494628906
i02_8x16,ns3,0.358,240.06544494628906
i02_8x16,ns3,0.359,240.06544494628906
i02_8x16,ns3,0.36,240.06544494628906
i02_8x16,ns3,0.361,240.06544494628906
i02_8x16,ns3,0.362,240.06544494628906
i02_8x16,ns3,0.363,240.06544494628906
i02_8x16,ns3,0.364,240.06544494628906
i02_8x16,ns3,0.365,240.06544494628906
i02_8x16,ns3,0.366,240.06544494628906
i02_8x16,ns3,0.367,240.06544494628906
i02_8x16,ns3,0.368,240.06544494628906
i02_8x16,ns3,0.369,240.06544494628906
i02_8x16,ns3,0.37,240.06544494628906
i02_8x16,ns3,0.371,240.06544494628906
i02_8x16,ns3,0.372,240.06544494628906
i02_8x16,ns3,0.373,240.06544494628906
i02_8x16,ns3,0.374,240.06597900390625
i02_8x16,ns3,0.375,240.06597900390625
i02_8x16,ns3,0.376,240.06597900390625
i02_8x16,ns3,0.377,240.06597900390625
i02_8x16,ns3,0.378,240.06597900390625
i02_8x16,ns3,0.379,240.06597900390625
i02_8x16,ns3,0.38,240.06597900390625
i02_8x16,ns3,0.381,240.06597900390625
i02_8x16,ns3,0.382,240.0665283203125
i02_8x16,ns3,0.383,240.06707763671875
i02_8x16,ns3,0.384,242.56544494628906
i02_8x16,ns3,0.385,242.56544494628906
i02_8x16,ns3,0.386,242.56544494628906
i02_8x16,ns3,0.387,242.56544494628906
i02_8x16,ns3,0.388,242.56544494628906
i02_8x16,ns3,0.389,242.56544494628906
i02_8x16,ns3,0.39,242.56544494628906
i02_8x16,ns3,0.391,242.56544494628906
i02_8x16,ns3,0.392,242.56544494628906
i02_8x16,ns3,0.393,242.56544494628906
i02_8x16,ns3,0.394,242.56544494628906
i02_8x16,ns3,0.395,242.56544494628906
i02_8x16,ns3,0.396,242.56544494628906
i02_8x16,ns3,0.397,242.56544494628906
i02_8x16,ns3,0.398,242.56544494628906
i02_8x16,ns3,0.399,242.56544494628906
i02_8x16,ns3,0.4,242.56544494628906
i02_8x16,ns3,0.401,242.56544494628906
i02_8x16,ns3,0.402,242.56544494628906
i02_8x16,ns3,0.403,242.56544494628906
i02_8x16,ns3,0.404,242.56544494628906
i02_8x16,ns3,0.405,242.56544494628906
i02_8x16,ns3,0.406,242.56544494628906
i02_8x16,ns3,0.407,242.56544494628906
i02_8x16,ns3,0.408,242.5659942626953
i02_8x16,ns3,0.409,242.5659942626953
i02_8x16,ns3,0.41,242.5659942626953
i02_8x16,ns3,0.411,242.5659942626953
i02_8x16,ns3,0.412,242.5659942626953
i02_8x16,ns3,0.413,242.5659942626953
i02_8x16,ns3,0.414,242.56654357910156
i02_8x16,ns3,0.415,242.5672607421875
i02_8x16,ns3,0.416,245.0654296875
i02_8x16,ns3,0.417,245.0654296875
i02_8x16,ns3,0.418,245.0654296875
i02_8x16,ns3,0.419,245.0654296875
i02_8x16,ns3,0.42,245.0654296875
i02_8x16,ns3,0.421,245.0654296875
i02_8x16,ns3,0.422,245.0654296875
i02_8x16,ns3,0.423,245.0654296875
i02_8x16,ns3,0.424,245.0654296875
i02_8x16,ns3,0.425,245.0654296875
i02_8x16,ns3,0.426,245.0654296875
i02_8x16,ns3,0.427,245.0654296875
i02_8x16,ns3,0.428,245.0654296875
i02_8x16,ns3,0.429,245.0654296875
i02_8x16,ns3,0.43,245.0654296875
i02_8x16,ns3,0.431,245.0654296875
i02_8x16,ns3,0.432,245.0654296875
i02_8x16,ns3,0.433,245.0654296875
i02_8x16,ns3,0.434,245.0654296875
i02_8x16,ns3,0.435,245.0654296875
i02_8x16,ns3,0.436,245.0654296875
i02_8x16,ns3,0.437,245.0654296875
i02_8x16,ns3,0.438,245.06597900390625
i02_8x16,ns3,0.439,245.06597900390625
i02_8x16,ns3,0.44,245.06597900390625
i02_8x16,ns3,0.441,245.06597900390625
i02_8x16,ns3,0.442,245.06597900390625
i02_8x16,ns3,0.443,245.06597900390625
i02_8x16,ns3,0.444,245.0665283203125
i02_8x16,ns3,0.445,247.5654296875
i02_8x16,ns3,0.446,247.5654296875
i02_8x16,ns3,0.447,247.5654296875
i02_8x16,ns3,0.448,247.5654296875
i02_8x16,ns3,0.449,247.5654296875
i02_8x16,ns3,0.45,247.5654296875
i02_8x16,ns3,0.451,247.5654296875
i02_8x16,ns3,0.452,247.5654296875
i02_8x16,ns3,0.453,247.5654296875
i02_8x16,ns3,0.454,247.5654296875
i02_8x16,ns3,0.455,247.5654296875
i02_8x16,ns3,0.456,247.5654296875
i02_8x16,ns3,0.457,247.5654296875
i02_8x16,ns3,0.458,247.5654296875
i02_8x16,ns3,0.459,247.5654296875
i02_8x16,ns3,0.46,247.5654296875
i02_8x16,ns3,0.461,247.5654296875
i02_8x16,ns3,0.462,247.5654296875
i02_8x16,ns3,0.463,247.5654296875
i02_8x16,ns3,0.464,247.5654296875
i02_8x16,ns3,0.465,247.5654296875
i02_8x16,ns3,0.466,247.56597900390625
i02_8x16,ns3,0.467,247.56597900390625
i02_8x16,ns3,0.468,247.56597900390625
i02_8x16,ns3,0.469,247.56597900390625
i02_8x16,ns3,0.47,247.56597900390625
i02_8x16,ns3,0.471,250.06541442871094
i02_8x16,ns3,0.472,250.06541442871094
i02_8x16,ns3,0.473,250.06541442871094
i02_8x16,ns3,0.474,250.06541442871094
i02_8x16,ns3,0.475,250.06541442871094
i02_8x16,ns3,0.476,250.06541442871094
i02_8x16,ns3,0.477,250.06541442871094
i02_8x16,ns3,0.478,250.06541442871094
i02_8x16,ns3,0.479,250.06541442871094
i02_8x16,ns3,0.48,250.06541442871094
i02_8x16,ns3,0.481,250.06541442871094
i02_8x16,ns3,0.482,250.06541442871094
i02_8x16,ns3,0.483,250.06541442871094
i02_8x16,ns3,0.484,250.06541442871094
i02_8x16,ns3,0.485,250.06541442871094
i02_8x16,ns3,0.486,250.06541442871094
i02_8x16,ns3,0.487,250.06541442871094
i02_8x16,ns3,0.488,250.06541442871094
i02_8x16,ns3,0.489,250.06541442871094
i02_8x16,ns3,0.49,250.06541442871094
i02_8x16,ns3,0.491,250.06600952148438
i02_8x16,ns3,0.492,250.06600952148438
i02_8x16,ns3,0.493,250.06600952148438
i02_8x16,ns3,0.494,250.06654357910156
i02_8x16,ns3,0.495,252.56544494628906
i02_8x16,ns3,0.496,252.56544494628906
i02_8x16,ns3,0.497,252.56544494628906
i02_8x16,ns3,0.498,252.56544494628906
i02_8x16,ns3,0.499,252.56544494628906
i02_8x16,ns3,0.5,252.56544494628906
i02_8x16,ns3,0.501,252.56544494628906
i02_8x16,ns3,0.502,252.56544494628906
i02_8x16,ns3,0.503,252.56544494628906
i02_8x16,ns3,0.504,252.56544494628906
i02_8x16,ns3,0.505,252.56544494628906
i02_8x16,ns3,0.506,252.56544494628906
i02_8x16,ns3,0.507,252.56544494628906
i02_8x16,ns3,0.508,252.56544494628906
i02_8x16,ns3,0.509,252.56544494628906
i02_8x16,ns3,0.51,252.56544494628906
i02_8x16,ns3,0.511,252.56544494628906
i02_8x16,ns3,0.512,252.56597900390625
i02_8x16,ns3,0.513,252.56597900390625
i02_8x16,ns3,0.514,252.5672607421875
i02_8x16,ns3,0.515,255.06544494628906
i02_8x16,ns3,0.516,255.06544494628906
i02_8x16,ns3,0.517,255.06544494628906
i02_8x16,ns3,0.518,255.06544494628906
i02_8x16,ns3,0.519,255.06544494628906
i02_8x16,ns3,0.52,255.06544494628906
i02_8x16,ns3,0.521,255.06544494628906
i02_8x16,ns3,0.522,255.06544494628906
i02_8x16,ns3,0.523,255.06544494628906
i02_8x16,ns3,0.524,255.06544494628906
i02_8x16,ns3,0.525,255.06544494628906
i02_8x16,ns3,0.526,255.06544494628906
i02_8x16,ns3,0.527,255.06544494628906
i02_8x16,ns3,0.528,255.06544494628906
i02_8x16,ns3,0.529,255.06544494628906
i02_8x16,ns3,0.53,255.06600952148438
i02_8x16,ns3,0.531,255.06600952148438
i02_8x16,ns3,0.532,257.5654296875
i02_8x16,ns3,0.533,257.5654296875
i02_8x16,ns3,0.534,257.5654296875
i02_8x16,ns3,0.535,257.5654296875
i02_8x16,ns3,0.536,257.5654296875
i02_8x16,ns3,0.537,257.5654296875
i02_8x16,ns3,0.538,257.5654296875
i02_8x16,ns3,0.539,257.5654296875
i02_8x16,ns3,0.54,257.5654296875
i02_8x16,ns3,0.541,257.5654296875
i02_8x16,ns3,0.542,257.5654296875
i02_8x16,ns3,0.543,257.5654296875
i02_8x16,ns3,0.544,257.5654296875
i02_8x16,ns3,0.545,257.5654296875
i02_8x16,ns3,0.546,257.56597900390625
i02_8x16,ns3,0.547,257.56597900390625
i02_8x16,ns3,0.548,260.0654296875
i02_8x16,ns3,0.549,260.0654296875
i02_8x16,ns3,0.55,260.0654296875
i02_8x16,ns3,0.551,260.0654296875
i02_8x16,ns3,0.552,260.0654296875
i02_8x16,ns3,0.553,260.0654296875
i02_8x16,ns3,0.554,260.0654296875
i02_8x16,ns3,0.555,260.0654296875
i02_8x16,ns3,0.556,260.0654296875
i02_8x16,ns3,0.557,260.0654296875
i02_8x16,ns3,0.558,260.0654296875
i02_8x16,ns3,0.559,260.0654296875
i02_8x16,ns3,0.56,260.0654296875
i02_8x16,ns3,0.561,260.0660095214844
i02_8x16,ns3,0.562,262.5654296875
i02_8x16,ns3,0.563,262.5654296875
i02_8x16,ns3,0.564,262.5654296875
i02_8x16,ns3,0.565,262.5654296875
i02_8x16,ns3,0.566,262.5654296875
i02_8x16,ns3,0.567,262.5654296875
i02_8x16,ns3,0.568,262.5654296875
i02_8x16,ns3,0.569,262.5654296875
i02_8x16,ns3,0.57,262.5654296875
i02_8x16,ns3,0.571,262.5654296875
i02_8x16,ns3,0.572,262.5654296875
i02_8x16,ns3,0.573,262.5654296875
i02_8x16,ns3,0.574,262.5660095214844
i02_8x16,ns3,0.575,265.0654296875
i02_8x16,ns3,0.576,265.0654296875
i02_8x16,ns3,0.577,265.0654296875
i02_8x16,ns3,0.578,265.0654296875
i02_8x16,ns3,0.579,265.0654296875
i02_8x16,ns3,0.58,265.0654296875
i02_8x16,ns3,0.581,265.0654296875
i02_8x16,ns3,0.582,265.0654296875
i02_8x16,ns3,0.583,265.0654296875
i02_8x16,ns3,0.584,265.0654296875
i02_8x16,ns3,0.585,265.0654296875
i02_8x16,ns3,0.586,265.0660095214844
i02_8x16,ns3,0.587,267.5654602050781
i02_8x16,ns3,0.588,267.5654602050781
i02_8x16,ns3,0.589,267.5654602050781
i02_8x16,ns3,0.59,267.5654602050781
i02_8x16,ns3,0.591,267.5654602050781
i02_8x16,ns3,0.592,267.5654602050781
i02_8x16,ns3,0.593,267.5654602050781
i02_8x16,ns3,0.594,267.5654602050781
i02_8x16,ns3,0.595,267.5654602050781
i02_8x16,ns3,0.596,267.5654602050781
i02_8x16,ns3,0.597,267.5654602050781
i02_8x16,ns3,0.598,267.5660095214844
i02_8x16,ns3,0.599,270.0654296875
i02_8x16,ns3,0.6,270.0654296875
i02_8x16,ns3,0.601,270.0654296875
i02_8x16,ns3,0.602,270.0654296875
i02_8x16,ns3,0.603,270.0654296875
i02_8x16,ns3,0.604,270.0654296875
i02_8x16,ns3,0.605,270.0654296875
i02_8x16,ns3,0.606,270.0654296875
i02_8x16,ns3,0.607,270.0654296875
i02_8x16,ns3,0.608,270.0654296875
i02_8x16,ns3,0.609,272.5654602050781
i02_8x16,ns3,0.61,272.5654602050781
i02_8x16,ns3,0.611,272.5654602050781
i02_8x16,ns3,0.612,272.5654602050781
i02_8x16,ns3,0.613,272.5654602050781
i02_8x16,ns3,0.614,272.5654602050781
i02_8x16,ns3,0.615,272.5654602050781
i02_8x16,ns3,0.616,272.5654602050781
i02_8x16,ns3,0.617,272.5654602050781
i02_8x16,ns3,0.618,272.5654602050781
i02_8x16,ns3,0.619,272.56597900390625
i02_8x16,ns3,0.62,275.0654296875
i02_8x16,ns3,0.621,275.0654296875
i02_8x16,ns3,0.622,275.0654296875
i02_8x16,ns3,0.623,275.0654296875
i02_8x16,ns3,0.624,275.0654296875
i02_8x16,ns3,0.625,275.0654296875
i02_8x16,ns3,0.626,275.0654296875
i02_8x16,ns3,0.627,275.0654296875
i02_8x16,ns3,0.628,275.0654296875
i02_8x16,ns3,0.629,275.06597900390625
i02_8x16,ns3,0.63,277.5654602050781
i02_8x16,ns3,0.631,277.5654602050781
i02_8x16,ns3,0.632,277.5654602050781
i02_8x16,ns3,0.633,277.5654602050781
i02_8x16,ns3,0.634,277.5654602050781
i02_8x16,ns3,0.635,277.5654602050781
i02_8x16,ns3,0.636,277.5654602050781
i02_8x16,ns3,0.637,277.5654602050781
i02_8x16,ns3,0.638,277.5654602050781
i02_8x16,ns3,0.639,277.5654602050781
i02_8x16,ns3,0.64,277.56597900390625
i02_8x16,ns3,0.641,280.0654602050781
i02_8x16,ns3,0.642,280.0654602050781
i02_8x16,ns3,0.643,280.0654602050781
i02_8x16,ns3,0.644,280.0654602050781
i02_8x16,ns3,0.645,280.0654602050781
i02_8x16,ns3,0.646,280.0654602050781
i02_8x16,ns3,0.647,280.0654602050781
i02_8x16,ns3,0.648,280.0654602050781
i02_8x16,ns3,0.649,280.0654602050781
i02_8x16,ns3,0.65,280.06597900390625
i02_8x16,ns3,0.651,282.5654296875
i02_8x16,ns3,0.652,282.5654296875
i02_8x16,ns3,0.653,282.5654296875
i02_8x16,ns3,0.654,282.5654296875
i02_8x16,ns3,0.655,282.5654296875
i02_8x16,ns3,0.656,282.5654296875
i02_8x16,ns3,0.657,282.5654296875
i02_8x16,ns3,0.658,282.5654296875
i02_8x16,ns3,0.659,282.5654296875
i02_8x16,ns3,0.66,282.56597900390625
i02_8x16,ns3,0.661,285.0654296875
i02_8x16,ns3,0.662,285.0654296875
i02_8x16,ns3,0.663,285.0654296875
i02_8x16,ns3,0.664,285.0654296875
i02_8x16,ns3,0.665,285.0654296875
i02_8x16,ns3,0.666,285.0654296875
i02_8x16,ns3,0.667,285.0654296875
i02_8x16,ns3,0.668,285.0654296875
i02_8x16,ns3,0.669,285.0654296875
i02_8x16,ns3,0.67,285.06597900390625
i02_8x16,ns3,0.671,287.5654296875
i02_8x16,ns3,0.672,287.5654296875
i02_8x16,ns3,0.673,287.5654296875
i02_8x16,ns3,0.674,287.5654296875
i02_8x16,ns3,0.675,287.5654296875
i02_8x16,ns3,0.676,287.5654296875
i02_8x16,ns3,0.677,287.5654296875
i02_8x16,ns3,0.678,287.5654296875
i02_8x16,ns3,0.679,287.5654296875
i02_8x16,ns3,0.68,287.5654296875
i02_8x16,ns3,0.681,287.56781005859375
i02_8x16,ns3,0.682,290.0654296875
i02_8x16,ns3,0.683,290.0654296875
i02_8x16,ns3,0.684,290.0654296875
i02_8x16,ns3,0.685,290.0654296875
i02_8x16,ns3,0.686,290.0654296875
i02_8x16,ns3,0.687,290.0654296875
i02_8x16,ns3,0.688,290.0654296875
i02_8x16,ns3,0.689,290.0654296875
i02_8x16,ns3,0.69,290.0654296875
i02_8x16,ns3,0.691,290.0654296875
i02_8x16,ns3,0.692,290.06707763671875
i02_8x16,ns3,0.693,292.5654296875
i02_8x16,ns3,0.694,292.5654296875
i02_8x16,ns3,0.695,292.5654296875
i02_8x16,ns3,0.696,292.5654296875
i02_8x16,ns3,0.697,292.5654296875
i02_8x16,ns3,0.698,292.5654296875
i02_8x16,ns3,0.699,292.5654296875
i02_8x16,ns3,0.7,292.5654296875
i02_8x16,ns3,0.701,292.5654296875
i02_8x16,ns3,0.702,292.5660095214844
i02_8x16,ns3,0.703,295.0654296875
i02_8x16,ns3,0.704,295.0654296875
i02_8x16,ns3,0.705,295.0654296875
i02_8x16,ns3,0.706,295.0654296875
i02_8x16,ns3,0.707,295.0654296875
i02_8x16,ns3,0.708,295.0654296875
i02_8x16,ns3,0.709,295.0654296875
i02_8x16,ns3,0.71,295.0654296875
i02_8x16,ns3,0.711,295.0654296875
i02_8x16,ns3,0.712,295.0654296875
i02_8x16,ns3,0.713,295.06597900390625
i02_8x16,ns3,0.714,297.5654296875
i02_8x16,ns3,0.715,297.5654296875
i02_8x16,ns3,0.716,297.5654296875
i02_8x16,ns3,0.717,297.5654296875
i02_8x16,ns3,0.718,297.5654296875
i02_8x16,ns3,0.719,297.5654296875
i02_8x16,ns3,0.72,297.5654296875
i02_8x16,ns3,0.721,297.5654296875
i02_8x16,ns3,0.722,297.5654296875
i02_8x16,ns3,0.723,297.5660095214844
i02_8x16,ns3,0.724,300.0654296875
i02_8x16,ns3,0.725,300.0654296875
i02_8x16,ns3,0.726,300.0654296875
i02_8x16,ns3,0.727,300.0654296875
i02_8x16,ns3,0.728,300.0654296875
i02_8x16,ns3,0.729,300.0654296875
i02_8x16,ns3,0.73,300.0654296875
i02_8x16,ns3,0.731,300.0654296875
i02_8x16,ns3,0.732,300.0654296875
i02_8x16,ns3,0.733,300.06597900390625
i02_8x16,ns3,0.734,302.5654296875
i02_8x16,ns3,0.735,302.5654296875
i02_8x16,ns3,0.736,302.5654296875
i02_8x16,ns3,0.737,302.5654296875
i02_8x16,ns3,0.738,302.5654296875
i02_8x16,ns3,0.739,302.5654296875
i02_8x16,ns3,0.74,302.5654296875
i02_8x16,ns3,0.741,302.5654296875
i02_8x16,ns3,0.742,302.5665283203125
i02_8x16,ns3,0.743,305.0654602050781
i02_8x16,ns3,0.744,305.0654602050781
i02_8x16,ns3,0.745,305.0654602050781
i02_8x16,ns3,0.746,307.5654296875
i02_8x16,ns3,0.747,307.5654296875
i02_8x16,ns3,0.748,307.5654296875
i02_8x16,ns3,0.749,307.5654296875
i02_8x16,ns3,0.75,307.5654296875
i02_8x16,ns3,0.751,307.5654296875
i02_8x16,ns3,0.752,307.5654296875
i02_8x16,ns3,0.753,307.5654296875
i02_8x16,ns3,0.754,310.0654602050781
i02_8x16,ns3,0.755,310.0654602050781
i02_8x16,ns3,0.756,310.0654602050781
i02_8x16,ns3,0.757,310.0654602050781
i02_8x16,ns3,0.758,312.5654296875
i02_8x16,ns3,0.759,312.5654296875
i02_8x16,ns3,0.76,312.5654296875
i02_8x16,ns3,0.761,312.5654296875
i02_8x16,ns3,0.762,315.0654296875
i02_8x16,ns3,0.763,315.0654296875
i02_8x16,ns3,0.764,315.0654296875
i02_8x16,ns3,0.765,315.0654296875
i02_8x16,ns3,0.766,317.5654296875
i02_8x16,ns3,0.767,317.5654296875
i02_8x16,ns3,0.768,317.5654296875
i02_8x16,ns3,0.769,317.5654296875
i02_8x16,ns3,0.77,320.0654296875
i02_8x16,ns3,0.771,320.0654296875
i02_8x16,ns3,0.772,320.0654296875
i02_8x16,ns3,0.773,320.0654296875
i02_8x16,ns3,0.774,320.06597900390625
i02_8x16,ns3,0.775,322.5654296875
i02_8x16,ns3,0.776,322.5654296875
i02_8x16,ns3,0.777,322.5654296875
i02_8x16,ns3,0.778,322.5654296875
i02_8x16,ns3,0.779,325.0654296875
i02_8x16,ns3,0.78,325.0654296875
i02_8x16,ns3,0.781,325.0654296875
i02_8x16,ns3,0.782,325.0654296875
i02_8x16,ns3,0.783,327.5654296875
i02_8x16,ns3,0.784,327.5654296875
i02_8x16,ns3,0.785,327.5654296875
i02_8x16,ns3,0.786,327.5654296875
i02_8x16,ns3,0.787,330.0654602050781
i02_8x16,ns3,0.788,330.0654602050781
i02_8x16,ns3,0.789,330.0654602050781
i02_8x16,ns3,0.79,330.0654602050781
i02_8x16,ns3,0.791,332.5654296875
i02_8x16,ns3,0.792,332.5654296875
i02_8x16,ns3,0.793,332.5654296875
i02_8x16,ns3,0.794,332.5654296875
i02_8x16,ns3,0.795,335.0654602050781
i02_8x16,ns3,0.796,335.0654602050781
i02_8x16,ns3,0.797,335.0654602050781
i02_8x16,ns3,0.798,335.0665283203125
i02_8x16,ns3,0.799,337.5654296875
i02_8x16,ns3,0.8,337.5654296875
i02_8x16,ns3,0.801,337.5654296875
i02_8x16,ns3,0.802,340.0654602050781
i02_8x16,ns3,0.803,340.0654602050781
i02_8x16,ns3,0.804,340.0654602050781
i02_8x16,ns3,0.805,340.0654602050781
i02_8x16,ns3,0.806,342.5654602050781
i02_8x16,ns3,0.807,342.5654602050781
i02_8x16,ns3,0.808,342.5654602050781
i02_8x16,ns3,0.809,342.5654602050781
i02_8x16,ns3,0.81,345.0654296875
i02_8x16,ns3,0.811,345.0654296875
i02_8x16,ns3,0.812,345.0654296875
i02_8x16,ns3,0.813,345.06597900390625
i02_8x16,ns3,0.814,347.5654296875
i02_8x16,ns3,0.815,347.5654296875
i02_8x16,ns3,0.816,347.5654296875
i02_8x16,ns3,0.817,347.56597900390625
i02_8x16,ns3,0.818,350.0654296875
i02_8x16,ns3,0.819,350.0654296875
i02_8x16,ns3,0.82,350.0654296875
i02_8x16,ns3,0.821,352.5654296875
i02_8x16,ns3,0.822,352.5654296875
i02_8x16,ns3,0.823,352.5654296875
i02_8x16,ns3,0.824,352.5654296875
i02_8x16,ns3,0.825,355.0654296875
i02_8x16,ns3,0.826,355.0654296875
i02_8x16,ns3,0.827,355.0654296875
i02_8x16,ns3,0.828,355.0660095214844
i02_8x16,ns3,0.829,357.5654296875
i02_8x16,ns3,0.83,357.5654296875
i02_8x16,ns3,0.831,357.5654296875
i02_8x16,ns3,0.832,357.56597900390625
i02_8x16,ns3,0.833,360.0654296875
i02_8x16,ns3,0.834,360.0654296875
i02_8x16,ns3,0.835,360.0654296875
i02_8x16,ns3,0.836,362.5654296875
i02_8x16,ns3,0.837,362.5654296875
i02_8x16,ns3,0.838,362.5654296875
i02_8x16,ns3,0.839,362.5654296875
i02_8x16,ns3,0.84,362.56597900390625
i02_8x16,ns3,0.841,365.0654296875
i02_8x16,ns3,0.842,365.0654296875
i02_8x16,ns3,0.843,365.0654296875
i02_8x16,ns3,0.844,365.0654296875
i02_8x16,ns3,0.845,367.5654602050781
i02_8x16,ns3,0.846,367.5654602050781
i02_8x16,ns3,0.847,367.5654602050781
i02_8x16,ns3,0.848,367.5654602050781
i02_8x16,ns3,0.849,370.0654296875
i02_8x16,ns3,0.85,370.0654296875
i02_8x16,ns3,0.851,370.0654296875
i02_8x16,ns3,0.852,370.0654296875
i02_8x16,ns3,0.853,372.5654602050781
i02_8x16,ns3,0.854,372.5654602050781
i02_8x16,ns3,0.855,372.5654602050781
i02_8x16,ns3,0.856,375.0654296875
i02_8x16,ns3,0.857,375.0654296875
i02_8x16,ns3,0.858,375.0654296875
i02_8x16,ns3,0.859,375.0654296875
i02_8x16,ns3,0.86,377.5654296875
i02_8x16,ns3,0.861,377.5654296875
i02_8x16,ns3,0.862,377.5654296875
i02_8x16,ns3,0.863,377.56597900390625
i02_8x16,ns3,0.864,380.0654296875
i02_8x16,ns3,0.865,380.0654296875
i02_8x16,ns3,0.866,380.0660095214844
i02_8x16,ns3,0.867,382.5654296875
i02_8x16,ns3,0.868,382.5654296875
i02_8x16,ns3,0.869,382.5654296875
i02_8x16,ns3,0.87,385.0654296875
i02_8x16,ns3,0.871,385.0654296875
i02_8x16,ns3,0.872,385.0654296875
i02_8x16,ns3,0.873,387.5654296875
i02_8x16,ns3,0.874,387.5654296875
i02_8x16,ns3,0.875,387.5654296875
i02_8x16,ns3,0.876,387.5660095214844
i02_8x16,ns3,0.877,390.0654296875
i02_8x16,ns3,0.878,390.0654296875
i02_8x16,ns3,0.879,392.5654602050781
i02_8x16,ns3,0.88,392.5654602050781
i02_8x16,ns3,0.881,392.5654602050781
i02_8x16,ns3,0.882,392.5654602050781
i02_8x16,ns3,0.883,395.0654296875
i02_8x16,ns3,0.884,395.0654296875
i02_8x16,ns3,0.885,397.5654602050781
i02_8x16,ns3,0.886,397.5654602050781
i02_8x16,ns3,0.887,397.5654602050781
i02_8x16,ns3,0.888,400.0654296875
i02_8x16,ns3,0.889,400.0654296875
i02_8x16,ns3,0.89,400.0654296875
i02_8x16,ns3,0.891,402.5654602050781
i02_8x16,ns3,0.892,402.5654602050781
i02_8x16,ns3,0.893,402.5660095214844
i02_8x16,ns3,0.894,405.0654602050781
i02_8x16,ns3,0.895,407.5654296875
i02_8x16,ns3,0.896,407.5654296875
i02_8x16,ns3,0.897,410.0653991699219
i02_8x16,ns3,0.898,410.0653991699219
i02_8x16,ns3,0.899,412.5654296875
i02_8x16,ns3,0.9,415.0654296875
i02_8x16,ns3,0.901,415.0654296875
i02_8x16,ns3,0.902,417.5654296875
i02_8x16,ns3,0.903,420.0654602050781
i02_8x16,ns3,0.904,422.5654296875
i02_8x16,ns3,0.905,422.5654296875
i02_8x16,ns3,0.906,425.0654296875
i02_8x16,ns3,0.907,427.5654296875
i02_8x16,ns3,0.908,427.5654296875
i02_8x16,ns3,0.909,430.0654602050781
i02_8x16,ns3,0.91,432.5654602050781
i02_8x16,ns3,0.911,435.0654296875
i02_8x16,ns3,0.912,435.0654296875
i02_8x16,ns3,0.913,437.5654296875
i02_8x16,ns3,0.914,440.0654296875
i02_8x16,ns3,0.915,442.5654296875
i02_8x16,ns3,0.916,445.0654602050781
i02_8x16,ns3,0.917,445.0654602050781
i02_8x16,ns3,0.918,447.5660095214844
i02_8x16,ns3,0.919,450.0654296875
i02_8x16,ns3,0.92,452.5654296875
i02_8x16,ns3,0.921,452.5665283203125
i02_8x16,ns3,0.922,455.0654602050781
i02_8x16,ns3,0.923,457.5654602050781
i02_8x16,ns3,0.924,457.5654602050781
i02_8x16,ns3,0.925,460.0654296875
i02_8x16,ns3,0.926,462.5654296875
i02_8x16,ns3,0.927,462.5654296875
i02_8x16,ns3,0.928,465.0654602050781
i02_8x16,ns3,0.929,465.0654602050781
i02_8x16,ns3,0.93,467.5654602050781
i02_8x16,ns3,0.931,467.56597900390625
i02_8x16,ns3,0.932,470.0654296875
i02_8x16,ns3,0.933,472.5653991699219
i02_8x16,ns3,0.934,472.5653991699219
i02_8x16,ns3,0.935,475.0654296875
i02_8x16,ns3,0.936,475.0654296875
i02_8x16,ns3,0.937,477.5654296875
i02_8x16,ns3,0.938,477.5654296875
i02_8x16,ns3,0.939,480.0654296875
i02_8x16,ns3,0.94,480.0654296875
i02_8x16,ns3,0.941,482.5654602050781
i02_8x16,ns3,0.942,482.5654602050781
i02_8x16,ns3,0.943,485.0654296875
i02_8x16,ns3,0.944,485.0654296875
i02_8x16,ns3,0.945,487.5654296875
i02_8x16,ns3,0.946,490.0654296875
i02_8x16,ns3,0.947,490.0654296875
i02_8x16,ns3,0.948,492.5654602050781
i02_8x16,ns3,0.949,492.5654602050781
i02_8x16,ns3,0.95,495.0654602050781
i02_8x16,ns3,0.951,497.5654296875
i02_8x16,ns3,0.952,500.0654602050781
i02_8x16,ns3,0.953,502.5654296875
i02_8x16,ns3,0.954,505.0654296875
i02_8x16,ns3,0.955,507.5665588378906
i02_8x16,ns3,0.956,512.5654296875
i02_8x16,ns3,0.957,520.0654907226562
i02_8x16,ns3,0.958,527.5654296875
i02_8x16,ns3,0.959,532.5654907226562
i02_8x16,ns3,0.96,540.0654907226562
i02_8x16,ns3,0.961,545.0654907226562
i02_8x16,ns3,0.962,550.0654296875
i02_8x16,ns3,0.963,552.5659790039062
i02_8x16,ns3,0.964,557.5665893554688
i02_8x16,ns3,0.965,562.5654296875
i02_8x16,ns3,0.966,567.5654296875
i02_8x16,ns3,0.967,570.0654296875
i02_8x16,ns3,0.968,575.0654296875
i02_8x16,ns3,0.969,577.5654296875
i02_8x16,ns3,0.97,580.0654296875
i02_8x16,ns3,0.971,585.0654296875
i02_8x16,ns3,0.972,587.5654296875
i02_8x16,ns3,0.973,592.5654907226562
i02_8x16,ns3,0.974,595.0654907226562
i02_8x16,ns3,0.975,600.0654296875
i02_8x16,ns3,0.976,607.5654907226562
i02_8x16,ns3,0.977,615.0654296875
i02_8x16,ns3,0.978,627.5654296875
i02_8x16,ns3,0.979,637.5654296875
i02_8x16,ns3,0.98,647.5654296875
i02_8x16,ns3,0.981,655.0654907226562
i02_8x16,ns3,0.982,665.0654907226562
i02_8x16,ns3,0.983,675.0654296875
i02_8x16,ns3,0.984,685.0654296875
i02_8x16,ns3,0.985,695.0654296875
i02_8x16,ns3,0.986,707.5654907226562
i02_8x16,ns3,0.987,730.0654907226562
i02_8x16,ns3,0.988,745.0654296875
i02_8x16,ns3,0.989,757.5654296875
i02_8x16,ns3,0.99,780.0654907226562
i02_8x16,ns3,0.991,807.5653686523438
i02_8x16,ns3,0.992,827.5654907226562
i02_8x16,ns3,0.993,850.0654296875
i02_8x16,ns3,0.994,870.0653686523438
i02_8x16,ns3,0.995,885.0654907226562
i02_8x16,ns3,0.996,910.0654907226562
i02_8x16,ns3,0.997,950.0654296875
i02_8x16,ns3,0.998,997.5654296875
i02_8x16,ns3,0.999,1105.0654296875
i02_8x16,ns3,1.0,1675.0654296875
r32_8x32,L0,0.0,159.19189453125
r32_8x32,L0,0.001,231.57501220703125
r32_8x32,L0,0.002,244.50225830078125
r32_8x32,L0,0.003,253.84368896484375
r32_8x32,L0,0.004,260.98480224609375
r32_8x32,L0,0.005,266.1750793457031
r32_8x32,L0,0.006,270.1416015625
r32_8x32,L0,0.007,273.5086364746094
r32_8x32,L0,0.008,276.5106201171875
r32_8x32,L0,0.009,280.23529052734375
r32_8x32,L0,0.01,282.70416259765625
r32_8x32,L0,0.011,285.02313232421875
r32_8x32,L0,0.012,287.43743896484375
r32_8x32,L0,0.013,289.7735595703125
r32_8x32,L0,0.014,292.3095703125
r32_8x32,L0,0.015,294.7336120605469
r32_8x32,L0,0.016,296.6178894042969
r32_8x32,L0,0.017,298.7579345703125
r32_8x32,L0,0.018,300.42877197265625
r32_8x32,L0,0.019,302.0233154296875
r32_8x32,L0,0.02,303.6041259765625
r32_8x32,L0,0.021,305.4764099121094
r32_8x32,L0,0.022,306.9794006347656
r32_8x32,L0,0.023,308.3038330078125
r32_8x32,L0,0.024,309.89532470703125
r32_8x32,L0,0.025,311.4807434082031
r32_8x32,L0,0.026,312.87908935546875
r32_8x32,L0,0.027,314.0625
r32_8x32,L0,0.028,315.338134765625
r32_8x32,L0,0.029,316.7854309082031
r32_8x32,L0,0.03,318.23577880859375
r32_8x32,L0,0.031,319.4671630859375
r32_8x32,L0,0.032,320.73822021484375
r32_8x32,L0,0.033,321.820068359375
r32_8x32,L0,0.034,322.9461669921875
r32_8x32,L0,0.035,324.078369140625
r32_8x32,L0,0.036,325.1922607421875
r32_8x32,L0,0.037,326.24053955078125
r32_8x32,L0,0.038,327.2911071777344
r32_8x32,L0,0.039,328.56256103515625
r32_8x32,L0,0.04,329.6200866699219
r32_8x32,L0,0.041,330.499267578125
r32_8x32,L0,0.042,331.549072265625
r32_8x32,L0,0.043,332.421875
r32_8x32,L0,0.044,333.3621826171875
r32_8x32,L0,0.045,334.2273864746094
r32_8x32,L0,0.046,335.03704833984375
r32_8x32,L0,0.047,335.9100646972656
r32_8x32,L0,0.048,337.0208740234375
r32_8x32,L0,0.049,337.86163330078125
r32_8x32,L0,0.05,338.6615905761719
r32_8x32,L0,0.051,339.3760681152344
r32_8x32,L0,0.052,340.2503967285156
r32_8x32,L0,0.053,341.27044677734375
r32_8x32,L0,0.054,342.13714599609375
r32_8x32,L0,0.055,342.9752197265625
r32_8x32,L0,0.056,343.6771240234375
r32_8x32,L0,0.057,344.6304626464844
r32_8x32,L0,0.058,345.35791015625
r32_8x32,L0,0.059,346.2158203125
r32_8x32,L0,0.06,346.9329833984375
r32_8x32,L0,0.061,347.7127380371094
r32_8x32,L0,0.062,348.45428466796875
r32_8x32,L0,0.063,349.1264343261719
r32_8x32,L0,0.064,349.9481506347656
r32_8x32,L0,0.065,350.63238525390625
r32_8x32,L0,0.066,351.0841369628906
r32_8x32,L0,0.067,351.73492431640625
r32_8x32,L0,0.068,352.520751953125
r32_8x32,L0,0.069,353.2593078613281
r32_8x32,L0,0.07,353.85284423828125
r32_8x32,L0,0.071,354.6909484863281
r32_8x32,L0,0.072,355.3070068359375
r32_8x32,L0,0.073,355.99444580078125
r32_8x32,L0,0.074,356.67877197265625
r32_8x32,L0,0.075,357.3387145996094
r32_8x32,L0,0.076,357.8094482421875
r32_8x32,L0,0.077,358.4320373535156
r32_8x32,L0,0.078,359.1896057128906
r32_8x32,L0,0.079,359.9273986816406
r32_8x32,L0,0.08,360.626220703125
r32_8x32,L0,0.081,361.3353576660156
r32_8x32,L0,0.082,361.8316650390625
r32_8x32,L0,0.083,362.3993225097656
r32_8x32,L0,0.084,363.12713623046875
r32_8x32,L0,0.085,363.8008117675781
r32_8x32,L0,0.086,364.33599853515625
r32_8x32,L0,0.087,364.788818359375
r32_8x32,L0,0.088,365.4327392578125
r32_8x32,L0,0.089,366.0919494628906
r32_8x32,L0,0.09,366.650390625
r32_8x32,L0,0.091,367.333984375
r32_8x32,L0,0.092,367.88787841796875
r32_8x32,L0,0.093,368.5394287109375
r32_8x32,L0,0.094,369.1978454589844
r32_8x32,L0,0.095,369.68231201171875
r32_8x32,L0,0.096,370.241943359375
r32_8x32,L0,0.097,370.79315185546875
r32_8x32,L0,0.098,371.41265869140625
r32_8x32,L0,0.099,371.9665832519531
r32_8x32,L0,0.1,372.53265380859375
r32_8x32,L0,0.101,372.99346923828125
r32_8x32,L0,0.102,373.6846923828125
r32_8x32,L0,0.103,374.3545837402344
r32_8x32,L0,0.104,375.0633239746094
r32_8x32,L0,0.105,375.5169677734375
r32_8x32,L0,0.106,376.1739807128906
r32_8x32,L0,0.107,376.79290771484375
r32_8x32,L0,0.108,377.3384094238281
r32_8x32,L0,0.109,377.874755859375
r32_8x32,L0,0.11,378.3744812011719
r32_8x32,L0,0.111,378.8421630859375
r32_8x32,L0,0.112,379.3853759765625
r32_8x32,L0,0.113,379.995361328125
r32_8x32,L0,0.114,380.5084228515625
r32_8x32,L0,0.115,381.048583984375
r32_8x32,L0,0.116,381.56890869140625
r32_8x32,L0,0.117,382.0404052734375
r32_8x32,L0,0.118,382.5927734375
r32_8x32,L0,0.119,383.12457275390625
r32_8x32,L0,0.12,383.6273193359375
r32_8x32,L0,0.121,384.0484619140625
r32_8x32,L0,0.122,384.6038818359375
r32_8x32,L0,0.123,385.0912170410156
r32_8x32,L0,0.124,385.58807373046875
r32_8x32,L0,0.125,386.138916015625
r32_8x32,L0,0.126,386.598876953125
r32_8x32,L0,0.127,387.152099609375
r32_8x32,L0,0.128,387.6190185546875
r32_8x32,L0,0.129,388.1256408691406
r32_8x32,L0,0.13,388.61541748046875
r32_8x32,L0,0.131,389.0899658203125
r32_8x32,L0,0.132,389.44171142578125
r32_8x32,L0,0.133,390.03753662109375
r32_8x32,L0,0.134,390.4815673828125
r32_8x32,L0,0.135,390.95001220703125
r32_8x32,L0,0.136,391.58477783203125
r32_8x32,L0,0.137,391.9861145019531
r32_8x32,L0,0.138,392.425537109375
r32_8x32,L0,0.139,392.8396301269531
r32_8x32,L0,0.14,393.27392578125
r32_8x32,L0,0.141,393.61572265625
r32_8x32,L0,0.142,394.0570983886719
r32_8x32,L0,0.143,394.52362060546875
r32_8x32,L0,0.144,395.052734375
r32_8x32,L0,0.145,395.43841552734375
r32_8x32,L0,0.146,395.7931823730469
r32_8x32,L0,0.147,396.24481201171875
r32_8x32,L0,0.148,396.75140380859375
r32_8x32,L0,0.149,397.2602844238281
r32_8x32,L0,0.15,397.808837890625
r32_8x32,L0,0.151,398.2330322265625
r32_8x32,L0,0.152,398.6968994140625
r32_8x32,L0,0.153,399.06463623046875
r32_8x32,L0,0.154,399.4975891113281
r32_8x32,L0,0.155,399.8291320800781
r32_8x32,L0,0.156,400.3028869628906
r32_8x32,L0,0.157,400.732421875
r32_8x32,L0,0.158,401.1100769042969
r32_8x32,L0,0.159,401.5289306640625
r32_8x32,L0,0.16,401.90582275390625
r32_8x32,L0,0.161,402.3490905761719
r32_8x32,L0,0.162,402.8076171875
r32_8x32,L0,0.163,403.3416748046875
r32_8x32,L0,0.164,403.81011962890625
r32_8x32,L0,0.165,404.2747497558594
r32_8x32,L0,0.166,404.6875
r32_8x32,L0,0.167,405.1177978515625
r32_8x32,L0,0.168,405.5023193359375
r32_8x32,L0,0.169,405.83648681640625
r32_8x32,L0,0.17,406.3217468261719
r32_8x32,L0,0.171,406.66961669921875
r32_8x32,L0,0.172,406.9801330566406
r32_8x32,L0,0.173,407.4607849121094
r32_8x32,L0,0.174,407.891845703125
r32_8x32,L0,0.175,408.32366943359375
r32_8x32,L0,0.176,408.63800048828125
r32_8x32,L0,0.177,409.09423828125
r32_8x32,L0,0.178,409.5791015625
r32_8x32,L0,0.179,409.8457336425781
r32_8x32,L0,0.18,410.198974609375
r32_8x32,L0,0.181,410.5690002441406
r32_8x32,L0,0.182,410.8917541503906
r32_8x32,L0,0.183,411.3517761230469
r32_8x32,L0,0.184,411.7584228515625
r32_8x32,L0,0.185,412.1757507324219
r32_8x32,L0,0.186,412.53509521484375
r32_8x32,L0,0.187,412.90283203125
r32_8x32,L0,0.188,413.2743835449219
r32_8x32,L0,0.189,413.7180480957031
r32_8x32,L0,0.19,414.0533447265625
r32_8x32,L0,0.191,414.4561767578125
r32_8x32,L0,0.192,414.8361511230469
r32_8x32,L0,0.193,415.23590087890625
r32_8x32,L0,0.194,415.582275390625
r32_8x32,L0,0.195,415.9653015136719
r32_8x32,L0,0.196,416.3254089355469
r32_8x32,L0,0.197,416.717529296875
r32_8x32,L0,0.198,417.12799072265625
r32_8x32,L0,0.199,417.53387451171875
r32_8x32,L0,0.2,418.0389404296875
r32_8x32,L0,0.201,418.4471130371094
r32_8x32,L0,0.202,418.8423156738281
r32_8x32,L0,0.203,419.2657470703125
r32_8x32,L0,0.204,419.5701904296875
r32_8x32,L0,0.205,419.9554748535156
r32_8x32,L0,0.206,420.3827209472656
r32_8x32,L0,0.207,420.7923889160156
r32_8x32,L0,0.208,421.25091552734375
r32_8x32,L0,0.209,421.62017822265625
r32_8x32,L0,0.21,421.905517578125
r32_8x32,L0,0.211,422.27935791015625
r32_8x32,L0,0.212,422.69744873046875
r32_8x32,L0,0.213,423.065185546875
r32_8x32,L0,0.214,423.45123291015625
r32_8x32,L0,0.215,423.8922424316406
r32_8x32,L0,0.216,424.3034362792969
r32_8x32,L0,0.217,424.7467346191406
r32_8x32,L0,0.218,425.1800537109375
r32_8x32,L0,0.219,425.518798828125
r32_8x32,L0,0.22,425.869384765625
r32_8x32,L0,0.221,426.2451171875
r32_8x32,L0,0.222,426.6639709472656
r32_8x32,L0,0.223,427.03399658203125
r32_8x32,L0,0.224,427.471923828125
r32_8x32,L0,0.225,427.8228759765625
r32_8x32,L0,0.226,428.3554382324219
r32_8x32,L0,0.227,428.68597412109375
r32_8x32,L0,0.228,429.1038513183594
r32_8x32,L0,0.229,429.5135498046875
r32_8x32,L0,0.23,429.861083984375
r32_8x32,L0,0.231,430.2825927734375
r32_8x32,L0,0.232,430.7136535644531
r32_8x32,L0,0.233,431.1020202636719
r32_8x32,L0,0.234,431.5010070800781
r32_8x32,L0,0.235,431.97784423828125
r32_8x32,L0,0.236,432.2998352050781
r32_8x32,L0,0.237,432.63818359375
r32_8x32,L0,0.238,433.0291748046875
r32_8x32,L0,0.239,433.39385986328125
r32_8x32,L0,0.24,433.7554931640625
r32_8x32,L0,0.241,434.1400146484375
r32_8x32,L0,0.242,434.62847900390625
r32_8x32,L0,0.243,434.979248046875
r32_8x32,L0,0.244,435.3485107421875
r32_8x32,L0,0.245,435.6689453125
r32_8x32,L0,0.246,436.00653076171875
r32_8x32,L0,0.247,436.374267578125
r32_8x32,L0,0.248,436.72332763671875
r32_8x32,L0,0.249,437.0682067871094
r32_8x32,L0,0.25,437.4420471191406
r32_8x32,L0,0.251,437.91046142578125
r32_8x32,L0,0.252,438.26983642578125
r32_8x32,L0,0.253,438.7192687988281
r32_8x32,L0,0.254,439.20745849609375
r32_8x32,L0,0.255,439.483642578125
r32_8x32,L0,0.256,439.77508544921875
r32_8x32,L0,0.257,440.1391906738281
r32_8x32,L0,0.258,440.49761962890625
r32_8x32,L0,0.259,440.8050537109375
r32_8x32,L0,0.26,441.1895751953125
r32_8x32,L0,0.261,441.4892272949219
r32_8x32,L0,0.262,441.90216064453125
r32_8x32,L0,0.263,442.2027893066406
r32_8x32,L0,0.264,442.5327453613281
r32_8x32,L0,0.265,442.8283996582031
r32_8x32,L0,0.266,443.2308349609375
r32_8x32,L0,0.267,443.56689453125
r32_8x32,L0,0.268,443.9125061035156
r32_8x32,L0,0.269,444.28863525390625
r32_8x32,L0,0.27,444.60986328125
r32_8x32,L0,0.271,444.8654479980469
r32_8x32,L0,0.272,445.184326171875
r32_8x32,L0,0.273,445.61920166015625
r32_8x32,L0,0.274,446.051025390625
r32_8x32,L0,0.275,446.45269775390625
r32_8x32,L0,0.276,446.78955078125
r32_8x32,L0,0.277,447.1435546875
r32_8x32,L0,0.278,447.5586242675781
r32_8x32,L0,0.279,447.86529541015625
r32_8x32,L0,0.28,448.193359375
r32_8x32,L0,0.281,448.47869873046875
r32_8x32,L0,0.282,448.83538818359375
r32_8x32,L0,0.283,449.1607971191406
r32_8x32,L0,0.284,449.5635986328125
r32_8x32,L0,0.285,449.9031066894531
r32_8x32,L0,0.286,450.19989013671875
r32_8x32,L0,0.287,450.4806823730469
r32_8x32,L0,0.288,450.87890625
r32_8x32,L0,0.289,451.21917724609375
r32_8x32,L0,0.29,451.4757080078125
r32_8x32,L0,0.291,451.788330078125
r32_8x32,L0,0.292,452.1667785644531
r32_8x32,L0,0.293,452.45001220703125
r32_8x32,L0,0.294,452.740478515625
r32_8x32,L0,0.295,453.04718017578125
r32_8x32,L0,0.296,453.363037109375
r32_8x32,L0,0.297,453.81317138671875
r32_8x32,L0,0.298,454.1427917480469
r32_8x32,L0,0.299,454.47998046875
r32_8x32,L0,0.3,454.8439025878906
r32_8x32,L0,0.301,455.27496337890625
r32_8x32,L0,0.302,455.65032958984375
r32_8x32,L0,0.303,456.0371398925781
r32_8x32,L0,0.304,456.3507080078125
r32_8x32,L0,0.305,456.6833801269531
r32_8x32,L0,0.306,457.0098876953125
r32_8x32,L0,0.307,457.3516845703125
r32_8x32,L0,0.308,457.73773193359375
r32_8x32,L0,0.309,458.1177062988281
r32_8x32,L0,0.31,458.4815979003906
r32_8x32,L0,0.311,458.90924072265625
r32_8x32,L0,0.312,459.2376708984375
r32_8x32,L0,0.313,459.5123291015625
r32_8x32,L0,0.314,459.8819885253906
r32_8x32,L0,0.315,460.321044921875
r32_8x32,L0,0.316,460.638427734375
r32_8x32,L0,0.317,461.0565185546875
r32_8x32,L0,0.318,461.3856506347656
r32_8x32,L0,0.319,461.70654296875
r32_8x32,L0,0.32,462.0315856933594
r32_8x32,L0,0.321,462.380615234375
r32_8x32,L0,0.322,462.6983642578125
r32_8x32,L0,0.323,463.0359802246094
r32_8x32,L0,0.324,463.3636474609375
r32_8x32,L0,0.325,463.7115478515625
r32_8x32,L0,0.326,464.03350830078125
r32_8x32,L0,0.327,464.36920166015625
r32_8x32,L0,0.328,464.68963623046875
r32_8x32,L0,0.329,465.0692138671875
r32_8x32,L0,0.33,465.3873291015625
r32_8x32,L0,0.331,465.8825988769531
r32_8x32,L0,0.332,466.23382568359375
r32_8x32,L0,0.333,466.552001953125
r32_8x32,L0,0.334,466.7900085449219
r32_8x32,L0,0.335,467.0898742675781
r32_8x32,L0,0.336,467.4156188964844
r32_8x32,L0,0.337,467.7460021972656
r32_8x32,L0,0.338,468.0908203125
r32_8x32,L0,0.339,468.5035705566406
r32_8x32,L0,0.34,468.780517578125
r32_8x32,L0,0.341,469.1261291503906
r32_8x32,L0,0.342,469.48699951171875
r32_8x32,L0,0.343,469.9516296386719
r32_8x32,L0,0.344,470.269775390625
r32_8x32,L0,0.345,470.6680603027344
r32_8x32,L0,0.346,471.0540771484375
r32_8x32,L0,0.347,471.3897705078125
r32_8x32,L0,0.348,471.6675109863281
r32_8x32,L0,0.349,471.9390869140625
r32_8x32,L0,0.35,472.29156494140625
r32_8x32,L0,0.351,472.6463317871094
r32_8x32,L0,0.352,472.99041748046875
r32_8x32,L0,0.353,473.3367919921875
r32_8x32,L0,0.354,473.66790771484375
r32_8x32,L0,0.355,474.0142822265625
r32_8x32,L0,0.356,474.3988342285156
r32_8x32,L0,0.357,474.7726745605469
r32_8x32,L0,0.358,475.18768310546875
r32_8x32,L0,0.359,475.5872802734375
r32_8x32,L0,0.36,475.9933776855469
r32_8x32,L0,0.361,476.3367004394531
r32_8x32,L0,0.362,476.739501953125
r32_8x32,L0,0.363,477.06756591796875
r32_8x32,L0,0.364,477.4129943847656
r32_8x32,L0,0.365,477.7130126953125
r32_8x32,L0,0.366,478.1158447265625
r32_8x32,L0,0.367,478.4141540527344
r32_8x32,L0,0.368,478.6868896484375
r32_8x32,L0,0.369,478.997802734375
r32_8x32,L0,0.37,479.290771484375
r32_8x32,L0,0.371,479.5806884765625
r32_8x32,L0,0.372,479.9606628417969
r32_8x32,L0,0.373,480.328369140625
r32_8x32,L0,0.374,480.743408203125
r32_8x32,L0,0.375,481.08599853515625
r32_8x32,L0,0.376,481.3805236816406
r32_8x32,L0,0.377,481.67877197265625
r32_8x32,L0,0.378,482.0533752441406
r32_8x32,L0,0.379,482.3822021484375
r32_8x32,L0,0.38,482.78912353515625
r32_8x32,L0,0.381,483.0780029296875
r32_8x32,L0,0.382,483.3980407714844
r32_8x32,L0,0.383,483.7524719238281
r32_8x32,L0,0.384,484.0301513671875
r32_8x32,L0,0.385,484.38720703125
r32_8x32,L0,0.386,484.7214050292969
r32_8x32,L0,0.387,485.11431884765625
r32_8x32,L0,0.388,485.49462890625
r32_8x32,L0,0.389,485.8810729980469
r32_8x32,L0,0.39,486.11297607421875
r32_8x32,L0,0.391,486.40289306640625
r32_8x32,L0,0.392,486.688232421875
r32_8x32,L0,0.393,487.038818359375
r32_8x32,L0,0.394,487.3306579589844
r32_8x32,L0,0.395,487.6587219238281
r32_8x32,L0,0.396,487.969970703125
r32_8x32,L0,0.397,488.3301086425781
r32_8x32,L0,0.398,488.5955810546875
r32_8x32,L0,0.399,488.9099426269531
r32_8x32,L0,0.4,489.19677734375
r32_8x32,L0,0.401,489.5660705566406
r32_8x32,L0,0.402,489.87689208984375
r32_8x32,L0,0.403,490.228271484375
r32_8x32,L0,0.404,490.5948486328125
r32_8x32,L0,0.405,490.87982177734375
r32_8x32,L0,0.406,491.3299560546875
r32_8x32,L0,0.407,491.729736328125
r32_8x32,L0,0.408,492.0685119628906
r32_8x32,L0,0.409,492.4018859863281
r32_8x32,L0,0.41,492.669677734375
r32_8x32,L0,0.411,493.03131103515625
r32_8x32,L0,0.412,493.49786376953125
r32_8x32,L0,0.413,493.77288818359375
r32_8x32,L0,0.414,494.04296875
r32_8x32,L0,0.415,494.40155029296875
r32_8x32,L0,0.416,494.720458984375
r32_8x32,L0,0.417,495.1263427734375
r32_8x32,L0,0.418,495.5322570800781
r32_8x32,L0,0.419,495.8257751464844
r32_8x32,L0,0.42,496.1875915527344
r32_8x32,L0,0.421,496.51947021484375
r32_8x32,L0,0.422,496.85821533203125
r32_8x32,L0,0.423,497.1900939941406
r32_8x32,L0,0.424,497.4901428222656
r32_8x32,L0,0.425,497.8118896484375
r32_8x32,L0,0.426,498.1208801269531
r32_8x32,L0,0.427,498.4130859375
r32_8x32,L0,0.428,498.71826171875
r32_8x32,L0,0.429,499.090576171875
r32_8x32,L0,0.43,499.42626953125
r32_8x32,L0,0.431,499.77874755859375
r32_8x32,L0,0.432,500.07861328125
r32_8x32,L0,0.433,500.40740966796875
r32_8x32,L0,0.434,500.69732666015625
r32_8x32,L0,0.435,501.03759765625
r32_8x32,L0,0.436,501.3519592285156
r32_8x32,L0,0.437,501.82647705078125
r32_8x32,L0,0.438,502.17132568359375
r32_8x32,L0,0.439,502.5039978027344
r32_8x32,L0,0.44,502.7832336425781
r32_8x32,L0,0.441,503.19671630859375
r32_8x32,L0,0.442,503.62091064453125
r32_8x32,L0,0.443,504.0954895019531
r32_8x32,L0,0.444,504.5227355957031
r32_8x32,L0,0.445,504.79583740234375
r32_8x32,L0,0.446,505.1727294921875
r32_8x32,L0,0.447,505.5023498535156
r32_8x32,L0,0.448,505.8807678222656
r32_8x32,L0,0.449,506.2347717285156
r32_8x32,L0,0.45,506.54296875
r32_8x32,L0,0.451,506.8420715332031
r32_8x32,L0,0.452,507.2235412597656
r32_8x32,L0,0.453,507.5363464355469
r32_8x32,L0,0.454,507.9200744628906
r32_8x32,L0,0.455,508.2550048828125
r32_8x32,L0,0.456,508.59527587890625
r32_8x32,L0,0.457,508.9759826660156
r32_8x32,L0,0.458,509.3597717285156
r32_8x32,L0,0.459,509.6679992675781
r32_8x32,L0,0.46,510.0364685058594
r32_8x32,L0,0.461,510.3424072265625
r32_8x32,L0,0.462,510.7483215332031
r32_8x32,L0,0.463,511.0359191894531
r32_8x32,L0,0.464,511.3769836425781
r32_8x32,L0,0.465,511.69281005859375
r32_8x32,L0,0.466,512.042236328125
r32_8x32,L0,0.467,512.3519897460938
r32_8x32,L0,0.468,512.7609252929688
r32_8x32,L0,0.469,513.1256103515625
r32_8x32,L0,0.47,513.4949340820312
r32_8x32,L0,0.471,513.884033203125
r32_8x32,L0,0.472,514.1525268554688
r32_8x32,L0,0.473,514.4073486328125
r32_8x32,L0,0.474,514.801025390625
r32_8x32,L0,0.475,515.1092529296875
r32_8x32,L0,0.476,515.374755859375
r32_8x32,L0,0.477,515.7343139648438
r32_8x32,L0,0.478,516.0751342773438
r32_8x32,L0,0.479,516.4077758789062
r32_8x32,L0,0.48,516.7278442382812
r32_8x32,L0,0.481,517.0745849609375
r32_8x32,L0,0.482,517.4698486328125
r32_8x32,L0,0.483,517.7536010742188
r32_8x32,L0,0.484,518.109130859375
r32_8x32,L0,0.485,518.3868408203125
r32_8x32,L0,0.486,518.7469482421875
r32_8x32,L0,0.487,519.133056640625
r32_8x32,L0,0.488,519.5541381835938
r32_8x32,L0,0.489,519.8890380859375
r32_8x32,L0,0.49,520.233154296875
r32_8x32,L0,0.491,520.6040649414062
r32_8x32,L0,0.492,520.9862060546875
r32_8x32,L0,0.493,521.4187622070312
r32_8x32,L0,0.494,521.7651977539062
r32_8x32,L0,0.495,522.0947265625
r32_8x32,L0,0.496,522.478515625
r32_8x32,L0,0.497,522.7737426757812
r32_8x32,L0,0.498,523.1353759765625
r32_8x32,L0,0.499,523.4352416992188
r32_8x32,L0,0.5,523.7621459960938
r32_8x32,L0,0.501,524.12109375
r32_8x32,L0,0.502,524.5155639648438
r32_8x32,L0,0.503,524.8443603515625
r32_8x32,L0,0.504,525.177001953125
r32_8x32,L0,0.505,525.6118774414062
r32_8x32,L0,0.506,525.9846801757812
r32_8x32,L0,0.507,526.3473510742188
r32_8x32,L0,0.508,526.6510009765625
r32_8x32,L0,0.509,527.0088500976562
r32_8x32,L0,0.51,527.3696899414062
r32_8x32,L0,0.511,527.7059326171875
r32_8x32,L0,0.512,528.0418701171875
r32_8x32,L0,0.513,528.4271240234375
r32_8x32,L0,0.514,528.7613525390625
r32_8x32,L0,0.515,529.1641235351562
r32_8x32,L0,0.516,529.6066284179688
r32_8x32,L0,0.517,529.966796875
r32_8x32,L0,0.518,530.3070068359375
r32_8x32,L0,0.519,530.621337890625
r32_8x32,L0,0.52,530.9815063476562
r32_8x32,L0,0.521,531.3507080078125
r32_8x32,L0,0.522,531.7153930664062
r32_8x32,L0,0.523,532.0907592773438
r32_8x32,L0,0.524,532.4432373046875
r32_8x32,L0,0.525,532.7947998046875
r32_8x32,L0,0.526,533.06787109375
r32_8x32,L0,0.527,533.43505859375
r32_8x32,L0,0.528,533.7493896484375
r32_8x32,L0,0.529,534.1583251953125
r32_8x32,L0,0.53,534.5368041992188
r32_8x32,L0,0.531,534.930419921875
r32_8x32,L0,0.532,535.24169921875
r32_8x32,L0,0.533,535.5545043945312
r32_8x32,L0,0.534,535.8948364257812
r32_8x32,L0,0.535,536.2763061523438
r32_8x32,L0,0.536,536.7088623046875
r32_8x32,L0,0.537,537.0613403320312
r32_8x32,L0,0.538,537.3397827148438
r32_8x32,L0,0.539,537.79833984375
r32_8x32,L0,0.54,538.1256103515625
r32_8x32,L0,0.541,538.534912109375
r32_8x32,L0,0.542,538.8885498046875
r32_8x32,L0,0.543,539.1738891601562
r32_8x32,L0,0.544,539.5767211914062
r32_8x32,L0,0.545,539.8926391601562
r32_8x32,L0,0.546,540.2900390625
r32_8x32,L0,0.547,540.5731201171875
r32_8x32,L0,0.548,540.972900390625
r32_8x32,L0,0.549,541.34521484375
r32_8x32,L0,0.55,541.7008056640625
r32_8x32,L0,0.551,542.0746459960938
r32_8x32,L0,0.552,542.3919677734375
r32_8x32,L0,0.553,542.657470703125
r32_8x32,L0,0.554,543.0618286132812
r32_8x32,L0,0.555,543.4044189453125
r32_8x32,L0,0.556,543.6714477539062
r32_8x32,L0,0.557,544.0525512695312
r32_8x32,L0,0.558,544.3679809570312
r32_8x32,L0,0.559,544.7452392578125
r32_8x32,L0,0.56,545.1416625976562
r32_8x32,L0,0.561,545.556640625
r32_8x32,L0,0.562,545.9365844726562
r32_8x32,L0,0.563,546.3112182617188
r32_8x32,L0,0.564,546.6732177734375
r32_8x32,L0,0.565,547.0855712890625
r32_8x32,L0,0.566,547.49755859375
r32_8x32,L0,0.567,547.8233642578125
r32_8x32,L0,0.568,548.1781616210938
r32_8x32,L0,0.569,548.516845703125
r32_8x32,L0,0.57,548.8876953125
r32_8x32,L0,0.571,549.2477416992188
r32_8x32,L0,0.572,549.597900390625
r32_8x32,L0,0.573,549.9691772460938
r32_8x32,L0,0.574,550.3692626953125
r32_8x32,L0,0.575,550.7568969726562
r32_8x32,L0,0.576,551.1978149414062
r32_8x32,L0,0.577,551.5877075195312
r32_8x32,L0,0.578,551.9912719726562
r32_8x32,L0,0.579,552.343017578125
r32_8x32,L0,0.58,552.7252807617188
r32_8x32,L0,0.581,553.1067504882812
r32_8x32,L0,0.582,553.5339965820312
r32_8x32,L0,0.583,553.8696899414062
r32_8x32,L0,0.584,554.180908203125
r32_8x32,L0,0.585,554.6272583007812
r32_8x32,L0,0.586,554.9942016601562
r32_8x32,L0,0.587,555.4054565429688
r32_8x32,L0,0.588,555.8120727539062
r32_8x32,L0,0.589,556.2195434570312
r32_8x32,L0,0.59,556.5948486328125
r32_8x32,L0,0.591,557.0144653320312
r32_8x32,L0,0.592,557.4310302734375
r32_8x32,L0,0.593,557.7850341796875
r32_8x32,L0,0.594,558.1985473632812
r32_8x32,L0,0.595,558.5906982421875
r32_8x32,L0,0.596,558.9432373046875
r32_8x32,L0,0.597,559.344482421875
r32_8x32,L0,0.598,559.814453125
r32_8x32,L0,0.599,560.1318359375
r32_8x32,L0,0.6,560.51025390625
r32_8x32,L0,0.601,560.886962890625
r32_8x32,L0,0.602,561.2823486328125
r32_8x32,L0,0.603,561.6168823242188
r32_8x32,L0,0.604,562.0346069335938
r32_8x32,L0,0.605,562.481689453125
r32_8x32,L0,0.606,562.8997802734375
r32_8x32,L0,0.607,563.3407592773438
r32_8x32,L0,0.608,563.7451171875
r32_8x32,L0,0.609,564.1876220703125
r32_8x32,L0,0.61,564.5508422851562
r32_8x32,L0,0.611,564.8659057617188
r32_8x32,L0,0.612,565.167236328125
r32_8x32,L0,0.613,565.5296630859375
r32_8x32,L0,0.614,565.91650390625
r32_8x32,L0,0.615,566.3467407226562
r32_8x32,L0,0.616,566.8350219726562
r32_8x32,L0,0.617,567.1539306640625
r32_8x32,L0,0.618,567.6422119140625
r32_8x32,L0,0.619,568.1114501953125
r32_8x32,L0,0.62,568.4723510742188
r32_8x32,L0,0.621,568.84765625
r32_8x32,L0,0.622,569.268798828125
r32_8x32,L0,0.623,569.7113037109375
r32_8x32,L0,0.624,570.15380859375
r32_8x32,L0,0.625,570.606201171875
r32_8x32,L0,0.626,570.941162109375
r32_8x32,L0,0.627,571.2982177734375
r32_8x32,L0,0.628,571.6659545898438
r32_8x32,L0,0.629,572.0367431640625
r32_8x32,L0,0.63,572.4464721679688
r32_8x32,L0,0.631,572.8729248046875
r32_8x32,L0,0.632,573.2818603515625
r32_8x32,L0,0.633,573.6083984375
r32_8x32,L0,0.634,573.9783935546875
r32_8x32,L0,0.635,574.3187255859375
r32_8x32,L0,0.636,574.8703002929688
r32_8x32,L0,0.637,575.1862182617188
r32_8x32,L0,0.638,575.529541015625
r32_8x32,L0,0.639,575.9788818359375
r32_8x32,L0,0.64,576.385498046875
r32_8x32,L0,0.641,576.7883911132812
r32_8x32,L0,0.642,577.2674560546875
r32_8x32,L0,0.643,577.6317749023438
r32_8x32,L0,0.644,578.0380249023438
r32_8x32,L0,0.645,578.411865234375
r32_8x32,L0,0.646,578.7826538085938
r32_8x32,L0,0.647,579.1656494140625
r32_8x32,L0,0.648,579.486083984375
r32_8x32,L0,0.649,579.925537109375
r32_8x32,L0,0.65,580.3329467773438
r32_8x32,L0,0.651,580.8578491210938
r32_8x32,L0,0.652,581.207275390625
r32_8x32,L0,0.653,581.6055297851562
r32_8x32,L0,0.654,582.09228515625
r32_8x32,L0,0.655,582.391357421875
r32_8x32,L0,0.656,582.9408569335938
r32_8x32,L0,0.657,583.3381958007812
r32_8x32,L0,0.658,583.80126953125
r32_8x32,L0,0.659,584.1377563476562
r32_8x32,L0,0.66,584.52685546875
r32_8x32,L0,0.661,584.991455078125
r32_8x32,L0,0.662,585.3652954101562
r32_8x32,L0,0.663,585.7498168945312
r32_8x32,L0,0.664,586.1732177734375
r32_8x32,L0,0.665,586.55322265625
r32_8x32,L0,0.666,586.9232177734375
r32_8x32,L0,0.667,587.359619140625
r32_8x32,L0,0.668,587.858642578125
r32_8x32,L0,0.669,588.226318359375
r32_8x32,L0,0.67,588.6680297851562
r32_8x32,L0,0.671,589.1082763671875
r32_8x32,L0,0.672,589.6591796875
r32_8x32,L0,0.673,590.14892578125
r32_8x32,L0,0.674,590.5060424804688
r32_8x32,L0,0.675,590.9828491210938
r32_8x32,L0,0.676,591.4016723632812
r32_8x32,L0,0.677,591.834228515625
r32_8x32,L0,0.678,592.2897338867188
r32_8x32,L0,0.679,592.7139282226562
r32_8x32,L0,0.68,593.109130859375
r32_8x32,L0,0.681,593.6203002929688
r32_8x32,L0,0.682,594.0391235351562
r32_8x32,L0,0.683,594.4076538085938
r32_8x32,L0,0.684,594.7845458984375
r32_8x32,L0,0.685,595.294189453125
r32_8x32,L0,0.686,595.7344360351562
r32_8x32,L0,0.687,596.1685180664062
r32_8x32,L0,0.688,596.5816650390625
r32_8x32,L0,0.689,597.0932006835938
r32_8x32,L0,0.69,597.5814819335938
r32_8x32,L0,0.691,597.9888916015625
r32_8x32,L0,0.692,598.4664916992188
r32_8x32,L0,0.693,598.9044189453125
r32_8x32,L0,0.694,599.3408813476562
r32_8x32,L0,0.695,599.7802734375
r32_8x32,L0,0.696,600.2914428710938
r32_8x32,L0,0.697,600.8159790039062
r32_8x32,L0,0.698,601.3676147460938
r32_8x32,L0,0.699,601.8204345703125
r32_8x32,L0,0.7,602.294921875
r32_8x32,L0,0.701,602.7741088867188
r32_8x32,L0,0.702,603.204345703125
r32_8x32,L0,0.703,603.6041259765625
r32_8x32,L0,0.704,604.0488891601562
r32_8x32,L0,0.705,604.69287109375
r32_8x32,L0,0.706,605.2398681640625
r32_8x32,L0,0.707,605.58935546875
r32_8x32,L0,0.708,606.1123046875
r32_8x32,L0,0.709,606.5651245117188
r32_8x32,L0,0.71,607.0053100585938
r32_8x32,L0,0.711,607.4967041015625
r32_8x32,L0,0.712,607.9452514648438
r32_8x32,L0,0.713,608.41064453125
r32_8x32,L0,0.714,608.8756713867188
r32_8x32,L0,0.715,609.487548828125
r32_8x32,L0,0.716,610.00439453125
r32_8x32,L0,0.717,610.504150390625
r32_8x32,L0,0.718,610.97412109375
r32_8x32,L0,0.719,611.3953247070312
r32_8x32,L0,0.72,611.9873046875
r32_8x32,L0,0.721,612.445068359375
r32_8x32,L0,0.722,612.9318237304688
r32_8x32,L0,0.723,613.4033203125
r32_8x32,L0,0.724,614.00146484375
r32_8x32,L0,0.725,614.531005859375
r32_8x32,L0,0.726,615.0070190429688
r32_8x32,L0,0.727,615.496826171875
r32_8x32,L0,0.728,615.9927368164062
r32_8x32,L0,0.729,616.5062255859375
r32_8x32,L0,0.73,616.9479370117188
r32_8x32,L0,0.731,617.474365234375
r32_8x32,L0,0.732,617.9038696289062
r32_8x32,L0,0.733,618.4112548828125
r32_8x32,L0,0.734,618.8568725585938
r32_8x32,L0,0.735,619.3328857421875
r32_8x32,L0,0.736,619.830322265625
r32_8x32,L0,0.737,620.3857421875
r32_8x32,L0,0.738,620.8405151367188
r32_8x32,L0,0.739,621.5072631835938
r32_8x32,L0,0.74,621.9955444335938
r32_8x32,L0,0.741,622.5189819335938
r32_8x32,L0,0.742,623.1098022460938
r32_8x32,L0,0.743,623.59619140625
r32_8x32,L0,0.744,624.0623779296875
r32_8x32,L0,0.745,624.615478515625
r32_8x32,L0,0.746,625.0824584960938
r32_8x32,L0,0.747,625.653076171875
r32_8x32,L0,0.748,626.0910034179688
r32_8x32,L0,0.749,626.5579223632812
r32_8x32,L0,0.75,627.0172119140625
r32_8x32,L0,0.751,627.557373046875
r32_8x32,L0,0.752,628.009033203125
r32_8x32,L0,0.753,628.5322265625
r32_8x32,L0,0.754,629.1259155273438
r32_8x32,L0,0.755,629.6392822265625
r32_8x32,L0,0.756,630.2100830078125
r32_8x32,L0,0.757,630.8121337890625
r32_8x32,L0,0.758,631.427001953125
r32_8x32,L0,0.759,632.0083618164062
r32_8x32,L0,0.76,632.6004028320312
r32_8x32,L0,0.761,633.2061767578125
r32_8x32,L0,0.762,633.7642822265625
r32_8x32,L0,0.763,634.368896484375
r32_8x32,L0,0.764,634.9685668945312
r32_8x32,L0,0.765,635.4644775390625
r32_8x32,L0,0.766,635.9403686523438
r32_8x32,L0,0.767,636.4410400390625
r32_8x32,L0,0.768,636.962890625
r32_8x32,L0,0.769,637.4573364257812
r32_8x32,L0,0.77,637.975341796875
r32_8x32,L0,0.771,638.5440673828125
r32_8x32,L0,0.772,639.0609741210938
r32_8x32,L0,0.773,639.70947265625
r32_8x32,L0,0.774,640.0971069335938
r32_8x32,L0,0.775,640.728759765625
r32_8x32,L0,0.776,641.3788452148438
r32_8x32,L0,0.777,641.9631958007812
r32_8x32,L0,0.778,642.486572265625
r32_8x32,L0,0.779,642.9916381835938
r32_8x32,L0,0.78,643.524169921875
r32_8x32,L0,0.781,644.0949096679688
r32_8x32,L0,0.782,644.7052612304688
r32_8x32,L0,0.783,645.2911376953125
r32_8x32,L0,0.784,645.842041015625
r32_8x32,L0,0.785,646.4759521484375
r32_8x32,L0,0.786,647.0428466796875
r32_8x32,L0,0.787,647.4609375
r32_8x32,L0,0.788,648.1048583984375
r32_8x32,L0,0.789,648.6434936523438
r32_8x32,L0,0.79,649.2431640625
r32_8x32,L0,0.791,649.8169555664062
r32_8x32,L0,0.792,650.3967895507812
r32_8x32,L0,0.793,650.9597778320312
r32_8x32,L0,0.794,651.5380859375
r32_8x32,L0,0.795,652.2796630859375
r32_8x32,L0,0.796,652.8091430664062
r32_8x32,L0,0.797,653.4133911132812
r32_8x32,L0,0.798,654.0939331054688
r32_8x32,L0,0.799,654.7611083984375
r32_8x32,L0,0.8,655.2955322265625
r32_8x32,L0,0.801,655.8616943359375
r32_8x32,L0,0.802,656.380126953125
r32_8x32,L0,0.803,657.1075439453125
r32_8x32,L0,0.804,657.8872680664062
r32_8x32,L0,0.805,658.4732055664062
r32_8x32,L0,0.806,659.14306640625
r32_8x32,L0,0.807,659.771728515625
r32_8x32,L0,0.808,660.504150390625
r32_8x32,L0,0.809,661.0932006835938
r32_8x32,L0,0.81,661.7366943359375
r32_8x32,L0,0.811,662.384033203125
r32_8x32,L0,0.812,663.006591796875
r32_8x32,L0,0.813,663.6795654296875
r32_8x32,L0,0.814,664.4081420898438
r32_8x32,L0,0.815,665.0474853515625
r32_8x32,L0,0.816,665.6524658203125
r32_8x32,L0,0.817,666.2918090820312
r32_8x32,L0,0.818,666.9647216796875
r32_8x32,L0,0.819,667.6673583984375
r32_8x32,L0,0.82,668.2953491210938
r32_8x32,L0,0.821,669.00634765625
r32_8x32,L0,0.822,669.6746826171875
r32_8x32,L0,0.823,670.3445434570312
r32_8x32,L0,0.824,671.075439453125
r32_8x32,L0,0.825,671.8330078125
r32_8x32,L0,0.826,672.452392578125
r32_8x32,L0,0.827,673.0682373046875
r32_8x32,L0,0.828,673.8510131835938
r32_8x32,L0,0.829,674.3011474609375
r32_8x32,L0,0.83,675.0255737304688
r32_8x32,L0,0.831,675.8071899414062
r32_8x32,L0,0.832,676.5198364257812
r32_8x32,L0,0.833,677.166748046875
r32_8x32,L0,0.834,677.6519775390625
r32_8x32,L0,0.835,678.3096313476562
r32_8x32,L0,0.836,678.997802734375
r32_8x32,L0,0.837,679.756591796875
r32_8x32,L0,0.838,680.6182861328125
r32_8x32,L0,0.839,681.3140869140625
r32_8x32,L0,0.84,682.0282592773438
r32_8x32,L0,0.841,682.8704833984375
r32_8x32,L0,0.842,683.7776489257812
r32_8x32,L0,0.843,684.4573974609375
r32_8x32,L0,0.844,685.4157104492188
r32_8x32,L0,0.845,686.1710205078125
r32_8x32,L0,0.846,686.8383178710938
r32_8x32,L0,0.847,687.615966796875
r32_8x32,L0,0.848,688.6429443359375
r32_8x32,L0,0.849,689.202880859375
r32_8x32,L0,0.85,689.9444580078125
r32_8x32,L0,0.851,690.7343139648438
r32_8x32,L0,0.852,691.4762573242188
r32_8x32,L0,0.853,692.4036254882812
r32_8x32,L0,0.854,693.1099243164062
r32_8x32,L0,0.855,693.9102172851562
r32_8x32,L0,0.856,694.775390625
r32_8x32,L0,0.857,695.5581665039062
r32_8x32,L0,0.858,696.392822265625
r32_8x32,L0,0.859,697.186279296875
r32_8x32,L0,0.86,697.838623046875
r32_8x32,L0,0.861,698.6587524414062
r32_8x32,L0,0.862,699.5635986328125
r32_8x32,L0,0.863,700.6592407226562
r32_8x32,L0,0.864,701.3466796875
r32_8x32,L0,0.865,702.1881103515625
r32_8x32,L0,0.866,703.1006469726562
r32_8x32,L0,0.867,704.0161743164062
r32_8x32,L0,0.868,704.94384765625
r32_8x32,L0,0.869,705.7134399414062
r32_8x32,L0,0.87,706.5491333007812
r32_8x32,L0,0.871,707.4710693359375
r32_8x32,L0,0.872,708.3694458007812
r32_8x32,L0,0.873,709.283447265625
r32_8x32,L0,0.874,710.1028442382812
r32_8x32,L0,0.875,710.9176635742188
r32_8x32,L0,0.876,711.7828979492188
r32_8x32,L0,0.877,712.7548217773438
r32_8x32,L0,0.878,713.6488037109375
r32_8x32,L0,0.879,714.6026611328125
r32_8x32,L0,0.88,715.7630615234375
r32_8x32,L0,0.881,717.0135498046875
r32_8x32,L0,0.882,717.9656982421875
r32_8x32,L0,0.883,719.2047119140625
r32_8x32,L0,0.884,720.23583984375
r32_8x32,L0,0.885,721.0945434570312
r32_8x32,L0,0.886,721.9452514648438
r32_8x32,L0,0.887,722.9629516601562
r32_8x32,L0,0.888,724.1455078125
r32_8x32,L0,0.889,725.1197509765625
r32_8x32,L0,0.89,726.4373779296875
r32_8x32,L0,0.891,727.630615234375
r32_8x32,L0,0.892,728.6456298828125
r32_8x32,L0,0.893,729.9561157226562
r32_8x32,L0,0.894,730.938720703125
r32_8x32,L0,0.895,731.9855346679688
r32_8x32,L0,0.896,733.1588745117188
r32_8x32,L0,0.897,734.2018432617188
r32_8x32,L0,0.898,735.3958740234375
r32_8x32,L0,0.899,736.4334716796875
r32_8x32,L0,0.9,737.8162841796875
r32_8x32,L0,0.901,738.9835815429688
r32_8x32,L0,0.902,740.24658203125
r32_8x32,L0,0.903,741.4825439453125
r32_8x32,L0,0.904,742.6910400390625
r32_8x32,L0,0.905,743.8140869140625
r32_8x32,L0,0.906,744.9371337890625
r32_8x32,L0,0.907,745.9320678710938
r32_8x32,L0,0.908,746.7437744140625
r32_8x32,L0,0.909,748.1956787109375
r32_8x32,L0,0.91,749.35302734375
r32_8x32,L0,0.911,750.5455322265625
r32_8x32,L0,0.912,751.910400390625
r32_8x32,L0,0.913,753.2615966796875
r32_8x32,L0,0.914,754.4403076171875
r32_8x32,L0,0.915,755.8364868164062
r32_8x32,L0,0.916,757.183837890625
r32_8x32,L0,0.917,758.2122802734375
r32_8x32,L0,0.918,759.4666137695312
r32_8x32,L0,0.919,760.662841796875
r32_8x32,L0,0.92,761.965576171875
r32_8x32,L0,0.921,763.4056396484375
r32_8x32,L0,0.922,765.13671875
r32_8x32,L0,0.923,766.5283203125
r32_8x32,L0,0.924,767.9275512695312
r32_8x32,L0,0.925,769.194091796875
r32_8x32,L0,0.926,770.3887939453125
r32_8x32,L0,0.927,771.8414916992188
r32_8x32,L0,0.928,773.4161376953125
r32_8x32,L0,0.929,775.0992431640625
r32_8x32,L0,0.93,776.35498046875
r32_8x32,L0,0.931,777.6474609375
r32_8x32,L0,0.932,779.6333618164062
r32_8x32,L0,0.933,780.9982299804688
r32_8x32,L0,0.934,782.1990966796875
r32_8x32,L0,0.935,783.7387084960938
r32_8x32,L0,0.936,785.1791381835938
r32_8x32,L0,0.937,786.9873046875
r32_8x32,L0,0.938,788.3544921875
r32_8x32,L0,0.939,790.2236938476562
r32_8x32,L0,0.94,791.7709350585938
r32_8x32,L0,0.941,793.4562377929688
r32_8x32,L0,0.942,795.4177856445312
r32_8x32,L0,0.943,797.5654296875
r32_8x32,L0,0.944,799.188232421875
r32_8x32,L0,0.945,800.74462890625
r32_8x32,L0,0.946,802.7297973632812
r32_8x32,L0,0.947,804.5501708984375
r32_8x32,L0,0.948,806.634521484375
r32_8x32,L0,0.949,808.8714599609375
r32_8x32,L0,0.95,811.1419677734375
r32_8x32,L0,0.951,813.494873046875
r32_8x32,L0,0.952,816.02783203125
r32_8x32,L0,0.953,817.7131958007812
r32_8x32,L0,0.954,820.6469116210938
r32_8x32,L0,0.955,822.869873046875
r32_8x32,L0,0.956,825.0794067382812
r32_8x32,L0,0.957,827.3345947265625
r32_8x32,L0,0.958,829.96826171875
r32_8x32,L0,0.959,832.4676513671875
r32_8x32,L0,0.96,834.820556640625
r32_8x32,L0,0.961,837.4725341796875
r32_8x32,L0,0.962,839.96435546875
r32_8x32,L0,0.963,843.008056640625
r32_8x32,L0,0.964,845.5980224609375
r32_8x32,L0,0.965,848.480224609375
r32_8x32,L0,0.966,851.7742309570312
r32_8x32,L0,0.967,855.0308227539062
r32_8x32,L0,0.968,858.6395263671875
r32_8x32,L0,0.969,861.8302001953125
r32_8x32,L0,0.97,865.618896484375
r32_8x32,L0,0.971,869.5831298828125
r32_8x32,L0,0.972,872.723388671875
r32_8x32,L0,0.973,877.5829467773438
r32_8x32,L0,0.974,881.1484985351562
r32_8x32,L0,0.975,884.3074951171875
r32_8x32,L0,0.976,889.8880004882812
r32_8x32,L0,0.977,893.7279052734375
r32_8x32,L0,0.978,898.3383178710938
r32_8x32,L0,0.979,902.3567504882812
r32_8x32,L0,0.98,906.4376831054688
r32_8x32,L0,0.981,911.175537109375
r32_8x32,L0,0.982,917.0486450195312
r32_8x32,L0,0.983,922.7096557617188
r32_8x32,L0,0.984,928.8719482421875
r32_8x32,L0,0.985,935.8062744140625
r32_8x32,L0,0.986,943.3601684570312
r32_8x32,L0,0.987,950.7507934570312
r32_8x32,L0,0.988,960.3042602539062
r32_8x32,L0,0.989,969.873046875
r32_8x32,L0,0.99,979.7454833984375
r32_8x32,L0,0.991,990.3060913085938
r32_8x32,L0,0.992,1001.007080078125
r32_8x32,L0,0.993,1012.1353759765625
r32_8x32,L0,0.994,1030.60302734375
r32_8x32,L0,0.995,1047.4761962890625
r32_8x32,L0,0.996,1065.7379150390625
r32_8x32,L0,0.997,1092.987060546875
r32_8x32,L0,0.998,1134.9639892578125
r32_8x32,L0,0.999,1206.9901123046875
r32_8x32,L0,1.0,1814.7080078125
r32_8x32,L0-emp,0.0,187.5
r32_8x32,L0-emp,0.001,385.0006103515625
r32_8x32,L0-emp,0.002,395.00006103515625
r32_8x32,L0-emp,0.003,402.4994201660156
r32_8x32,L0-emp,0.004,407.5
r32_8x32,L0-emp,0.005,412.5
r32_8x32,L0-emp,0.006,417.49993896484375
r32_8x32,L0-emp,0.007,420.00006103515625
r32_8x32,L0-emp,0.008,425.0
r32_8x32,L0-emp,0.009,427.5001525878906
r32_8x32,L0-emp,0.01,432.49969482421875
r32_8x32,L0-emp,0.011,435.0006408691406
r32_8x32,L0-emp,0.012,437.5
r32_8x32,L0-emp,0.013,439.9993896484375
r32_8x32,L0-emp,0.014,442.49993896484375
r32_8x32,L0-emp,0.015,442.5003356933594
r32_8x32,L0-emp,0.016,444.99969482421875
r32_8x32,L0-emp,0.017,445.0000915527344
r32_8x32,L0-emp,0.018,447.4998474121094
r32_8x32,L0-emp,0.019,447.5006103515625
r32_8x32,L0-emp,0.02,450.0000305175781
r32_8x32,L0-emp,0.021,450.0000305175781
r32_8x32,L0-emp,0.022,450.0000305175781
r32_8x32,L0-emp,0.023,452.4993896484375
r32_8x32,L0-emp,0.024,452.4999694824219
r32_8x32,L0-emp,0.025,452.5001525878906
r32_8x32,L0-emp,0.026,454.99993896484375
r32_8x32,L0-emp,0.027,455.00030517578125
r32_8x32,L0-emp,0.028,455.00030517578125
r32_8x32,L0-emp,0.029,455.00030517578125
r32_8x32,L0-emp,0.03,457.4997253417969
r32_8x32,L0-emp,0.031,457.4997253417969
r32_8x32,L0-emp,0.032,457.4999694824219
r32_8x32,L0-emp,0.033,457.501220703125
r32_8x32,L0-emp,0.034,459.9998474121094
r32_8x32,L0-emp,0.035,460.0006103515625
r32_8x32,L0-emp,0.036,460.0006103515625
r32_8x32,L0-emp,0.037,460.0006103515625
r32_8x32,L0-emp,0.038,462.5
r32_8x32,L0-emp,0.039,462.5
r32_8x32,L0-emp,0.04,462.5
r32_8x32,L0-emp,0.041,462.5
r32_8x32,L0-emp,0.042,462.5
r32_8x32,L0-emp,0.043,462.5
r32_8x32,L0-emp,0.044,462.5
r32_8x32,L0-emp,0.045,464.9994201660156
r32_8x32,L0-emp,0.046,464.9994201660156
r32_8x32,L0-emp,0.047,464.9994201660156
r32_8x32,L0-emp,0.048,464.9994201660156
r32_8x32,L0-emp,0.049,464.9994201660156
r32_8x32,L0-emp,0.05,465.0
r32_8x32,L0-emp,0.051,465.0001525878906
r32_8x32,L0-emp,0.052,465.0001525878906
r32_8x32,L0-emp,0.053,467.498779296875
r32_8x32,L0-emp,0.054,467.498779296875
r32_8x32,L0-emp,0.055,467.49993896484375
r32_8x32,L0-emp,0.056,467.5000305175781
r32_8x32,L0-emp,0.057,467.50030517578125
r32_8x32,L0-emp,0.058,467.50030517578125
r32_8x32,L0-emp,0.059,467.50030517578125
r32_8x32,L0-emp,0.06,467.50030517578125
r32_8x32,L0-emp,0.061,467.50030517578125
r32_8x32,L0-emp,0.062,467.50030517578125
r32_8x32,L0-emp,0.063,469.99969482421875
r32_8x32,L0-emp,0.064,469.99969482421875
r32_8x32,L0-emp,0.065,469.99969482421875
r32_8x32,L0-emp,0.066,469.99969482421875
r32_8x32,L0-emp,0.067,469.99969482421875
r32_8x32,L0-emp,0.068,469.99969482421875
r32_8x32,L0-emp,0.069,469.99969482421875
r32_8x32,L0-emp,0.07,469.99969482421875
r32_8x32,L0-emp,0.071,470.0000915527344
r32_8x32,L0-emp,0.072,470.0000915527344
r32_8x32,L0-emp,0.073,470.001220703125
r32_8x32,L0-emp,0.074,470.001220703125
r32_8x32,L0-emp,0.075,472.4998474121094
r32_8x32,L0-emp,0.076,472.4998474121094
r32_8x32,L0-emp,0.077,472.4998474121094
r32_8x32,L0-emp,0.078,472.4998474121094
r32_8x32,L0-emp,0.079,472.50006103515625
r32_8x32,L0-emp,0.08,472.5006103515625
r32_8x32,L0-emp,0.081,472.5006103515625
r32_8x32,L0-emp,0.082,472.5006103515625
r32_8x32,L0-emp,0.083,472.5006103515625
r32_8x32,L0-emp,0.084,472.5006103515625
r32_8x32,L0-emp,0.085,472.5006103515625
r32_8x32,L0-emp,0.086,475.0
r32_8x32,L0-emp,0.087,475.0
r32_8x32,L0-emp,0.088,475.0
r32_8x32,L0-emp,0.089,475.0
r32_8x32,L0-emp,0.09,475.0
r32_8x32,L0-emp,0.091,475.0
r32_8x32,L0-emp,0.092,475.0
r32_8x32,L0-emp,0.093,475.0
r32_8x32,L0-emp,0.094,475.0
r32_8x32,L0-emp,0.095,475.0
r32_8x32,L0-emp,0.096,475.0
r32_8x32,L0-emp,0.097,475.0
r32_8x32,L0-emp,0.098,475.0
r32_8x32,L0-emp,0.099,475.0
r32_8x32,L0-emp,0.1,475.0
r32_8x32,L0-emp,0.101,477.4993896484375
r32_8x32,L0-emp,0.102,477.4993896484375
r32_8x32,L0-emp,0.103,477.4993896484375
r32_8x32,L0-emp,0.104,477.4993896484375
r32_8x32,L0-emp,0.105,477.4993896484375
r32_8x32,L0-emp,0.106,477.4993896484375
r32_8x32,L0-emp,0.107,477.4993896484375
r32_8x32,L0-emp,0.108,477.4993896484375
r32_8x32,L0-emp,0.109,477.4993896484375
r32_8x32,L0-emp,0.11,477.4999694824219
r32_8x32,L0-emp,0.111,477.50018310546875
r32_8x32,L0-emp,0.112,477.50018310546875
r32_8x32,L0-emp,0.113,477.50018310546875
r32_8x32,L0-emp,0.114,477.50018310546875
r32_8x32,L0-emp,0.115,477.50018310546875
r32_8x32,L0-emp,0.116,477.50018310546875
r32_8x32,L0-emp,0.117,479.9988098144531
r32_8x32,L0-emp,0.118,479.9988098144531
r32_8x32,L0-emp,0.119,479.99993896484375
r32_8x32,L0-emp,0.12,479.99993896484375
r32_8x32,L0-emp,0.121,479.99993896484375
r32_8x32,L0-emp,0.122,479.99993896484375
r32_8x32,L0-emp,0.123,480.0000305175781
r32_8x32,L0-emp,0.124,480.00030517578125
r32_8x32,L0-emp,0.125,480.00030517578125
r32_8x32,L0-emp,0.126,480.00030517578125
r32_8x32,L0-emp,0.127,480.00030517578125
r32_8x32,L0-emp,0.128,480.00030517578125
r32_8x32,L0-emp,0.129,480.00030517578125
r32_8x32,L0-emp,0.13,480.00030517578125
r32_8x32,L0-emp,0.131,480.00030517578125
r32_8x32,L0-emp,0.132,480.00030517578125
r32_8x32,L0-emp,0.133,480.00030517578125
r32_8x32,L0-emp,0.134,480.00030517578125
r32_8x32,L0-emp,0.135,482.49969482421875
r32_8x32,L0-emp,0.136,482.49969482421875
r32_8x32,L0-emp,0.137,482.49969482421875
r32_8x32,L0-emp,0.138,482.49969482421875
r32_8x32,L0-emp,0.139,482.49969482421875
r32_8x32,L0-emp,0.14,482.49969482421875
r32_8x32,L0-emp,0.141,482.49969482421875
r32_8x32,L0-emp,0.142,482.49969482421875
r32_8x32,L0-emp,0.143,482.49969482421875
r32_8x32,L0-emp,0.144,482.49969482421875
r32_8x32,L0-emp,0.145,482.49969482421875
r32_8x32,L0-emp,0.146,482.49969482421875
r32_8x32,L0-emp,0.147,482.49969482421875
r32_8x32,L0-emp,0.148,482.49969482421875
r32_8x32,L0-emp,0.149,482.5
r32_8x32,L0-emp,0.15,482.50006103515625
r32_8x32,L0-emp,0.151,482.50006103515625
r32_8x32,L0-emp,0.152,482.50006103515625
r32_8x32,L0-emp,0.153,482.5012512207031
r32_8x32,L0-emp,0.154,482.5012512207031
r32_8x32,L0-emp,0.155,482.5012512207031
r32_8x32,L0-emp,0.156,484.9998779296875
r32_8x32,L0-emp,0.157,484.9998779296875
r32_8x32,L0-emp,0.158,484.9998779296875
r32_8x32,L0-emp,0.159,484.9998779296875
r32_8x32,L0-emp,0.16,484.9998779296875
r32_8x32,L0-emp,0.161,484.9998779296875
r32_8x32,L0-emp,0.162,484.9998779296875
r32_8x32,L0-emp,0.163,484.9999694824219
r32_8x32,L0-emp,0.164,485.0000305175781
r32_8x32,L0-emp,0.165,485.0000305175781
r32_8x32,L0-emp,0.166,485.0006103515625
r32_8x32,L0-emp,0.167,485.0006103515625
r32_8x32,L0-emp,0.168,485.0006103515625
r32_8x32,L0-emp,0.169,485.0006103515625
r32_8x32,L0-emp,0.17,485.0006103515625
r32_8x32,L0-emp,0.171,485.0006103515625
r32_8x32,L0-emp,0.172,485.0006103515625
r32_8x32,L0-emp,0.173,485.0006103515625
r32_8x32,L0-emp,0.174,485.0006103515625
r32_8x32,L0-emp,0.175,485.0006103515625
r32_8x32,L0-emp,0.176,485.0006103515625
r32_8x32,L0-emp,0.177,485.0006103515625
r32_8x32,L0-emp,0.178,485.0006103515625
r32_8x32,L0-emp,0.179,485.0006103515625
r32_8x32,L0-emp,0.18,487.5
r32_8x32,L0-emp,0.181,487.5
r32_8x32,L0-emp,0.182,487.5
r32_8x32,L0-emp,0.183,487.5
r32_8x32,L0-emp,0.184,487.5
r32_8x32,L0-emp,0.185,487.5
r32_8x32,L0-emp,0.186,487.5
r32_8x32,L0-emp,0.187,487.5
r32_8x32,L0-emp,0.188,487.5
r32_8x32,L0-emp,0.189,487.5
r32_8x32,L0-emp,0.19,487.5
r32_8x32,L0-emp,0.191,487.5
r32_8x32,L0-emp,0.192,487.5
r32_8x32,L0-emp,0.193,487.5
r32_8x32,L0-emp,0.194,487.5
r32_8x32,L0-emp,0.195,487.5
r32_8x32,L0-emp,0.196,487.5
r32_8x32,L0-emp,0.197,487.5
r32_8x32,L0-emp,0.198,487.5
r32_8x32,L0-emp,0.199,487.5
r32_8x32,L0-emp,0.2,487.5
r32_8x32,L0-emp,0.201,487.5
r32_8x32,L0-emp,0.202,487.5
r32_8x32,L0-emp,0.203,487.5
r32_8x32,L0-emp,0.204,489.9993896484375
r32_8x32,L0-emp,0.205,489.9993896484375
r32_8x32,L0-emp,0.206,489.9993896484375
r32_8x32,L0-emp,0.207,489.9993896484375
r32_8x32,L0-emp,0.208,489.9993896484375
r32_8x32,L0-emp,0.209,489.9993896484375
r32_8x32,L0-emp,0.21,489.9993896484375
r32_8x32,L0-emp,0.211,489.9993896484375
r32_8x32,L0-emp,0.212,489.9993896484375
r32_8x32,L0-emp,0.213,489.9993896484375
r32_8x32,L0-emp,0.214,489.9993896484375
r32_8x32,L0-emp,0.215,489.9993896484375
r32_8x32,L0-emp,0.216,489.9993896484375
r32_8x32,L0-emp,0.217,489.9993896484375
r32_8x32,L0-emp,0.218,489.9999694824219
r32_8x32,L0-emp,0.219,489.9999694824219
r32_8x32,L0-emp,0.22,490.0001525878906
r32_8x32,L0-emp,0.221,490.0001525878906
r32_8x32,L0-emp,0.222,490.0001525878906
r32_8x32,L0-emp,0.223,490.0001525878906
r32_8x32,L0-emp,0.224,490.0001525878906
r32_8x32,L0-emp,0.225,490.0001525878906
r32_8x32,L0-emp,0.226,490.0001525878906
r32_8x32,L0-emp,0.227,490.0001525878906
r32_8x32,L0-emp,0.228,492.498779296875
r32_8x32,L0-emp,0.229,492.498779296875
r32_8x32,L0-emp,0.23,492.498779296875
r32_8x32,L0-emp,0.231,492.498779296875
r32_8x32,L0-emp,0.232,492.4999084472656
r32_8x32,L0-emp,0.233,492.4999084472656
r32_8x32,L0-emp,0.234,492.4999084472656
r32_8x32,L0-emp,0.235,492.4999084472656
r32_8x32,L0-emp,0.236,492.5000305175781
r32_8x32,L0-emp,0.237,492.50030517578125
r32_8x32,L0-emp,0.238,492.50030517578125
r32_8x32,L0-emp,0.239,492.50030517578125
r32_8x32,L0-emp,0.24,492.50030517578125
r32_8x32,L0-emp,0.241,492.50030517578125
r32_8x32,L0-emp,0.242,492.50030517578125
r32_8x32,L0-emp,0.243,492.50030517578125
r32_8x32,L0-emp,0.244,492.50030517578125
r32_8x32,L0-emp,0.245,492.50030517578125
r32_8x32,L0-emp,0.246,492.50030517578125
r32_8x32,L0-emp,0.247,492.50030517578125
r32_8x32,L0-emp,0.248,492.50030517578125
r32_8x32,L0-emp,0.249,492.50030517578125
r32_8x32,L0-emp,0.25,492.50030517578125
r32_8x32,L0-emp,0.251,492.50030517578125
r32_8x32,L0-emp,0.252,492.50030517578125
r32_8x32,L0-emp,0.253,492.50030517578125
r32_8x32,L0-emp,0.254,494.99969482421875
r32_8x32,L0-emp,0.255,494.99969482421875
r32_8x32,L0-emp,0.256,494.99969482421875
r32_8x32,L0-emp,0.257,494.99969482421875
r32_8x32,L0-emp,0.258,494.99969482421875
r32_8x32,L0-emp,0.259,494.99969482421875
r32_8x32,L0-emp,0.26,494.99969482421875
r32_8x32,L0-emp,0.261,494.99969482421875
r32_8x32,L0-emp,0.262,494.99969482421875
r32_8x32,L0-emp,0.263,494.99969482421875
r32_8x32,L0-emp,0.264,494.99969482421875
r32_8x32,L0-emp,0.265,494.99969482421875
r32_8x32,L0-emp,0.266,494.99969482421875
r32_8x32,L0-emp,0.267,494.99969482421875
r32_8x32,L0-emp,0.268,494.99969482421875
r32_8x32,L0-emp,0.269,494.99969482421875
r32_8x32,L0-emp,0.27,494.9999694824219
r32_8x32,L0-emp,0.271,494.9999694824219
r32_8x32,L0-emp,0.272,495.0000915527344
r32_8x32,L0-emp,0.273,495.0000915527344
r32_8x32,L0-emp,0.274,495.0000915527344
r32_8x32,L0-emp,0.275,495.0000915527344
r32_8x32,L0-emp,0.276,495.001220703125
r32_8x32,L0-emp,0.277,495.001220703125
r32_8x32,L0-emp,0.278,495.001220703125
r32_8x32,L0-emp,0.279,495.001220703125
r32_8x32,L0-emp,0.28,497.4998474121094
r32_8x32,L0-emp,0.281,497.4998474121094
r32_8x32,L0-emp,0.282,497.4998474121094
r32_8x32,L0-emp,0.283,497.4998474121094
r32_8x32,L0-emp,0.284,497.4998474121094
r32_8x32,L0-emp,0.285,497.4998474121094
r32_8x32,L0-emp,0.286,497.4998474121094
r32_8x32,L0-emp,0.287,497.4998474121094
r32_8x32,L0-emp,0.288,497.4998474121094
r32_8x32,L0-emp,0.289,497.5000305175781
r32_8x32,L0-emp,0.29,497.5000305175781
r32_8x32,L0-emp,0.291,497.5000305175781
r32_8x32,L0-emp,0.292,497.5006408691406
r32_8x32,L0-emp,0.293,497.5006408691406
r32_8x32,L0-emp,0.294,497.5006408691406
r32_8x32,L0-emp,0.295,497.5006408691406
r32_8x32,L0-emp,0.296,497.5006408691406
r32_8x32,L0-emp,0.297,497.5006408691406
r32_8x32,L0-emp,0.298,497.5006408691406
r32_8x32,L0-emp,0.299,497.5006408691406
r32_8x32,L0-emp,0.3,497.5006408691406
r32_8x32,L0-emp,0.301,497.5006408691406
r32_8x32,L0-emp,0.302,497.5006408691406
r32_8x32,L0-emp,0.303,497.5006408691406
r32_8x32,L0-emp,0.304,497.5006408691406
r32_8x32,L0-emp,0.305,497.5006408691406
r32_8x32,L0-emp,0.306,497.5006408691406
r32_8x32,L0-emp,0.307,500.0
r32_8x32,L0-emp,0.308,500.0
r32_8x32,L0-emp,0.309,500.0
r32_8x32,L0-emp,0.31,500.0
r32_8x32,L0-emp,0.311,500.0
r32_8x32,L0-emp,0.312,500.0
r32_8x32,L0-emp,0.313,500.0
r32_8x32,L0-emp,0.314,500.0
r32_8x32,L0-emp,0.315,500.0
r32_8x32,L0-emp,0.316,500.0
r32_8x32,L0-emp,0.317,500.0
r32_8x32,L0-emp,0.318,500.0
r32_8x32,L0-emp,0.319,500.0
r32_8x32,L0-emp,0.32,500.0
r32_8x32,L0-emp,0.321,500.0
r32_8x32,L0-emp,0.322,500.0
r32_8x32,L0-emp,0.323,500.0
r32_8x32,L0-emp,0.324,500.0
r32_8x32,L0-emp,0.325,500.0
r32_8x32,L0-emp,0.326,500.0
r32_8x32,L0-emp,0.327,500.0
r32_8x32,L0-emp,0.328,500.0
r32_8x32,L0-emp,0.329,500.0
r32_8x32,L0-emp,0.33,500.0
r32_8x32,L0-emp,0.331,502.4993896484375
r32_8x32,L0-emp,0.332,502.4993896484375
r32_8x32,L0-emp,0.333,502.4993896484375
r32_8x32,L0-emp,0.334,502.4993896484375
r32_8x32,L0-emp,0.335,502.4993896484375
r32_8x32,L0-emp,0.336,502.4993896484375
r32_8x32,L0-emp,0.337,502.4993896484375
r32_8x32,L0-emp,0.338,502.4993896484375
r32_8x32,L0-emp,0.339,502.4993896484375
r32_8x32,L0-emp,0.34,502.4993896484375
r32_8x32,L0-emp,0.341,502.4993896484375
r32_8x32,L0-emp,0.342,502.4993896484375
r32_8x32,L0-emp,0.343,502.5
r32_8x32,L0-emp,0.344,502.5
r32_8x32,L0-emp,0.345,502.5
r32_8x32,L0-emp,0.346,502.50018310546875
r32_8x32,L0-emp,0.347,502.50018310546875
r32_8x32,L0-emp,0.348,502.50018310546875
r32_8x32,L0-emp,0.349,502.50018310546875
r32_8x32,L0-emp,0.35,502.50018310546875
r32_8x32,L0-emp,0.351,502.50018310546875
r32_8x32,L0-emp,0.352,504.9988098144531
r32_8x32,L0-emp,0.353,504.9988098144531
r32_8x32,L0-emp,0.354,504.9988098144531
r32_8x32,L0-emp,0.355,504.9988098144531
r32_8x32,L0-emp,0.356,504.99993896484375
r32_8x32,L0-emp,0.357,504.99993896484375
r32_8x32,L0-emp,0.358,505.0001220703125
r32_8x32,L0-emp,0.359,505.0001220703125
r32_8x32,L0-emp,0.36,505.00030517578125
r32_8x32,L0-emp,0.361,505.00030517578125
r32_8x32,L0-emp,0.362,505.00030517578125
r32_8x32,L0-emp,0.363,505.00030517578125
r32_8x32,L0-emp,0.364,505.00030517578125
r32_8x32,L0-emp,0.365,505.00030517578125
r32_8x32,L0-emp,0.366,505.00030517578125
r32_8x32,L0-emp,0.367,505.00030517578125
r32_8x32,L0-emp,0.368,505.00030517578125
r32_8x32,L0-emp,0.369,505.00030517578125
r32_8x32,L0-emp,0.37,505.00030517578125
r32_8x32,L0-emp,0.371,505.00030517578125
r32_8x32,L0-emp,0.372,505.00030517578125
r32_8x32,L0-emp,0.373,507.49969482421875
r32_8x32,L0-emp,0.374,507.49969482421875
r32_8x32,L0-emp,0.375,507.49969482421875
r32_8x32,L0-emp,0.376,507.49969482421875
r32_8x32,L0-emp,0.377,507.49969482421875
r32_8x32,L0-emp,0.378,507.49969482421875
r32_8x32,L0-emp,0.379,507.49969482421875
r32_8x32,L0-emp,0.38,507.49969482421875
r32_8x32,L0-emp,0.381,507.49969482421875
r32_8x32,L0-emp,0.382,507.49969482421875
r32_8x32,L0-emp,0.383,507.49969482421875
r32_8x32,L0-emp,0.384,507.49969482421875
r32_8x32,L0-emp,0.385,507.5
r32_8x32,L0-emp,0.386,507.5001220703125
r32_8x32,L0-emp,0.387,507.5001220703125
r32_8x32,L0-emp,0.388,507.5001220703125
r32_8x32,L0-emp,0.389,507.5001220703125
r32_8x32,L0-emp,0.39,507.5012512207031
r32_8x32,L0-emp,0.391,507.5012512207031
r32_8x32,L0-emp,0.392,507.5012512207031
r32_8x32,L0-emp,0.393,509.9998779296875
r32_8x32,L0-emp,0.394,509.9998779296875
r32_8x32,L0-emp,0.395,509.9998779296875
r32_8x32,L0-emp,0.396,509.9998779296875
r32_8x32,L0-emp,0.397,509.9998779296875
r32_8x32,L0-emp,0.398,509.9998779296875
r32_8x32,L0-emp,0.399,509.9998779296875
r32_8x32,L0-emp,0.4,510.0
r32_8x32,L0-emp,0.401,510.00006103515625
r32_8x32,L0-emp,0.402,510.0006408691406
r32_8x32,L0-emp,0.403,510.0006408691406
r32_8x32,L0-emp,0.404,510.0006408691406
r32_8x32,L0-emp,0.405,510.0006408691406
r32_8x32,L0-emp,0.406,510.0006408691406
r32_8x32,L0-emp,0.407,510.0006408691406
r32_8x32,L0-emp,0.408,510.0006408691406
r32_8x32,L0-emp,0.409,510.0006408691406
r32_8x32,L0-emp,0.41,510.0006408691406
r32_8x32,L0-emp,0.411,510.0006408691406
r32_8x32,L0-emp,0.412,510.0006408691406
r32_8x32,L0-emp,0.413,512.5
r32_8x32,L0-emp,0.414,512.5
r32_8x32,L0-emp,0.415,512.5
r32_8x32,L0-emp,0.416,512.5
r32_8x32,L0-emp,0.417,512.5
r32_8x32,L0-emp,0.418,512.5
r32_8x32,L0-emp,0.419,512.5
r32_8x32,L0-emp,0.42,512.5
r32_8x32,L0-emp,0.421,512.5
r32_8x32,L0-emp,0.422,512.5
r32_8x32,L0-emp,0.423,512.5
r32_8x32,L0-emp,0.424,512.5
r32_8x32,L0-emp,0.425,512.5
r32_8x32,L0-emp,0.426,512.5
r32_8x32,L0-emp,0.427,512.5
r32_8x32,L0-emp,0.428,512.5
r32_8x32,L0-emp,0.429,512.5
r32_8x32,L0-emp,0.43,512.5
r32_8x32,L0-emp,0.431,512.5
r32_8x32,L0-emp,0.432,512.5
r32_8x32,L0-emp,0.433,514.9993896484375
r32_8x32,L0-emp,0.434,514.9993896484375
r32_8x32,L0-emp,0.435,514.9993896484375
r32_8x32,L0-emp,0.436,514.9993896484375
r32_8x32,L0-emp,0.437,514.9993896484375
r32_8x32,L0-emp,0.438,514.9993896484375
r32_8x32,L0-emp,0.439,514.9993896484375
r32_8x32,L0-emp,0.44,514.9993896484375
r32_8x32,L0-emp,0.441,514.9993896484375
r32_8x32,L0-emp,0.442,514.9993896484375
r32_8x32,L0-emp,0.443,514.9993896484375
r32_8x32,L0-emp,0.444,515.0000610351562
r32_8x32,L0-emp,0.445,515.0001831054688
r32_8x32,L0-emp,0.446,515.0001831054688
r32_8x32,L0-emp,0.447,515.0001831054688
r32_8x32,L0-emp,0.448,515.0001831054688
r32_8x32,L0-emp,0.449,515.0001831054688
r32_8x32,L0-emp,0.45,515.0001831054688
r32_8x32,L0-emp,0.451,517.498779296875
r32_8x32,L0-emp,0.452,517.498779296875
r32_8x32,L0-emp,0.453,517.498779296875
r32_8x32,L0-emp,0.454,517.4999389648438
r32_8x32,L0-emp,0.455,517.4999389648438
r32_8x32,L0-emp,0.456,517.5001220703125
r32_8x32,L0-emp,0.457,517.5001220703125
r32_8x32,L0-emp,0.458,517.5003662109375
r32_8x32,L0-emp,0.459,517.5003662109375
r32_8x32,L0-emp,0.46,517.5003662109375
r32_8x32,L0-emp,0.461,517.5003662109375
r32_8x32,L0-emp,0.462,517.5003662109375
r32_8x32,L0-emp,0.463,517.5003662109375
r32_8x32,L0-emp,0.464,517.5003662109375
r32_8x32,L0-emp,0.465,517.5003662109375
r32_8x32,L0-emp,0.466,517.5003662109375
r32_8x32,L0-emp,0.467,517.5003662109375
r32_8x32,L0-emp,0.468,517.5003662109375
r32_8x32,L0-emp,0.469,519.9996948242188
r32_8x32,L0-emp,0.47,519.9996948242188
r32_8x32,L0-emp,0.471,519.9996948242188
r32_8x32,L0-emp,0.472,519.9996948242188
r32_8x32,L0-emp,0.473,519.9996948242188
r32_8x32,L0-emp,0.474,519.9996948242188
r32_8x32,L0-emp,0.475,519.9996948242188
r32_8x32,L0-emp,0.476,519.9996948242188
r32_8x32,L0-emp,0.477,519.9996948242188
r32_8x32,L0-emp,0.478,519.9996948242188
r32_8x32,L0-emp,0.479,520.0
r32_8x32,L0-emp,0.48,520.0001220703125
r32_8x32,L0-emp,0.481,520.0001220703125
r32_8x32,L0-emp,0.482,520.0001220703125
r32_8x32,L0-emp,0.483,520.001220703125
r32_8x32,L0-emp,0.484,520.001220703125
r32_8x32,L0-emp,0.485,522.4998779296875
r32_8x32,L0-emp,0.486,522.4998779296875
r32_8x32,L0-emp,0.487,522.4998779296875
r32_8x32,L0-emp,0.488,522.4998779296875
r32_8x32,L0-emp,0.489,522.4998779296875
r32_8x32,L0-emp,0.49,522.5000610351562
r32_8x32,L0-emp,0.491,522.5006103515625
r32_8x32,L0-emp,0.492,522.5006103515625
r32_8x32,L0-emp,0.493,522.5006103515625
r32_8x32,L0-emp,0.494,522.5006103515625
r32_8x32,L0-emp,0.495,522.5006103515625
r32_8x32,L0-emp,0.496,522.5006103515625
r32_8x32,L0-emp,0.497,522.5006103515625
r32_8x32,L0-emp,0.498,522.5006103515625
r32_8x32,L0-emp,0.499,525.0000610351562
r32_8x32,L0-emp,0.5,525.0000610351562
r32_8x32,L0-emp,0.501,525.0000610351562
r32_8x32,L0-emp,0.502,525.0000610351562
r32_8x32,L0-emp,0.503,525.0000610351562
r32_8x32,L0-emp,0.504,525.0000610351562
r32_8x32,L0-emp,0.505,525.0000610351562
r32_8x32,L0-emp,0.506,525.0000610351562
r32_8x32,L0-emp,0.507,525.0000610351562
r32_8x32,L0-emp,0.508,525.0000610351562
r32_8x32,L0-emp,0.509,525.0000610351562
r32_8x32,L0-emp,0.51,525.0000610351562
r32_8x32,L0-emp,0.511,525.0000610351562
r32_8x32,L0-emp,0.512,525.0000610351562
r32_8x32,L0-emp,0.513,525.0000610351562
r32_8x32,L0-emp,0.514,527.4993896484375
r32_8x32,L0-emp,0.515,527.4993896484375
r32_8x32,L0-emp,0.516,527.4993896484375
r32_8x32,L0-emp,0.517,527.4993896484375
r32_8x32,L0-emp,0.518,527.4993896484375
r32_8x32,L0-emp,0.519,527.4993896484375
r32_8x32,L0-emp,0.52,527.4993896484375
r32_8x32,L0-emp,0.521,527.4993896484375
r32_8x32,L0-emp,0.522,527.5001220703125
r32_8x32,L0-emp,0.523,527.5001220703125
r32_8x32,L0-emp,0.524,527.5001220703125
r32_8x32,L0-emp,0.525,527.5001220703125
r32_8x32,L0-emp,0.526,527.5001220703125
r32_8x32,L0-emp,0.527,527.5001220703125
r32_8x32,L0-emp,0.528,529.998779296875
r32_8x32,L0-emp,0.529,529.9999389648438
r32_8x32,L0-emp,0.53,529.9999389648438
r32_8x32,L0-emp,0.531,530.0001220703125
r32_8x32,L0-emp,0.532,530.0003051757812
r32_8x32,L0-emp,0.533,530.0003051757812
r32_8x32,L0-emp,0.534,530.0003051757812
r32_8x32,L0-emp,0.535,530.0003051757812
r32_8x32,L0-emp,0.536,530.0003051757812
r32_8x32,L0-emp,0.537,530.0003051757812
r32_8x32,L0-emp,0.538,530.0003051757812
r32_8x32,L0-emp,0.539,530.0003051757812
r32_8x32,L0-emp,0.54,532.499755859375
r32_8x32,L0-emp,0.541,532.499755859375
r32_8x32,L0-emp,0.542,532.499755859375
r32_8x32,L0-emp,0.543,532.499755859375
r32_8x32,L0-emp,0.544,532.499755859375
r32_8x32,L0-emp,0.545,532.499755859375
r32_8x32,L0-emp,0.546,532.499755859375
r32_8x32,L0-emp,0.547,532.4999389648438
r32_8x32,L0-emp,0.548,532.5000610351562
r32_8x32,L0-emp,0.549,532.5000610351562
r32_8x32,L0-emp,0.55,532.501220703125
r32_8x32,L0-emp,0.551,534.9998779296875
r32_8x32,L0-emp,0.552,534.9998779296875
r32_8x32,L0-emp,0.553,534.9998779296875
r32_8x32,L0-emp,0.554,534.9998779296875
r32_8x32,L0-emp,0.555,535.0
r32_8x32,L0-emp,0.556,535.0006103515625
r32_8x32,L0-emp,0.557,535.0006103515625
r32_8x32,L0-emp,0.558,535.0006103515625
r32_8x32,L0-emp,0.559,535.0006103515625
r32_8x32,L0-emp,0.56,535.0006103515625
r32_8x32,L0-emp,0.561,535.0006103515625
r32_8x32,L0-emp,0.562,537.5
r32_8x32,L0-emp,0.563,537.5
r32_8x32,L0-emp,0.564,537.5
r32_8x32,L0-emp,0.565,537.5
r32_8x32,L0-emp,0.566,537.5
r32_8x32,L0-emp,0.567,537.5
r32_8x32,L0-emp,0.568,537.5
r32_8x32,L0-emp,0.569,537.5
r32_8x32,L0-emp,0.57,537.5
r32_8x32,L0-emp,0.571,537.5
r32_8x32,L0-emp,0.572,537.5
r32_8x32,L0-emp,0.573,539.9994506835938
r32_8x32,L0-emp,0.574,539.9994506835938
r32_8x32,L0-emp,0.575,539.9994506835938
r32_8x32,L0-emp,0.576,539.9994506835938
r32_8x32,L0-emp,0.577,539.9994506835938
r32_8x32,L0-emp,0.578,539.9994506835938
r32_8x32,L0-emp,0.579,540.0001220703125
r32_8x32,L0-emp,0.58,540.0001220703125
r32_8x32,L0-emp,0.581,540.0001220703125
r32_8x32,L0-emp,0.582,542.498779296875
r32_8x32,L0-emp,0.583,542.498779296875
r32_8x32,L0-emp,0.584,542.4999389648438
r32_8x32,L0-emp,0.585,542.5003051757812
r32_8x32,L0-emp,0.586,542.5003051757812
r32_8x32,L0-emp,0.587,542.5003051757812
r32_8x32,L0-emp,0.588,542.5003051757812
r32_8x32,L0-emp,0.589,542.5003051757812
r32_8x32,L0-emp,0.59,544.9996948242188
r32_8x32,L0-emp,0.591,544.9996948242188
r32_8x32,L0-emp,0.592,544.9996948242188
r32_8x32,L0-emp,0.593,544.9996948242188
r32_8x32,L0-emp,0.594,544.9996948242188
r32_8x32,L0-emp,0.595,544.9996948242188
r32_8x32,L0-emp,0.596,545.0
r32_8x32,L0-emp,0.597,545.0000610351562
r32_8x32,L0-emp,0.598,545.001220703125
r32_8x32,L0-emp,0.599,547.4998168945312
r32_8x32,L0-emp,0.6,547.4998168945312
r32_8x32,L0-emp,0.601,547.4998168945312
r32_8x32,L0-emp,0.602,547.5000610351562
r32_8x32,L0-emp,0.603,547.5006103515625
r32_8x32,L0-emp,0.604,547.5006103515625
r32_8x32,L0-emp,0.605,547.5006103515625
r32_8x32,L0-emp,0.606,547.5006103515625
r32_8x32,L0-emp,0.607,547.5006103515625
r32_8x32,L0-emp,0.608,550.0
r32_8x32,L0-emp,0.609,550.0
r32_8x32,L0-emp,0.61,550.0
r32_8x32,L0-emp,0.611,550.0
r32_8x32,L0-emp,0.612,550.0
r32_8x32,L0-emp,0.613,550.0
r32_8x32,L0-emp,0.614,550.0
r32_8x32,L0-emp,0.615,550.0
r32_8x32,L0-emp,0.616,552.4993896484375
r32_8x32,L0-emp,0.617,552.4993896484375
r32_8x32,L0-emp,0.618,552.4993896484375
r32_8x32,L0-emp,0.619,552.4993896484375
r32_8x32,L0-emp,0.62,552.4999389648438
r32_8x32,L0-emp,0.621,552.5001831054688
r32_8x32,L0-emp,0.622,552.5001831054688
r32_8x32,L0-emp,0.623,552.5001831054688
r32_8x32,L0-emp,0.624,554.9988403320312
r32_8x32,L0-emp,0.625,554.9999389648438
r32_8x32,L0-emp,0.626,555.0003051757812
r32_8x32,L0-emp,0.627,555.0003051757812
r32_8x32,L0-emp,0.628,555.0003051757812
r32_8x32,L0-emp,0.629,555.0003051757812
r32_8x32,L0-emp,0.63,555.0003051757812
r32_8x32,L0-emp,0.631,557.4996948242188
r32_8x32,L0-emp,0.632,557.4996948242188
r32_8x32,L0-emp,0.633,557.4996948242188
r32_8x32,L0-emp,0.634,557.4996948242188
r32_8x32,L0-emp,0.635,557.4996948242188
r32_8x32,L0-emp,0.636,557.5000610351562
r32_8x32,L0-emp,0.637,557.5012817382812
r32_8x32,L0-emp,0.638,559.9998779296875
r32_8x32,L0-emp,0.639,559.9998779296875
r32_8x32,L0-emp,0.64,559.9998779296875
r32_8x32,L0-emp,0.641,560.0006103515625
r32_8x32,L0-emp,0.642,560.0006103515625
r32_8x32,L0-emp,0.643,560.0006103515625
r32_8x32,L0-emp,0.644,560.0006103515625
r32_8x32,L0-emp,0.645,562.5
r32_8x32,L0-emp,0.646,562.5
r32_8x32,L0-emp,0.647,562.5
r32_8x32,L0-emp,0.648,562.5
r32_8x32,L0-emp,0.649,562.5
r32_8x32,L0-emp,0.65,562.5
r32_8x32,L0-emp,0.651,564.9993896484375
r32_8x32,L0-emp,0.652,564.9993896484375
r32_8x32,L0-emp,0.653,564.9993896484375
r32_8x32,L0-emp,0.654,564.9993896484375
r32_8x32,L0-emp,0.655,565.0001831054688
r32_8x32,L0-emp,0.656,565.0001831054688
r32_8x32,L0-emp,0.657,567.498779296875
r32_8x32,L0-emp,0.658,567.4999389648438
r32_8x32,L0-emp,0.659,567.5003051757812
r32_8x32,L0-emp,0.66,567.5003051757812
r32_8x32,L0-emp,0.661,567.5003051757812
r32_8x32,L0-emp,0.662,567.5003051757812
r32_8x32,L0-emp,0.663,567.5003051757812
r32_8x32,L0-emp,0.664,569.9996948242188
r32_8x32,L0-emp,0.665,569.9996948242188
r32_8x32,L0-emp,0.666,569.9996948242188
r32_8x32,L0-emp,0.667,570.0001220703125
r32_8x32,L0-emp,0.668,572.4998779296875
r32_8x32,L0-emp,0.669,572.4998779296875
r32_8x32,L0-emp,0.67,572.5006713867188
r32_8x32,L0-emp,0.671,572.5006713867188
r32_8x32,L0-emp,0.672,572.5006713867188
r32_8x32,L0-emp,0.673,572.5006713867188
r32_8x32,L0-emp,0.674,575.0
r32_8x32,L0-emp,0.675,575.0
r32_8x32,L0-emp,0.676,575.0
r32_8x32,L0-emp,0.677,575.0
r32_8x32,L0-emp,0.678,577.4993896484375
r32_8x32,L0-emp,0.679,577.4993896484375
r32_8x32,L0-emp,0.68,577.4993896484375
r32_8x32,L0-emp,0.681,577.5001831054688
r32_8x32,L0-emp,0.682,577.5001831054688
r32_8x32,L0-emp,0.683,579.998779296875
r32_8x32,L0-emp,0.684,580.0003662109375
r32_8x32,L0-emp,0.685,580.0003662109375
r32_8x32,L0-emp,0.686,580.0003662109375
r32_8x32,L0-emp,0.687,580.0003662109375
r32_8x32,L0-emp,0.688,582.4996948242188
r32_8x32,L0-emp,0.689,582.4996948242188
r32_8x32,L0-emp,0.69,582.4996948242188
r32_8x32,L0-emp,0.691,582.5001220703125
r32_8x32,L0-emp,0.692,582.501220703125
r32_8x32,L0-emp,0.693,584.9998779296875
r32_8x32,L0-emp,0.694,585.0
r32_8x32,L0-emp,0.695,585.0006103515625
r32_8x32,L0-emp,0.696,585.0006103515625
r32_8x32,L0-emp,0.697,585.0006103515625
r32_8x32,L0-emp,0.698,587.5000610351562
r32_8x32,L0-emp,0.699,587.5000610351562
r32_8x32,L0-emp,0.7,587.5000610351562
r32_8x32,L0-emp,0.701,587.5000610351562
r32_8x32,L0-emp,0.702,589.9993896484375
r32_8x32,L0-emp,0.703,589.9993896484375
r32_8x32,L0-emp,0.704,589.9993896484375
r32_8x32,L0-emp,0.705,590.0001220703125
r32_8x32,L0-emp,0.706,590.0001220703125
r32_8x32,L0-emp,0.707,592.4999389648438
r32_8x32,L0-emp,0.708,592.5003051757812
r32_8x32,L0-emp,0.709,592.5003051757812
r32_8x32,L0-emp,0.71,592.5003051757812
r32_8x32,L0-emp,0.711,594.999755859375
r32_8x32,L0-emp,0.712,594.999755859375
r32_8x32,L0-emp,0.713,594.9999389648438
r32_8x32,L0-emp,0.714,595.001220703125
r32_8x32,L0-emp,0.715,597.4998779296875
r32_8x32,L0-emp,0.716,597.5
r32_8x32,L0-emp,0.717,597.5006103515625
r32_8x32,L0-emp,0.718,597.5006103515625
r32_8x32,L0-emp,0.719,600.0
r32_8x32,L0-emp,0.72,600.0
r32_8x32,L0-emp,0.721,600.0
r32_8x32,L0-emp,0.722,600.0
r32_8x32,L0-emp,0.723,602.4994506835938
r32_8x32,L0-emp,0.724,602.4994506835938
r32_8x32,L0-emp,0.725,602.5001220703125
r32_8x32,L0-emp,0.726,604.998779296875
r32_8x32,L0-emp,0.727,605.0003051757812
r32_8x32,L0-emp,0.728,607.4996948242188
r32_8x32,L0-emp,0.729,607.5000610351562
r32_8x32,L0-emp,0.73,609.9998168945312
r32_8x32,L0-emp,0.731,610.0006103515625
r32_8x32,L0-emp,0.732,610.0006103515625
r32_8x32,L0-emp,0.733,612.5
r32_8x32,L0-emp,0.734,612.5
r32_8x32,L0-emp,0.735,614.9993896484375
r32_8x32,L0-emp,0.736,615.0001831054688
r32_8x32,L0-emp,0.737,617.4999389648438
r32_8x32,L0-emp,0.738,617.5003051757812
r32_8x32,L0-emp,0.739,619.9996948242188
r32_8x32,L0-emp,0.74,619.9996948242188
r32_8x32,L0-emp,0.741,620.0012817382812
r32_8x32,L0-emp,0.742,622.5006103515625
r32_8x32,L0-emp,0.743,622.5006103515625
r32_8x32,L0-emp,0.744,625.0
r32_8x32,L0-emp,0.745,625.0
r32_8x32,L0-emp,0.746,627.4993896484375
r32_8x32,L0-emp,0.747,627.4993896484375
r32_8x32,L0-emp,0.748,627.5001831054688
r32_8x32,L0-emp,0.749,630.0001220703125
r32_8x32,L0-emp,0.75,630.0003051757812
r32_8x32,L0-emp,0.751,630.0003051757812
r32_8x32,L0-emp,0.752,632.4996948242188
r32_8x32,L0-emp,0.753,632.5001220703125
r32_8x32,L0-emp,0.754,634.9998779296875
r32_8x32,L0-emp,0.755,635.0006713867188
r32_8x32,L0-emp,0.756,635.0006713867188
r32_8x32,L0-emp,0.757,637.5
r32_8x32,L0-emp,0.758,637.5
r32_8x32,L0-emp,0.759,639.9993896484375
r32_8x32,L0-emp,0.76,639.9993896484375
r32_8x32,L0-emp,0.761,640.0001831054688
r32_8x32,L0-emp,0.762,642.5001220703125
r32_8x32,L0-emp,0.763,642.5003662109375
r32_8x32,L0-emp,0.764,644.9996948242188
r32_8x32,L0-emp,0.765,645.0
r32_8x32,L0-emp,0.766,647.4998779296875
r32_8x32,L0-emp,0.767,647.5000610351562
r32_8x32,L0-emp,0.768,647.5006103515625
r32_8x32,L0-emp,0.769,650.0000610351562
r32_8x32,L0-emp,0.77,650.0000610351562
r32_8x32,L0-emp,0.771,650.0000610351562
r32_8x32,L0-emp,0.772,652.4993896484375
r32_8x32,L0-emp,0.773,652.4993896484375
r32_8x32,L0-emp,0.774,652.5001220703125
r32_8x32,L0-emp,0.775,655.0001220703125
r32_8x32,L0-emp,0.776,655.0003051757812
r32_8x32,L0-emp,0.777,657.499755859375
r32_8x32,L0-emp,0.778,657.499755859375
r32_8x32,L0-emp,0.779,657.501220703125
r32_8x32,L0-emp,0.78,659.9998779296875
r32_8x32,L0-emp,0.781,660.0006103515625
r32_8x32,L0-emp,0.782,660.0006103515625
r32_8x32,L0-emp,0.783,662.5
r32_8x32,L0-emp,0.784,662.5
r32_8x32,L0-emp,0.785,662.5
r32_8x32,L0-emp,0.786,664.9994506835938
r32_8x32,L0-emp,0.787,665.0
r32_8x32,L0-emp,0.788,665.0001220703125
r32_8x32,L0-emp,0.789,667.5
r32_8x32,L0-emp,0.79,667.5003051757812
r32_8x32,L0-emp,0.791,669.9996948242188
r32_8x32,L0-emp,0.792,669.9996948242188
r32_8x32,L0-emp,0.793,670.0000610351562
r32_8x32,L0-emp,0.794,672.5
r32_8x32,L0-emp,0.795,672.5006103515625
r32_8x32,L0-emp,0.796,675.0
r32_8x32,L0-emp,0.797,675.0
r32_8x32,L0-emp,0.798,675.0
r32_8x32,L0-emp,0.799,677.4993896484375
r32_8x32,L0-emp,0.8,677.4993896484375
r32_8x32,L0-emp,0.801,677.5001831054688
r32_8x32,L0-emp,0.802,679.9999389648438
r32_8x32,L0-emp,0.803,680.0003051757812
r32_8x32,L0-emp,0.804,682.4996948242188
r32_8x32,L0-emp,0.805,682.4996948242188
r32_8x32,L0-emp,0.806,682.5012817382812
r32_8x32,L0-emp,0.807,685.0006103515625
r32_8x32,L0-emp,0.808,685.0006103515625
r32_8x32,L0-emp,0.809,687.5
r32_8x32,L0-emp,0.81,687.5
r32_8x32,L0-emp,0.811,689.9993896484375
r32_8x32,L0-emp,0.812,689.9993896484375
r32_8x32,L0-emp,0.813,690.0001831054688
r32_8x32,L0-emp,0.814,692.4999389648438
r32_8x32,L0-emp,0.815,692.5003051757812
r32_8x32,L0-emp,0.816,694.9996948242188
r32_8x32,L0-emp,0.817,695.0001220703125
r32_8x32,L0-emp,0.818,697.4998779296875
r32_8x32,L0-emp,0.819,697.5006713867188
r32_8x32,L0-emp,0.82,700.0
r32_8x32,L0-emp,0.821,700.0
r32_8x32,L0-emp,0.822,700.0
r32_8x32,L0-emp,0.823,702.4993896484375
r32_8x32,L0-emp,0.824,702.5000610351562
r32_8x32,L0-emp,0.825,702.5001831054688
r32_8x32,L0-emp,0.826,705.0003662109375
r32_8x32,L0-emp,0.827,707.4996948242188
r32_8x32,L0-emp,0.828,707.5001220703125
r32_8x32,L0-emp,0.829,709.9998779296875
r32_8x32,L0-emp,0.83,710.0006103515625
r32_8x32,L0-emp,0.831,712.5000610351562
r32_8x32,L0-emp,0.832,712.5000610351562
r32_8x32,L0-emp,0.833,714.9993896484375
r32_8x32,L0-emp,0.834,717.498779296875
r32_8x32,L0-emp,0.835,717.5003051757812
r32_8x32,L0-emp,0.836,719.999755859375
r32_8x32,L0-emp,0.837,720.001220703125
r32_8x32,L0-emp,0.838,722.5
r32_8x32,L0-emp,0.839,725.0
r32_8x32,L0-emp,0.84,725.0
r32_8x32,L0-emp,0.841,727.4994506835938
r32_8x32,L0-emp,0.842,727.5001220703125
r32_8x32,L0-emp,0.843,730.0003051757812
r32_8x32,L0-emp,0.844,732.4996948242188
r32_8x32,L0-emp,0.845,734.9998168945312
r32_8x32,L0-emp,0.846,737.5
r32_8x32,L0-emp,0.847,737.5
r32_8x32,L0-emp,0.848,739.9993896484375
r32_8x32,L0-emp,0.849,742.5003051757812
r32_8x32,L0-emp,0.85,744.9996948242188
r32_8x32,L0-emp,0.851,744.9996948242188
r32_8x32,L0-emp,0.852,747.4998779296875
r32_8x32,L0-emp,0.853,747.5006103515625
r32_8x32,L0-emp,0.854,750.0
r32_8x32,L0-emp,0.855,752.4993896484375
r32_8x32,L0-emp,0.856,754.9999389648438
r32_8x32,L0-emp,0.857,755.0003051757812
r32_8x32,L0-emp,0.858,757.4996948242188
r32_8x32,L0-emp,0.859,759.9998779296875
r32_8x32,L0-emp,0.86,760.0006713867188
r32_8x32,L0-emp,0.861,762.5
r32_8x32,L0-emp,0.862,765.0001831054688
r32_8x32,L0-emp,0.863,767.5003662109375
r32_8x32,L0-emp,0.864,769.9996948242188
r32_8x32,L0-emp,0.865,770.0001220703125
r32_8x32,L0-emp,0.866,772.5006103515625
r32_8x32,L0-emp,0.867,775.0000610351562
r32_8x32,L0-emp,0.868,777.4993896484375
r32_8x32,L0-emp,0.869,777.5001220703125
r32_8x32,L0-emp,0.87,780.0003051757812
r32_8x32,L0-emp,0.871,782.499755859375
r32_8x32,L0-emp,0.872,784.9998779296875
r32_8x32,L0-emp,0.873,785.0006103515625
r32_8x32,L0-emp,0.874,787.5
r32_8x32,L0-emp,0.875,789.9994506835938
r32_8x32,L0-emp,0.876,790.0001220703125
r32_8x32,L0-emp,0.877,792.4999389648438
r32_8x32,L0-emp,0.878,794.9996948242188
r32_8x32,L0-emp,0.879,795.001220703125
r32_8x32,L0-emp,0.88,797.5006103515625
r32_8x32,L0-emp,0.881,800.0
r32_8x32,L0-emp,0.882,800.0
r32_8x32,L0-emp,0.883,802.4993896484375
r32_8x32,L0-emp,0.884,805.0
r32_8x32,L0-emp,0.885,807.4996948242188
r32_8x32,L0-emp,0.886,810.0000610351562
r32_8x32,L0-emp,0.887,812.5
r32_8x32,L0-emp,0.888,814.9993896484375
r32_8x32,L0-emp,0.889,817.498779296875
r32_8x32,L0-emp,0.89,819.9996948242188
r32_8x32,L0-emp,0.891,822.4998779296875
r32_8x32,L0-emp,0.892,825.0
r32_8x32,L0-emp,0.893,827.4993896484375
r32_8x32,L0-emp,0.894,827.5001831054688
r32_8x32,L0-emp,0.895,832.4996948242188
r32_8x32,L0-emp,0.896,834.9998779296875
r32_8x32,L0-emp,0.897,837.5000610351562
r32_8x32,L0-emp,0.898,839.9993896484375
r32_8x32,L0-emp,0.899,842.5003051757812
r32_8x32,L0-emp,0.9,844.999755859375
r32_8x32,L0-emp,0.901,847.5006103515625
r32_8x32,L0-emp,0.902,850.0
r32_8x32,L0-emp,0.903,854.998779296875
r32_8x32,L0-emp,0.904,857.4996948242188
r32_8x32,L0-emp,0.905,859.9998168945312
r32_8x32,L0-emp,0.906,862.5
r32_8x32,L0-emp,0.907,864.9993896484375
r32_8x32,L0-emp,0.908,867.5
r32_8x32,L0-emp,0.909,869.9996948242188
r32_8x32,L0-emp,0.91,872.4998779296875
r32_8x32,L0-emp,0.911,875.0
r32_8x32,L0-emp,0.912,877.4993896484375
r32_8x32,L0-emp,0.913,880.0003051757812
r32_8x32,L0-emp,0.914,882.5001220703125
r32_8x32,L0-emp,0.915,887.5
r32_8x32,L0-emp,0.916,889.9993896484375
r32_8x32,L0-emp,0.917,892.5003662109375
r32_8x32,L0-emp,0.918,897.4998779296875
r32_8x32,L0-emp,0.919,900.0000610351562
r32_8x32,L0-emp,0.92,902.5001220703125
r32_8x32,L0-emp,0.921,907.499755859375
r32_8x32,L0-emp,0.922,910.0006103515625
r32_8x32,L0-emp,0.923,914.9994506835938
r32_8x32,L0-emp,0.924,920.0
r32_8x32,L0-emp,0.925,925.0
r32_8x32,L0-emp,0.926,930.0
r32_8x32,L0-emp,0.927,934.9998779296875
r32_8x32,L0-emp,0.928,940.0
r32_8x32,L0-emp,0.929,944.9996948242188
r32_8x32,L0-emp,0.93,950.0
r32_8x32,L0-emp,0.931,952.5001831054688
r32_8x32,L0-emp,0.932,957.4996948242188
r32_8x32,L0-emp,0.933,962.5000610351562
r32_8x32,L0-emp,0.934,967.498779296875
r32_8x32,L0-emp,0.935,970.0000610351562
r32_8x32,L0-emp,0.936,975.0
r32_8x32,L0-emp,0.937,977.4994506835938
r32_8x32,L0-emp,0.938,982.4996948242188
r32_8x32,L0-emp,0.939,985.0006103515625
r32_8x32,L0-emp,0.94,987.5
r32_8x32,L0-emp,0.941,992.4999389648438
r32_8x32,L0-emp,0.942,995.0000610351562
r32_8x32,L0-emp,0.943,997.5006103515625
r32_8x32,L0-emp,0.944,1002.4994506835938
r32_8x32,L0-emp,0.945,1005.0003662109375
r32_8x32,L0-emp,0.946,1012.5000610351562
r32_8x32,L0-emp,0.947,1015.000244140625
r32_8x32,L0-emp,0.948,1019.999755859375
r32_8x32,L0-emp,0.949,1022.5006103515625
r32_8x32,L0-emp,0.95,1027.4993896484375
r32_8x32,L0-emp,0.951,1030.0003662109375
r32_8x32,L0-emp,0.952,1034.9998779296875
r32_8x32,L0-emp,0.953,1037.5
r32_8x32,L0-emp,0.954,1042.5003662109375
r32_8x32,L0-emp,0.955,1045.001220703125
r32_8x32,L0-emp,0.956,1050.0001220703125
r32_8x32,L0-emp,0.957,1052.4993896484375
r32_8x32,L0-emp,0.958,1055.000244140625
r32_8x32,L0-emp,0.959,1059.9998779296875
r32_8x32,L0-emp,0.96,1062.5
r32_8x32,L0-emp,0.961,1065.0001220703125
r32_8x32,L0-emp,0.962,1072.4998779296875
r32_8x32,L0-emp,0.963,1075.0
r32_8x32,L0-emp,0.964,1080.000244140625
r32_8x32,L0-emp,0.965,1085.0006103515625
r32_8x32,L0-emp,0.966,1092.498779296875
r32_8x32,L0-emp,0.967,1095.0001220703125
r32_8x32,L0-emp,0.968,1102.4993896484375
r32_8x32,L0-emp,0.969,1107.5001220703125
r32_8x32,L0-emp,0.97,1114.9993896484375
r32_8x32,L0-emp,0.971,1125.0
r32_8x32,L0-emp,0.972,1135.000244140625
r32_8x32,L0-emp,0.973,1144.999755859375
r32_8x32,L0-emp,0.974,1155.0003662109375
r32_8x32,L0-emp,0.975,1165.000244140625
r32_8x32,L0-emp,0.976,1177.4993896484375
r32_8x32,L0-emp,0.977,1195.001220703125
r32_8x32,L0-emp,0.978,1212.5
r32_8x32,L0-emp,0.979,1232.5001220703125
r32_8x32,L0-emp,0.98,1260.0006103515625
r32_8x32,L0-emp,0.981,1282.4996337890625
r32_8x32,L0-emp,0.982,1302.4993896484375
r32_8x32,L0-emp,0.983,1319.999755859375
r32_8x32,L0-emp,0.984,1345.0001220703125
r32_8x32,L0-emp,0.985,1360.0006103515625
r32_8x32,L0-emp,0.986,1377.49951171875
r32_8x32,L0-emp,0.987,1389.9993896484375
r32_8x32,L0-emp,0.988,1402.5001220703125
r32_8x32,L0-emp,0.989,1422.5006103515625
r32_8x32,L0-emp,0.99,1450.0
r32_8x32,L0-emp,0.991,1472.4998779296875
r32_8x32,L0-emp,0.992,1487.5001220703125
r32_8x32,L0-emp,0.993,1517.500244140625
r32_8x32,L0-emp,0.994,1559.9998779296875
r32_8x32,L0-emp,0.995,1592.5003662109375
r32_8x32,L0-emp,0.996,1652.4993896484375
r32_8x32,L0-emp,0.997,1750.0
r32_8x32,L0-emp,0.998,1820.0
r32_8x32,L0-emp,0.999,1917.498779296875
r32_8x32,L0-emp,1.0,1992.500244140625
r32_8x32,L1,0.0,164.9993896484375
r32_8x32,L1,0.001,272.5006103515625
r32_8x32,L1,0.002,364.9993896484375
r32_8x32,L1,0.003,444.99969482421875
r32_8x32,L1,0.004,459.9998474121094
r32_8x32,L1,0.005,479.99993896484375
r32_8x32,L1,0.006,504.9988098144531
r32_8x32,L1,0.007,504.9988098144531
r32_8x32,L1,0.008,519.9996948242188
r32_8x32,L1,0.009,519.9996948242188
r32_8x32,L1,0.01,519.9996948242188
r32_8x32,L1,0.011,519.9996948242188
r32_8x32,L1,0.012,519.9996948242188
r32_8x32,L1,0.013,519.9996948242188
r32_8x32,L1,0.014,519.9996948242188
r32_8x32,L1,0.015,519.9996948242188
r32_8x32,L1,0.016,519.9996948242188
r32_8x32,L1,0.017,519.9996948242188
r32_8x32,L1,0.018,519.9996948242188
r32_8x32,L1,0.019,519.9996948242188
r32_8x32,L1,0.02,520.0001220703125
r32_8x32,L1,0.021,520.001220703125
r32_8x32,L1,0.022,520.001220703125
r32_8x32,L1,0.023,520.001220703125
r32_8x32,L1,0.024,522.5006103515625
r32_8x32,L1,0.025,527.4993896484375
r32_8x32,L1,0.026,529.998779296875
r32_8x32,L1,0.027,529.998779296875
r32_8x32,L1,0.028,529.998779296875
r32_8x32,L1,0.029,529.9999389648438
r32_8x32,L1,0.03,530.0003051757812
r32_8x32,L1,0.031,530.0003051757812
r32_8x32,L1,0.032,530.0003051757812
r32_8x32,L1,0.033,530.0003051757812
r32_8x32,L1,0.034,530.0003051757812
r32_8x32,L1,0.035,530.0003051757812
r32_8x32,L1,0.036,530.0003051757812
r32_8x32,L1,0.037,530.0003051757812
r32_8x32,L1,0.038,530.0003051757812
r32_8x32,L1,0.039,530.0003051757812
r32_8x32,L1,0.04,530.0003051757812
r32_8x32,L1,0.041,530.0003051757812
r32_8x32,L1,0.042,530.0003051757812
r32_8x32,L1,0.043,532.499755859375
r32_8x32,L1,0.044,532.499755859375
r32_8x32,L1,0.045,532.499755859375
r32_8x32,L1,0.046,532.499755859375
r32_8x32,L1,0.047,532.499755859375
r32_8x32,L1,0.048,532.499755859375
r32_8x32,L1,0.049,532.499755859375
r32_8x32,L1,0.05,532.499755859375
r32_8x32,L1,0.051,532.499755859375
r32_8x32,L1,0.052,532.499755859375
r32_8x32,L1,0.053,532.499755859375
r32_8x32,L1,0.054,532.499755859375
r32_8x32,L1,0.055,532.499755859375
r32_8x32,L1,0.056,532.499755859375
r32_8x32,L1,0.057,532.5000610351562
r32_8x32,L1,0.058,532.5000610351562
r32_8x32,L1,0.059,532.501220703125
r32_8x32,L1,0.06,532.501220703125
r32_8x32,L1,0.061,532.501220703125
r32_8x32,L1,0.062,532.501220703125
r32_8x32,L1,0.063,532.501220703125
r32_8x32,L1,0.064,532.501220703125
r32_8x32,L1,0.065,532.501220703125
r32_8x32,L1,0.066,534.9998779296875
r32_8x32,L1,0.067,535.0006103515625
r32_8x32,L1,0.068,535.0006103515625
r32_8x32,L1,0.069,535.0006103515625
r32_8x32,L1,0.07,535.0006103515625
r32_8x32,L1,0.071,535.0006103515625
r32_8x32,L1,0.072,535.0006103515625
r32_8x32,L1,0.073,535.0006103515625
r32_8x32,L1,0.074,535.0006103515625
r32_8x32,L1,0.075,537.5
r32_8x32,L1,0.076,537.5
r32_8x32,L1,0.077,537.5
r32_8x32,L1,0.078,537.5
r32_8x32,L1,0.079,537.5
r32_8x32,L1,0.08,537.5
r32_8x32,L1,0.081,537.5
r32_8x32,L1,0.082,537.5
r32_8x32,L1,0.083,537.5
r32_8x32,L1,0.084,537.5
r32_8x32,L1,0.085,537.5
r32_8x32,L1,0.086,537.5
r32_8x32,L1,0.087,537.5
r32_8x32,L1,0.088,537.5
r32_8x32,L1,0.089,537.5
r32_8x32,L1,0.09,537.5
r32_8x32,L1,0.091,537.5
r32_8x32,L1,0.092,537.5
r32_8x32,L1,0.093,537.5
r32_8x32,L1,0.094,537.5
r32_8x32,L1,0.095,537.5
r32_8x32,L1,0.096,537.5
r32_8x32,L1,0.097,537.5
r32_8x32,L1,0.098,537.5
r32_8x32,L1,0.099,537.5
r32_8x32,L1,0.1,537.5
r32_8x32,L1,0.101,537.5
r32_8x32,L1,0.102,539.9994506835938
r32_8x32,L1,0.103,539.9994506835938
r32_8x32,L1,0.104,539.9994506835938
r32_8x32,L1,0.105,539.9994506835938
r32_8x32,L1,0.106,539.9994506835938
r32_8x32,L1,0.107,539.9994506835938
r32_8x32,L1,0.108,539.9994506835938
r32_8x32,L1,0.109,539.9994506835938
r32_8x32,L1,0.11,539.9994506835938
r32_8x32,L1,0.111,539.9994506835938
r32_8x32,L1,0.112,539.9994506835938
r32_8x32,L1,0.113,539.9994506835938
r32_8x32,L1,0.114,539.9994506835938
r32_8x32,L1,0.115,539.9994506835938
r32_8x32,L1,0.116,539.9994506835938
r32_8x32,L1,0.117,539.9994506835938
r32_8x32,L1,0.118,539.9994506835938
r32_8x32,L1,0.119,539.9994506835938
r32_8x32,L1,0.12,539.9994506835938
r32_8x32,L1,0.121,539.9994506835938
r32_8x32,L1,0.122,539.9994506835938
r32_8x32,L1,0.123,539.9994506835938
r32_8x32,L1,0.124,539.9994506835938
r32_8x32,L1,0.125,539.9994506835938
r32_8x32,L1,0.126,539.9994506835938
r32_8x32,L1,0.127,539.9994506835938
r32_8x32,L1,0.128,539.9994506835938
r32_8x32,L1,0.129,539.9994506835938
r32_8x32,L1,0.13,539.9994506835938
r32_8x32,L1,0.131,539.9994506835938
r32_8x32,L1,0.132,539.9994506835938
r32_8x32,L1,0.133,539.9994506835938
r32_8x32,L1,0.134,539.9994506835938
r32_8x32,L1,0.135,539.9994506835938
r32_8x32,L1,0.136,539.9994506835938
r32_8x32,L1,0.137,539.9994506835938
r32_8x32,L1,0.138,539.9994506835938
r32_8x32,L1,0.139,539.9994506835938
r32_8x32,L1,0.14,539.9994506835938
r32_8x32,L1,0.141,539.9994506835938
r32_8x32,L1,0.142,539.9994506835938
r32_8x32,L1,0.143,539.9994506835938
r32_8x32,L1,0.144,539.9994506835938
r32_8x32,L1,0.145,539.9994506835938
r32_8x32,L1,0.146,539.9994506835938
r32_8x32,L1,0.147,539.9994506835938
r32_8x32,L1,0.148,539.9994506835938
r32_8x32,L1,0.149,539.9994506835938
r32_8x32,L1,0.15,539.9994506835938
r32_8x32,L1,0.151,539.9994506835938
r32_8x32,L1,0.152,539.9994506835938
r32_8x32,L1,0.153,539.9994506835938
r32_8x32,L1,0.154,539.9994506835938
r32_8x32,L1,0.155,539.9994506835938
r32_8x32,L1,0.156,539.9994506835938
r32_8x32,L1,0.157,539.9994506835938
r32_8x32,L1,0.158,539.9994506835938
r32_8x32,L1,0.159,539.9994506835938
r32_8x32,L1,0.16,539.9994506835938
r32_8x32,L1,0.161,539.9994506835938
r32_8x32,L1,0.162,539.9994506835938
r32_8x32,L1,0.163,539.9994506835938
r32_8x32,L1,0.164,539.9994506835938
r32_8x32,L1,0.165,539.9994506835938
r32_8x32,L1,0.166,539.9994506835938
r32_8x32,L1,0.167,539.9994506835938
r32_8x32,L1,0.168,539.9994506835938
r32_8x32,L1,0.169,539.9994506835938
r32_8x32,L1,0.17,539.9994506835938
r32_8x32,L1,0.171,539.9994506835938
r32_8x32,L1,0.172,539.9994506835938
r32_8x32,L1,0.173,539.9994506835938
r32_8x32,L1,0.174,539.9994506835938
r32_8x32,L1,0.175,539.9994506835938
r32_8x32,L1,0.176,539.9994506835938
r32_8x32,L1,0.177,539.9994506835938
r32_8x32,L1,0.178,539.9994506835938
r32_8x32,L1,0.179,539.9994506835938
r32_8x32,L1,0.18,539.9994506835938
r32_8x32,L1,0.181,539.9994506835938
r32_8x32,L1,0.182,539.9994506835938
r32_8x32,L1,0.183,539.9994506835938
r32_8x32,L1,0.184,539.9994506835938
r32_8x32,L1,0.185,539.9994506835938
r32_8x32,L1,0.186,539.9994506835938
r32_8x32,L1,0.187,539.9994506835938
r32_8x32,L1,0.188,539.9994506835938
r32_8x32,L1,0.189,539.9994506835938
r32_8x32,L1,0.19,539.9994506835938
r32_8x32,L1,0.191,539.9994506835938
r32_8x32,L1,0.192,539.9994506835938
r32_8x32,L1,0.193,539.9994506835938
r32_8x32,L1,0.194,539.9994506835938
r32_8x32,L1,0.195,539.9994506835938
r32_8x32,L1,0.196,539.9994506835938
r32_8x32,L1,0.197,539.9994506835938
r32_8x32,L1,0.198,539.9994506835938
r32_8x32,L1,0.199,539.9994506835938
r32_8x32,L1,0.2,539.9994506835938
r32_8x32,L1,0.201,539.9994506835938
r32_8x32,L1,0.202,539.9994506835938
r32_8x32,L1,0.203,539.9994506835938
r32_8x32,L1,0.204,539.9994506835938
r32_8x32,L1,0.205,539.9994506835938
r32_8x32,L1,0.206,539.9994506835938
r32_8x32,L1,0.207,539.9994506835938
r32_8x32,L1,0.208,539.9994506835938
r32_8x32,L1,0.209,539.9994506835938
r32_8x32,L1,0.21,539.9994506835938
r32_8x32,L1,0.211,539.9994506835938
r32_8x32,L1,0.212,539.9994506835938
r32_8x32,L1,0.213,539.9994506835938
r32_8x32,L1,0.214,539.9994506835938
r32_8x32,L1,0.215,539.9994506835938
r32_8x32,L1,0.216,539.9994506835938
r32_8x32,L1,0.217,539.9994506835938
r32_8x32,L1,0.218,539.9994506835938
r32_8x32,L1,0.219,539.9994506835938
r32_8x32,L1,0.22,539.9994506835938
r32_8x32,L1,0.221,539.9994506835938
r32_8x32,L1,0.222,539.9994506835938
r32_8x32,L1,0.223,539.9994506835938
r32_8x32,L1,0.224,539.9994506835938
r32_8x32,L1,0.225,539.9994506835938
r32_8x32,L1,0.226,539.9994506835938
r32_8x32,L1,0.227,539.9994506835938
r32_8x32,L1,0.228,539.9994506835938
r32_8x32,L1,0.229,539.9994506835938
r32_8x32,L1,0.23,539.9994506835938
r32_8x32,L1,0.231,539.9994506835938
r32_8x32,L1,0.232,539.9994506835938
r32_8x32,L1,0.233,539.9994506835938
r32_8x32,L1,0.234,539.9994506835938
r32_8x32,L1,0.235,539.9994506835938
r32_8x32,L1,0.236,539.9994506835938
r32_8x32,L1,0.237,539.9994506835938
r32_8x32,L1,0.238,539.9994506835938
r32_8x32,L1,0.239,539.9994506835938
r32_8x32,L1,0.24,539.9994506835938
r32_8x32,L1,0.241,539.9994506835938
r32_8x32,L1,0.242,539.9994506835938
r32_8x32,L1,0.243,539.9994506835938
r32_8x32,L1,0.244,539.9994506835938
r32_8x32,L1,0.245,539.9994506835938
r32_8x32,L1,0.246,539.9994506835938
r32_8x32,L1,0.247,539.9994506835938
r32_8x32,L1,0.248,539.9994506835938
r32_8x32,L1,0.249,539.9994506835938
r32_8x32,L1,0.25,539.9994506835938
r32_8x32,L1,0.251,539.9994506835938
r32_8x32,L1,0.252,539.9994506835938
r32_8x32,L1,0.253,539.9994506835938
r32_8x32,L1,0.254,539.9994506835938
r32_8x32,L1,0.255,539.9994506835938
r32_8x32,L1,0.256,539.9994506835938
r32_8x32,L1,0.257,539.9994506835938
r32_8x32,L1,0.258,539.9994506835938
r32_8x32,L1,0.259,539.9994506835938
r32_8x32,L1,0.26,539.9994506835938
r32_8x32,L1,0.261,539.9994506835938
r32_8x32,L1,0.262,539.9994506835938
r32_8x32,L1,0.263,539.9994506835938
r32_8x32,L1,0.264,539.9994506835938
r32_8x32,L1,0.265,539.9994506835938
r32_8x32,L1,0.266,539.9994506835938
r32_8x32,L1,0.267,539.9994506835938
r32_8x32,L1,0.268,539.9994506835938
r32_8x32,L1,0.269,539.9994506835938
r32_8x32,L1,0.27,539.9994506835938
r32_8x32,L1,0.271,539.9994506835938
r32_8x32,L1,0.272,539.9994506835938
r32_8x32,L1,0.273,539.9994506835938
r32_8x32,L1,0.274,539.9994506835938
r32_8x32,L1,0.275,539.9994506835938
r32_8x32,L1,0.276,539.9994506835938
r32_8x32,L1,0.277,539.9994506835938
r32_8x32,L1,0.278,539.9994506835938
r32_8x32,L1,0.279,539.9994506835938
r32_8x32,L1,0.28,539.9994506835938
r32_8x32,L1,0.281,539.9994506835938
r32_8x32,L1,0.282,539.9994506835938
r32_8x32,L1,0.283,539.9994506835938
r32_8x32,L1,0.284,539.9994506835938
r32_8x32,L1,0.285,539.9994506835938
r32_8x32,L1,0.286,539.9994506835938
r32_8x32,L1,0.287,539.9994506835938
r32_8x32,L1,0.288,539.9994506835938
r32_8x32,L1,0.289,539.9994506835938
r32_8x32,L1,0.29,539.9994506835938
r32_8x32,L1,0.291,539.9994506835938
r32_8x32,L1,0.292,539.9994506835938
r32_8x32,L1,0.293,539.9994506835938
r32_8x32,L1,0.294,539.9994506835938
r32_8x32,L1,0.295,539.9994506835938
r32_8x32,L1,0.296,539.9994506835938
r32_8x32,L1,0.297,539.9994506835938
r32_8x32,L1,0.298,539.9994506835938
r32_8x32,L1,0.299,539.9994506835938
r32_8x32,L1,0.3,539.9994506835938
r32_8x32,L1,0.301,539.9994506835938
r32_8x32,L1,0.302,539.9994506835938
r32_8x32,L1,0.303,539.9994506835938
r32_8x32,L1,0.304,539.9994506835938
r32_8x32,L1,0.305,539.9994506835938
r32_8x32,L1,0.306,539.9994506835938
r32_8x32,L1,0.307,539.9994506835938
r32_8x32,L1,0.308,539.9994506835938
r32_8x32,L1,0.309,539.9994506835938
r32_8x32,L1,0.31,539.9994506835938
r32_8x32,L1,0.311,539.9994506835938
r32_8x32,L1,0.312,539.9994506835938
r32_8x32,L1,0.313,539.9994506835938
r32_8x32,L1,0.314,539.9994506835938
r32_8x32,L1,0.315,539.9994506835938
r32_8x32,L1,0.316,539.9994506835938
r32_8x32,L1,0.317,539.9994506835938
r32_8x32,L1,0.318,539.9994506835938
r32_8x32,L1,0.319,539.9994506835938
r32_8x32,L1,0.32,539.9994506835938
r32_8x32,L1,0.321,539.9994506835938
r32_8x32,L1,0.322,539.9994506835938
r32_8x32,L1,0.323,539.9994506835938
r32_8x32,L1,0.324,539.9994506835938
r32_8x32,L1,0.325,539.9994506835938
r32_8x32,L1,0.326,539.9994506835938
r32_8x32,L1,0.327,539.9994506835938
r32_8x32,L1,0.328,539.9994506835938
r32_8x32,L1,0.329,539.9994506835938
r32_8x32,L1,0.33,539.9994506835938
r32_8x32,L1,0.331,539.9994506835938
r32_8x32,L1,0.332,539.9994506835938
r32_8x32,L1,0.333,539.9994506835938
r32_8x32,L1,0.334,539.9994506835938
r32_8x32,L1,0.335,539.9994506835938
r32_8x32,L1,0.336,539.9994506835938
r32_8x32,L1,0.337,539.9994506835938
r32_8x32,L1,0.338,539.9994506835938
r32_8x32,L1,0.339,539.9994506835938
r32_8x32,L1,0.34,539.9994506835938
r32_8x32,L1,0.341,539.9994506835938
r32_8x32,L1,0.342,539.9994506835938
r32_8x32,L1,0.343,539.9994506835938
r32_8x32,L1,0.344,539.9994506835938
r32_8x32,L1,0.345,539.9994506835938
r32_8x32,L1,0.346,539.9994506835938
r32_8x32,L1,0.347,539.9994506835938
r32_8x32,L1,0.348,539.9994506835938
r32_8x32,L1,0.349,539.9994506835938
r32_8x32,L1,0.35,539.9994506835938
r32_8x32,L1,0.351,539.9994506835938
r32_8x32,L1,0.352,539.9994506835938
r32_8x32,L1,0.353,539.9994506835938
r32_8x32,L1,0.354,539.9994506835938
r32_8x32,L1,0.355,539.9994506835938
r32_8x32,L1,0.356,539.9994506835938
r32_8x32,L1,0.357,539.9994506835938
r32_8x32,L1,0.358,539.9994506835938
r32_8x32,L1,0.359,539.9994506835938
r32_8x32,L1,0.36,539.9994506835938
r32_8x32,L1,0.361,539.9994506835938
r32_8x32,L1,0.362,539.9994506835938
r32_8x32,L1,0.363,539.9994506835938
r32_8x32,L1,0.364,539.9994506835938
r32_8x32,L1,0.365,539.9994506835938
r32_8x32,L1,0.366,539.9994506835938
r32_8x32,L1,0.367,539.9994506835938
r32_8x32,L1,0.368,539.9994506835938
r32_8x32,L1,0.369,539.9994506835938
r32_8x32,L1,0.37,539.9994506835938
r32_8x32,L1,0.371,539.9994506835938
r32_8x32,L1,0.372,539.9994506835938
r32_8x32,L1,0.373,539.9994506835938
r32_8x32,L1,0.374,539.9994506835938
r32_8x32,L1,0.375,539.9994506835938
r32_8x32,L1,0.376,539.9994506835938
r32_8x32,L1,0.377,539.9994506835938
r32_8x32,L1,0.378,539.9994506835938
r32_8x32,L1,0.379,539.9994506835938
r32_8x32,L1,0.38,539.9994506835938
r32_8x32,L1,0.381,539.9994506835938
r32_8x32,L1,0.382,539.9994506835938
r32_8x32,L1,0.383,539.9994506835938
r32_8x32,L1,0.384,539.9994506835938
r32_8x32,L1,0.385,539.9994506835938
r32_8x32,L1,0.386,539.9994506835938
r32_8x32,L1,0.387,539.9994506835938
r32_8x32,L1,0.388,539.9994506835938
r32_8x32,L1,0.389,539.9994506835938
r32_8x32,L1,0.39,539.9994506835938
r32_8x32,L1,0.391,539.9994506835938
r32_8x32,L1,0.392,539.9994506835938
r32_8x32,L1,0.393,539.9994506835938
r32_8x32,L1,0.394,539.9994506835938
r32_8x32,L1,0.395,539.9994506835938
r32_8x32,L1,0.396,539.9994506835938
r32_8x32,L1,0.397,539.9994506835938
r32_8x32,L1,0.398,539.9994506835938
r32_8x32,L1,0.399,539.9994506835938
r32_8x32,L1,0.4,539.9994506835938
r32_8x32,L1,0.401,539.9994506835938
r32_8x32,L1,0.402,539.9994506835938
r32_8x32,L1,0.403,539.9994506835938
r32_8x32,L1,0.404,539.9994506835938
r32_8x32,L1,0.405,539.9994506835938
r32_8x32,L1,0.406,539.9994506835938
r32_8x32,L1,0.407,539.9994506835938
r32_8x32,L1,0.408,539.9994506835938
r32_8x32,L1,0.409,539.9994506835938
r32_8x32,L1,0.41,539.9994506835938
r32_8x32,L1,0.411,539.9994506835938
r32_8x32,L1,0.412,539.9994506835938
r32_8x32,L1,0.413,539.9994506835938
r32_8x32,L1,0.414,539.9994506835938
r32_8x32,L1,0.415,539.9994506835938
r32_8x32,L1,0.416,539.9994506835938
r32_8x32,L1,0.417,539.9994506835938
r32_8x32,L1,0.418,539.9994506835938
r32_8x32,L1,0.419,539.9994506835938
r32_8x32,L1,0.42,539.9994506835938
r32_8x32,L1,0.421,539.9994506835938
r32_8x32,L1,0.422,539.9994506835938
r32_8x32,L1,0.423,539.9994506835938
r32_8x32,L1,0.424,539.9994506835938
r32_8x32,L1,0.425,539.9994506835938
r32_8x32,L1,0.426,539.9994506835938
r32_8x32,L1,0.427,539.9994506835938
r32_8x32,L1,0.428,539.9994506835938
r32_8x32,L1,0.429,539.9994506835938
r32_8x32,L1,0.43,539.9994506835938
r32_8x32,L1,0.431,539.9994506835938
r32_8x32,L1,0.432,539.9994506835938
r32_8x32,L1,0.433,539.9994506835938
r32_8x32,L1,0.434,539.9994506835938
r32_8x32,L1,0.435,539.9994506835938
r32_8x32,L1,0.436,539.9994506835938
r32_8x32,L1,0.437,539.9994506835938
r32_8x32,L1,0.438,539.9994506835938
r32_8x32,L1,0.439,539.9994506835938
r32_8x32,L1,0.44,539.9994506835938
r32_8x32,L1,0.441,539.9994506835938
r32_8x32,L1,0.442,539.9994506835938
r32_8x32,L1,0.443,539.9994506835938
r32_8x32,L1,0.444,539.9994506835938
r32_8x32,L1,0.445,539.9994506835938
r32_8x32,L1,0.446,539.9994506835938
r32_8x32,L1,0.447,539.9994506835938
r32_8x32,L1,0.448,539.9994506835938
r32_8x32,L1,0.449,539.9994506835938
r32_8x32,L1,0.45,539.9994506835938
r32_8x32,L1,0.451,539.9994506835938
r32_8x32,L1,0.452,539.9994506835938
r32_8x32,L1,0.453,539.9994506835938
r32_8x32,L1,0.454,539.9994506835938
r32_8x32,L1,0.455,539.9994506835938
r32_8x32,L1,0.456,539.9994506835938
r32_8x32,L1,0.457,539.9994506835938
r32_8x32,L1,0.458,539.9994506835938
r32_8x32,L1,0.459,539.9994506835938
r32_8x32,L1,0.46,539.9994506835938
r32_8x32,L1,0.461,539.9994506835938
r32_8x32,L1,0.462,539.9994506835938
r32_8x32,L1,0.463,539.9994506835938
r32_8x32,L1,0.464,539.9994506835938
r32_8x32,L1,0.465,539.9994506835938
r32_8x32,L1,0.466,539.9994506835938
r32_8x32,L1,0.467,539.9994506835938
r32_8x32,L1,0.468,539.9994506835938
r32_8x32,L1,0.469,539.9994506835938
r32_8x32,L1,0.47,539.9994506835938
r32_8x32,L1,0.471,539.9994506835938
r32_8x32,L1,0.472,539.9994506835938
r32_8x32,L1,0.473,539.9994506835938
r32_8x32,L1,0.474,539.9994506835938
r32_8x32,L1,0.475,539.9994506835938
r32_8x32,L1,0.476,539.9994506835938
r32_8x32,L1,0.477,539.9994506835938
r32_8x32,L1,0.478,539.9994506835938
r32_8x32,L1,0.479,539.9994506835938
r32_8x32,L1,0.48,539.9994506835938
r32_8x32,L1,0.481,539.9994506835938
r32_8x32,L1,0.482,539.9994506835938
r32_8x32,L1,0.483,539.9994506835938
r32_8x32,L1,0.484,539.9994506835938
r32_8x32,L1,0.485,539.9994506835938
r32_8x32,L1,0.486,539.9994506835938
r32_8x32,L1,0.487,539.9994506835938
r32_8x32,L1,0.488,539.9994506835938
r32_8x32,L1,0.489,539.9994506835938
r32_8x32,L1,0.49,539.9994506835938
r32_8x32,L1,0.491,539.9994506835938
r32_8x32,L1,0.492,539.9994506835938
r32_8x32,L1,0.493,539.9994506835938
r32_8x32,L1,0.494,539.9994506835938
r32_8x32,L1,0.495,539.9994506835938
r32_8x32,L1,0.496,539.9999389648438
r32_8x32,L1,0.497,539.9999389648438
r32_8x32,L1,0.498,539.9999389648438
r32_8x32,L1,0.499,539.9999389648438
r32_8x32,L1,0.5,539.9999389648438
r32_8x32,L1,0.501,539.9999389648438
r32_8x32,L1,0.502,539.9999389648438
r32_8x32,L1,0.503,539.9999389648438
r32_8x32,L1,0.504,539.9999389648438
r32_8x32,L1,0.505,539.9999389648438
r32_8x32,L1,0.506,539.9999389648438
r32_8x32,L1,0.507,539.9999389648438
r32_8x32,L1,0.508,539.9999389648438
r32_8x32,L1,0.509,539.9999389648438
r32_8x32,L1,0.51,539.9999389648438
r32_8x32,L1,0.511,539.9999389648438
r32_8x32,L1,0.512,539.9999389648438
r32_8x32,L1,0.513,539.9999389648438
r32_8x32,L1,0.514,539.9999389648438
r32_8x32,L1,0.515,539.9999389648438
r32_8x32,L1,0.516,539.9999389648438
r32_8x32,L1,0.517,539.9999389648438
r32_8x32,L1,0.518,539.9999389648438
r32_8x32,L1,0.519,539.9999389648438
r32_8x32,L1,0.52,539.9999389648438
r32_8x32,L1,0.521,539.9999389648438
r32_8x32,L1,0.522,539.9999389648438
r32_8x32,L1,0.523,539.9999389648438
r32_8x32,L1,0.524,539.9999389648438
r32_8x32,L1,0.525,539.9999389648438
r32_8x32,L1,0.526,539.9999389648438
r32_8x32,L1,0.527,539.9999389648438
r32_8x32,L1,0.528,539.9999389648438
r32_8x32,L1,0.529,539.9999389648438
r32_8x32,L1,0.53,539.9999389648438
r32_8x32,L1,0.531,539.9999389648438
r32_8x32,L1,0.532,539.9999389648438
r32_8x32,L1,0.533,539.9999389648438
r32_8x32,L1,0.534,539.9999389648438
r32_8x32,L1,0.535,539.9999389648438
r32_8x32,L1,0.536,539.9999389648438
r32_8x32,L1,0.537,539.9999389648438
r32_8x32,L1,0.538,539.9999389648438
r32_8x32,L1,0.539,539.9999389648438
r32_8x32,L1,0.54,539.9999389648438
r32_8x32,L1,0.541,539.9999389648438
r32_8x32,L1,0.542,539.9999389648438
r32_8x32,L1,0.543,539.9999389648438
r32_8x32,L1,0.544,539.9999389648438
r32_8x32,L1,0.545,539.9999389648438
r32_8x32,L1,0.546,539.9999389648438
r32_8x32,L1,0.547,539.9999389648438
r32_8x32,L1,0.548,539.9999389648438
r32_8x32,L1,0.549,539.9999389648438
r32_8x32,L1,0.55,539.9999389648438
r32_8x32,L1,0.551,539.9999389648438
r32_8x32,L1,0.552,539.9999389648438
r32_8x32,L1,0.553,539.9999389648438
r32_8x32,L1,0.554,540.0
r32_8x32,L1,0.555,540.0
r32_8x32,L1,0.556,540.0
r32_8x32,L1,0.557,540.0
r32_8x32,L1,0.558,540.0
r32_8x32,L1,0.559,540.0
r32_8x32,L1,0.56,540.0
r32_8x32,L1,0.561,540.0
r32_8x32,L1,0.562,540.0
r32_8x32,L1,0.563,540.0
r32_8x32,L1,0.564,540.0
r32_8x32,L1,0.565,540.0
r32_8x32,L1,0.566,540.0
r32_8x32,L1,0.567,540.0
r32_8x32,L1,0.568,540.0
r32_8x32,L1,0.569,540.0001220703125
r32_8x32,L1,0.57,540.0001220703125
r32_8x32,L1,0.571,540.0001220703125
r32_8x32,L1,0.572,540.0001220703125
r32_8x32,L1,0.573,540.0001220703125
r32_8x32,L1,0.574,540.0001220703125
r32_8x32,L1,0.575,540.0001220703125
r32_8x32,L1,0.576,540.0001220703125
r32_8x32,L1,0.577,540.0001220703125
r32_8x32,L1,0.578,540.0001220703125
r32_8x32,L1,0.579,540.0001220703125
r32_8x32,L1,0.58,540.0001220703125
r32_8x32,L1,0.581,540.0001220703125
r32_8x32,L1,0.582,540.0001220703125
r32_8x32,L1,0.583,540.0001220703125
r32_8x32,L1,0.584,540.0001220703125
r32_8x32,L1,0.585,540.0001220703125
r32_8x32,L1,0.586,540.0001220703125
r32_8x32,L1,0.587,540.0001220703125
r32_8x32,L1,0.588,540.0001220703125
r32_8x32,L1,0.589,540.0001220703125
r32_8x32,L1,0.59,540.0001220703125
r32_8x32,L1,0.591,540.0001220703125
r32_8x32,L1,0.592,540.0001220703125
r32_8x32,L1,0.593,540.0001220703125
r32_8x32,L1,0.594,540.0001220703125
r32_8x32,L1,0.595,540.0001220703125
r32_8x32,L1,0.596,540.0001220703125
r32_8x32,L1,0.597,540.0001220703125
r32_8x32,L1,0.598,540.0001220703125
r32_8x32,L1,0.599,540.0001220703125
r32_8x32,L1,0.6,540.0001220703125
r32_8x32,L1,0.601,540.0001220703125
r32_8x32,L1,0.602,540.0001220703125
r32_8x32,L1,0.603,540.0001220703125
r32_8x32,L1,0.604,540.0001220703125
r32_8x32,L1,0.605,540.0001220703125
r32_8x32,L1,0.606,540.0001220703125
r32_8x32,L1,0.607,540.0001220703125
r32_8x32,L1,0.608,540.0001220703125
r32_8x32,L1,0.609,540.0001220703125
r32_8x32,L1,0.61,540.0001220703125
r32_8x32,L1,0.611,540.0001220703125
r32_8x32,L1,0.612,540.0001220703125
r32_8x32,L1,0.613,540.0001220703125
r32_8x32,L1,0.614,540.0001220703125
r32_8x32,L1,0.615,540.0001220703125
r32_8x32,L1,0.616,540.0001220703125
r32_8x32,L1,0.617,540.0001220703125
r32_8x32,L1,0.618,540.0001220703125
r32_8x32,L1,0.619,540.0001220703125
r32_8x32,L1,0.62,540.0001220703125
r32_8x32,L1,0.621,540.0001220703125
r32_8x32,L1,0.622,540.0001220703125
r32_8x32,L1,0.623,540.0001220703125
r32_8x32,L1,0.624,540.0001220703125
r32_8x32,L1,0.625,540.0001220703125
r32_8x32,L1,0.626,540.0001220703125
r32_8x32,L1,0.627,540.0001220703125
r32_8x32,L1,0.628,540.0001220703125
r32_8x32,L1,0.629,540.0001220703125
r32_8x32,L1,0.63,540.0001220703125
r32_8x32,L1,0.631,540.0001220703125
r32_8x32,L1,0.632,540.0001220703125
r32_8x32,L1,0.633,540.0001220703125
r32_8x32,L1,0.634,540.0001220703125
r32_8x32,L1,0.635,540.0001220703125
r32_8x32,L1,0.636,540.0001220703125
r32_8x32,L1,0.637,540.0001220703125
r32_8x32,L1,0.638,540.0001220703125
r32_8x32,L1,0.639,540.0001220703125
r32_8x32,L1,0.64,540.0001220703125
r32_8x32,L1,0.641,540.0001220703125
r32_8x32,L1,0.642,540.0001220703125
r32_8x32,L1,0.643,540.0001220703125
r32_8x32,L1,0.644,540.0001220703125
r32_8x32,L1,0.645,540.0001220703125
r32_8x32,L1,0.646,540.0001220703125
r32_8x32,L1,0.647,540.0001220703125
r32_8x32,L1,0.648,540.0001220703125
r32_8x32,L1,0.649,540.0001220703125
r32_8x32,L1,0.65,540.0001220703125
r32_8x32,L1,0.651,540.0001220703125
r32_8x32,L1,0.652,540.0001220703125
r32_8x32,L1,0.653,540.0001220703125
r32_8x32,L1,0.654,540.0001220703125
r32_8x32,L1,0.655,540.0001220703125
r32_8x32,L1,0.656,540.0001220703125
r32_8x32,L1,0.657,540.0001220703125
r32_8x32,L1,0.658,540.0001220703125
r32_8x32,L1,0.659,540.0001220703125
r32_8x32,L1,0.66,540.0001220703125
r32_8x32,L1,0.661,540.0001220703125
r32_8x32,L1,0.662,540.0001220703125
r32_8x32,L1,0.663,540.0001220703125
r32_8x32,L1,0.664,540.0001220703125
r32_8x32,L1,0.665,540.0001220703125
r32_8x32,L1,0.666,540.0001220703125
r32_8x32,L1,0.667,540.0001220703125
r32_8x32,L1,0.668,540.0001220703125
r32_8x32,L1,0.669,540.0001220703125
r32_8x32,L1,0.67,540.0001220703125
r32_8x32,L1,0.671,540.0001220703125
r32_8x32,L1,0.672,540.0001220703125
r32_8x32,L1,0.673,540.0001220703125
r32_8x32,L1,0.674,540.0001220703125
r32_8x32,L1,0.675,540.0001220703125
r32_8x32,L1,0.676,540.0001220703125
r32_8x32,L1,0.677,540.0001220703125
r32_8x32,L1,0.678,540.0001220703125
r32_8x32,L1,0.679,540.0001220703125
r32_8x32,L1,0.68,540.0001220703125
r32_8x32,L1,0.681,540.0001220703125
r32_8x32,L1,0.682,540.0001220703125
r32_8x32,L1,0.683,540.0001220703125
r32_8x32,L1,0.684,540.0001220703125
r32_8x32,L1,0.685,540.0001220703125
r32_8x32,L1,0.686,540.0001220703125
r32_8x32,L1,0.687,540.0001220703125
r32_8x32,L1,0.688,540.0001220703125
r32_8x32,L1,0.689,540.0001220703125
r32_8x32,L1,0.69,540.0001220703125
r32_8x32,L1,0.691,540.0001220703125
r32_8x32,L1,0.692,540.0001220703125
r32_8x32,L1,0.693,540.0001220703125
r32_8x32,L1,0.694,540.0001220703125
r32_8x32,L1,0.695,540.0001220703125
r32_8x32,L1,0.696,540.0001220703125
r32_8x32,L1,0.697,540.0001220703125
r32_8x32,L1,0.698,540.0001220703125
r32_8x32,L1,0.699,540.0001220703125
r32_8x32,L1,0.7,540.0001220703125
r32_8x32,L1,0.701,540.0001220703125
r32_8x32,L1,0.702,540.0001220703125
r32_8x32,L1,0.703,540.0001220703125
r32_8x32,L1,0.704,540.0001220703125
r32_8x32,L1,0.705,540.0001220703125
r32_8x32,L1,0.706,540.0001220703125
r32_8x32,L1,0.707,540.0001220703125
r32_8x32,L1,0.708,540.0001220703125
r32_8x32,L1,0.709,540.0001220703125
r32_8x32,L1,0.71,540.0001220703125
r32_8x32,L1,0.711,540.0001220703125
r32_8x32,L1,0.712,540.0001220703125
r32_8x32,L1,0.713,540.0001220703125
r32_8x32,L1,0.714,540.0001220703125
r32_8x32,L1,0.715,540.0001220703125
r32_8x32,L1,0.716,540.0001220703125
r32_8x32,L1,0.717,540.0001220703125
r32_8x32,L1,0.718,540.0001220703125
r32_8x32,L1,0.719,540.0001220703125
r32_8x32,L1,0.72,540.0001220703125
r32_8x32,L1,0.721,540.0001220703125
r32_8x32,L1,0.722,540.0001220703125
r32_8x32,L1,0.723,540.0001220703125
r32_8x32,L1,0.724,540.0001220703125
r32_8x32,L1,0.725,540.0001220703125
r32_8x32,L1,0.726,540.0001220703125
r32_8x32,L1,0.727,540.0001220703125
r32_8x32,L1,0.728,540.0001220703125
r32_8x32,L1,0.729,540.0001220703125
r32_8x32,L1,0.73,540.0001220703125
r32_8x32,L1,0.731,540.0001220703125
r32_8x32,L1,0.732,540.0001220703125
r32_8x32,L1,0.733,540.0001220703125
r32_8x32,L1,0.734,540.0001220703125
r32_8x32,L1,0.735,540.0001220703125
r32_8x32,L1,0.736,540.0001220703125
r32_8x32,L1,0.737,540.0001220703125
r32_8x32,L1,0.738,540.0001220703125
r32_8x32,L1,0.739,540.0001220703125
r32_8x32,L1,0.74,540.0001220703125
r32_8x32,L1,0.741,540.0001220703125
r32_8x32,L1,0.742,540.0001220703125
r32_8x32,L1,0.743,540.0001220703125
r32_8x32,L1,0.744,540.0001220703125
r32_8x32,L1,0.745,540.0001220703125
r32_8x32,L1,0.746,540.0001220703125
r32_8x32,L1,0.747,540.0001220703125
r32_8x32,L1,0.748,540.0001220703125
r32_8x32,L1,0.749,540.0001220703125
r32_8x32,L1,0.75,540.0001220703125
r32_8x32,L1,0.751,540.0001220703125
r32_8x32,L1,0.752,540.0001220703125
r32_8x32,L1,0.753,540.0001220703125
r32_8x32,L1,0.754,540.0001220703125
r32_8x32,L1,0.755,540.0001220703125
r32_8x32,L1,0.756,540.0001220703125
r32_8x32,L1,0.757,540.0001220703125
r32_8x32,L1,0.758,540.0001220703125
r32_8x32,L1,0.759,540.0001220703125
r32_8x32,L1,0.76,540.0001220703125
r32_8x32,L1,0.761,540.0001220703125
r32_8x32,L1,0.762,540.0001220703125
r32_8x32,L1,0.763,540.0001220703125
r32_8x32,L1,0.764,540.0001220703125
r32_8x32,L1,0.765,540.0001220703125
r32_8x32,L1,0.766,540.0001220703125
r32_8x32,L1,0.767,540.0001220703125
r32_8x32,L1,0.768,540.0001220703125
r32_8x32,L1,0.769,540.0001220703125
r32_8x32,L1,0.77,540.0001220703125
r32_8x32,L1,0.771,540.0001220703125
r32_8x32,L1,0.772,540.0001220703125
r32_8x32,L1,0.773,540.0001220703125
r32_8x32,L1,0.774,540.0001220703125
r32_8x32,L1,0.775,540.0001220703125
r32_8x32,L1,0.776,540.0001220703125
r32_8x32,L1,0.777,540.0001220703125
r32_8x32,L1,0.778,540.0001220703125
r32_8x32,L1,0.779,540.0001220703125
r32_8x32,L1,0.78,540.0001220703125
r32_8x32,L1,0.781,540.0001220703125
r32_8x32,L1,0.782,540.0001220703125
r32_8x32,L1,0.783,540.0001220703125
r32_8x32,L1,0.784,540.0001220703125
r32_8x32,L1,0.785,540.0001220703125
r32_8x32,L1,0.786,540.0001220703125
r32_8x32,L1,0.787,540.0001220703125
r32_8x32,L1,0.788,540.0001220703125
r32_8x32,L1,0.789,540.0001220703125
r32_8x32,L1,0.79,540.0001220703125
r32_8x32,L1,0.791,540.0001220703125
r32_8x32,L1,0.792,540.0001220703125
r32_8x32,L1,0.793,540.0001220703125
r32_8x32,L1,0.794,540.0001220703125
r32_8x32,L1,0.795,540.0001220703125
r32_8x32,L1,0.796,540.0001220703125
r32_8x32,L1,0.797,540.0001220703125
r32_8x32,L1,0.798,540.0001220703125
r32_8x32,L1,0.799,540.0001220703125
r32_8x32,L1,0.8,540.0001220703125
r32_8x32,L1,0.801,542.498779296875
r32_8x32,L1,0.802,542.498779296875
r32_8x32,L1,0.803,542.498779296875
r32_8x32,L1,0.804,542.4999389648438
r32_8x32,L1,0.805,542.4999389648438
r32_8x32,L1,0.806,542.4999389648438
r32_8x32,L1,0.807,542.5
r32_8x32,L1,0.808,542.5003051757812
r32_8x32,L1,0.809,542.5003051757812
r32_8x32,L1,0.81,542.5003051757812
r32_8x32,L1,0.811,542.5003051757812
r32_8x32,L1,0.812,542.5003051757812
r32_8x32,L1,0.813,542.5003051757812
r32_8x32,L1,0.814,542.5003051757812
r32_8x32,L1,0.815,542.5003051757812
r32_8x32,L1,0.816,542.5003051757812
r32_8x32,L1,0.817,542.5003051757812
r32_8x32,L1,0.818,542.5003051757812
r32_8x32,L1,0.819,542.5003051757812
r32_8x32,L1,0.82,542.5003051757812
r32_8x32,L1,0.821,544.9996948242188
r32_8x32,L1,0.822,544.9996948242188
r32_8x32,L1,0.823,544.9996948242188
r32_8x32,L1,0.824,544.9996948242188
r32_8x32,L1,0.825,544.9996948242188
r32_8x32,L1,0.826,544.9996948242188
r32_8x32,L1,0.827,544.9996948242188
r32_8x32,L1,0.828,544.9996948242188
r32_8x32,L1,0.829,544.9996948242188
r32_8x32,L1,0.83,544.9996948242188
r32_8x32,L1,0.831,544.9996948242188
r32_8x32,L1,0.832,544.9996948242188
r32_8x32,L1,0.833,545.0
r32_8x32,L1,0.834,545.0000610351562
r32_8x32,L1,0.835,545.0000610351562
r32_8x32,L1,0.836,545.0000610351562
r32_8x32,L1,0.837,545.001220703125
r32_8x32,L1,0.838,545.001220703125
r32_8x32,L1,0.839,545.001220703125
r32_8x32,L1,0.84,547.4998168945312
r32_8x32,L1,0.841,547.4998168945312
r32_8x32,L1,0.842,547.4998168945312
r32_8x32,L1,0.843,547.4998168945312
r32_8x32,L1,0.844,547.4998168945312
r32_8x32,L1,0.845,547.5
r32_8x32,L1,0.846,547.5000610351562
r32_8x32,L1,0.847,547.5006103515625
r32_8x32,L1,0.848,547.5006103515625
r32_8x32,L1,0.849,547.5006103515625
r32_8x32,L1,0.85,547.5006103515625
r32_8x32,L1,0.851,547.5006103515625
r32_8x32,L1,0.852,547.5006103515625
r32_8x32,L1,0.853,547.5006103515625
r32_8x32,L1,0.854,547.5006103515625
r32_8x32,L1,0.855,547.5006103515625
r32_8x32,L1,0.856,547.5006103515625
r32_8x32,L1,0.857,547.5006103515625
r32_8x32,L1,0.858,550.0
r32_8x32,L1,0.859,550.0
r32_8x32,L1,0.86,550.0
r32_8x32,L1,0.861,550.0
r32_8x32,L1,0.862,550.0
r32_8x32,L1,0.863,550.0
r32_8x32,L1,0.864,550.0
r32_8x32,L1,0.865,550.0
r32_8x32,L1,0.866,550.0
r32_8x32,L1,0.867,550.0
r32_8x32,L1,0.868,550.0
r32_8x32,L1,0.869,550.0
r32_8x32,L1,0.87,550.0
r32_8x32,L1,0.871,550.0
r32_8x32,L1,0.872,550.0
r32_8x32,L1,0.873,550.0
r32_8x32,L1,0.874,550.0
r32_8x32,L1,0.875,550.0
r32_8x32,L1,0.876,552.4993896484375
r32_8x32,L1,0.877,552.4993896484375
r32_8x32,L1,0.878,552.4993896484375
r32_8x32,L1,0.879,552.4993896484375
r32_8x32,L1,0.88,552.4993896484375
r32_8x32,L1,0.881,552.4993896484375
r32_8x32,L1,0.882,552.4993896484375
r32_8x32,L1,0.883,552.4993896484375
r32_8x32,L1,0.884,552.4993896484375
r32_8x32,L1,0.885,552.4993896484375
r32_8x32,L1,0.886,552.4999389648438
r32_8x32,L1,0.887,552.5001831054688
r32_8x32,L1,0.888,552.5001831054688
r32_8x32,L1,0.889,552.5001831054688
r32_8x32,L1,0.89,552.5001831054688
r32_8x32,L1,0.891,552.5001831054688
r32_8x32,L1,0.892,554.9988403320312
r32_8x32,L1,0.893,554.9988403320312
r32_8x32,L1,0.894,554.9988403320312
r32_8x32,L1,0.895,554.9999389648438
r32_8x32,L1,0.896,554.9999389648438
r32_8x32,L1,0.897,555.0
r32_8x32,L1,0.898,555.0003051757812
r32_8x32,L1,0.899,555.0003051757812
r32_8x32,L1,0.9,555.0003051757812
r32_8x32,L1,0.901,555.0003051757812
r32_8x32,L1,0.902,555.0003051757812
r32_8x32,L1,0.903,555.0003051757812
r32_8x32,L1,0.904,555.0003051757812
r32_8x32,L1,0.905,555.0003051757812
r32_8x32,L1,0.906,555.0003051757812
r32_8x32,L1,0.907,555.0003051757812
r32_8x32,L1,0.908,557.4996948242188
r32_8x32,L1,0.909,557.4996948242188
r32_8x32,L1,0.91,557.4996948242188
r32_8x32,L1,0.911,557.4996948242188
r32_8x32,L1,0.912,557.4996948242188
r32_8x32,L1,0.913,557.4996948242188
r32_8x32,L1,0.914,557.4996948242188
r32_8x32,L1,0.915,557.4996948242188
r32_8x32,L1,0.916,557.4996948242188
r32_8x32,L1,0.917,557.5
r32_8x32,L1,0.918,557.5000610351562
r32_8x32,L1,0.919,557.5000610351562
r32_8x32,L1,0.92,557.5012817382812
r32_8x32,L1,0.921,557.5012817382812
r32_8x32,L1,0.922,557.5012817382812
r32_8x32,L1,0.923,559.9998779296875
r32_8x32,L1,0.924,559.9998779296875
r32_8x32,L1,0.925,559.9998779296875
r32_8x32,L1,0.926,559.9998779296875
r32_8x32,L1,0.927,560.0000610351562
r32_8x32,L1,0.928,560.0006103515625
r32_8x32,L1,0.929,560.0006103515625
r32_8x32,L1,0.93,560.0006103515625
r32_8x32,L1,0.931,560.0006103515625
r32_8x32,L1,0.932,560.0006103515625
r32_8x32,L1,0.933,560.0006103515625
r32_8x32,L1,0.934,560.0006103515625
r32_8x32,L1,0.935,560.0006103515625
r32_8x32,L1,0.936,560.0006103515625
r32_8x32,L1,0.937,562.5
r32_8x32,L1,0.938,562.5
r32_8x32,L1,0.939,562.5
r32_8x32,L1,0.94,562.5
r32_8x32,L1,0.941,562.5
r32_8x32,L1,0.942,562.5
r32_8x32,L1,0.943,562.5
r32_8x32,L1,0.944,562.5
r32_8x32,L1,0.945,562.5
r32_8x32,L1,0.946,562.5
r32_8x32,L1,0.947,562.5
r32_8x32,L1,0.948,564.9993896484375
r32_8x32,L1,0.949,564.9993896484375
r32_8x32,L1,0.95,564.9993896484375
r32_8x32,L1,0.951,564.9993896484375
r32_8x32,L1,0.952,564.9993896484375
r32_8x32,L1,0.953,565.0
r32_8x32,L1,0.954,565.0
r32_8x32,L1,0.955,565.0001831054688
r32_8x32,L1,0.956,565.0001831054688
r32_8x32,L1,0.957,565.0001831054688
r32_8x32,L1,0.958,567.498779296875
r32_8x32,L1,0.959,567.4999389648438
r32_8x32,L1,0.96,567.5000610351562
r32_8x32,L1,0.961,567.5003051757812
r32_8x32,L1,0.962,567.5003051757812
r32_8x32,L1,0.963,567.5003051757812
r32_8x32,L1,0.964,567.5003051757812
r32_8x32,L1,0.965,569.9996948242188
r32_8x32,L1,0.966,569.9996948242188
r32_8x32,L1,0.967,569.9996948242188
r32_8x32,L1,0.968,569.9996948242188
r32_8x32,L1,0.969,569.9996948242188
r32_8x32,L1,0.97,570.0001220703125
r32_8x32,L1,0.971,570.0001220703125
r32_8x32,L1,0.972,572.4998779296875
r32_8x32,L1,0.973,572.4998779296875
r32_8x32,L1,0.974,572.5000610351562
r32_8x32,L1,0.975,572.5006713867188
r32_8x32,L1,0.976,572.5006713867188
r32_8x32,L1,0.977,572.5006713867188
r32_8x32,L1,0.978,575.0
r32_8x32,L1,0.979,575.0
r32_8x32,L1,0.98,575.0
r32_8x32,L1,0.981,575.0
r32_8x32,L1,0.982,575.0
r32_8x32,L1,0.983,577.4993896484375
r32_8x32,L1,0.984,577.5
r32_8x32,L1,0.985,577.5001831054688
r32_8x32,L1,0.986,579.998779296875
r32_8x32,L1,0.987,580.0003662109375
r32_8x32,L1,0.988,580.0003662109375
r32_8x32,L1,0.989,582.4996948242188
r32_8x32,L1,0.99,582.4996948242188
r32_8x32,L1,0.991,582.5001220703125
r32_8x32,L1,0.992,585.0000610351562
r32_8x32,L1,0.993,585.0006103515625
r32_8x32,L1,0.994,587.5000610351562
r32_8x32,L1,0.995,589.9993896484375
r32_8x32,L1,0.996,592.498779296875
r32_8x32,L1,0.997,592.5003051757812
r32_8x32,L1,0.998,597.5006103515625
r32_8x32,L1,0.999,637.5
r32_8x32,L1,1.0,805.0
r32_8x32,L2,0.0,182.5
r32_8x32,L2,0.001,387.5000305175781
r32_8x32,L2,0.002,397.5
r32_8x32,L2,0.003,405.0000305175781
r32_8x32,L2,0.004,410.0
r32_8x32,L2,0.005,415.0000305175781
r32_8x32,L2,0.006,420.0
r32_8x32,L2,0.007,425.0
r32_8x32,L2,0.008,427.5
r32_8x32,L2,0.009,432.4999694824219
r32_8x32,L2,0.01,435.0
r32_8x32,L2,0.011,437.5
r32_8x32,L2,0.012,440.0000305175781
r32_8x32,L2,0.013,442.5000305175781
r32_8x32,L2,0.014,442.5000305175781
r32_8x32,L2,0.015,445.0
r32_8x32,L2,0.016,445.0
r32_8x32,L2,0.017,447.5
r32_8x32,L2,0.018,447.5
r32_8x32,L2,0.019,450.0000305175781
r32_8x32,L2,0.02,450.0000305175781
r32_8x32,L2,0.021,452.5000305175781
r32_8x32,L2,0.022,452.5000305175781
r32_8x32,L2,0.023,452.5000305175781
r32_8x32,L2,0.024,452.5000305175781
r32_8x32,L2,0.025,455.0
r32_8x32,L2,0.026,455.0
r32_8x32,L2,0.027,455.0
r32_8x32,L2,0.028,455.0
r32_8x32,L2,0.029,457.4999694824219
r32_8x32,L2,0.03,457.4999694824219
r32_8x32,L2,0.031,457.4999694824219
r32_8x32,L2,0.032,457.4999694824219
r32_8x32,L2,0.033,460.0
r32_8x32,L2,0.034,460.0
r32_8x32,L2,0.035,460.0
r32_8x32,L2,0.036,460.0
r32_8x32,L2,0.037,460.0
r32_8x32,L2,0.038,462.5
r32_8x32,L2,0.039,462.5
r32_8x32,L2,0.04,462.5
r32_8x32,L2,0.041,462.5
r32_8x32,L2,0.042,462.5
r32_8x32,L2,0.043,462.5
r32_8x32,L2,0.044,465.0
r32_8x32,L2,0.045,465.0
r32_8x32,L2,0.046,465.0
r32_8x32,L2,0.047,465.0
r32_8x32,L2,0.048,465.0
r32_8x32,L2,0.049,465.0
r32_8x32,L2,0.05,465.0
r32_8x32,L2,0.051,465.0
r32_8x32,L2,0.052,467.5000305175781
r32_8x32,L2,0.053,467.5000305175781
r32_8x32,L2,0.054,467.5000305175781
r32_8x32,L2,0.055,467.5000305175781
r32_8x32,L2,0.056,467.5000305175781
r32_8x32,L2,0.057,467.5000305175781
r32_8x32,L2,0.058,467.5000305175781
r32_8x32,L2,0.059,467.5000305175781
r32_8x32,L2,0.06,467.5000305175781
r32_8x32,L2,0.061,467.5000305175781
r32_8x32,L2,0.062,470.0
r32_8x32,L2,0.063,470.0
r32_8x32,L2,0.064,470.0
r32_8x32,L2,0.065,470.0
r32_8x32,L2,0.066,470.0
r32_8x32,L2,0.067,470.0
r32_8x32,L2,0.068,470.0
r32_8x32,L2,0.069,470.0
r32_8x32,L2,0.07,470.0
r32_8x32,L2,0.071,470.0
r32_8x32,L2,0.072,470.0
r32_8x32,L2,0.073,472.5
r32_8x32,L2,0.074,472.5
r32_8x32,L2,0.075,472.5
r32_8x32,L2,0.076,472.5
r32_8x32,L2,0.077,472.5
r32_8x32,L2,0.078,472.5
r32_8x32,L2,0.079,472.5
r32_8x32,L2,0.08,472.5
r32_8x32,L2,0.081,472.5
r32_8x32,L2,0.082,472.5
r32_8x32,L2,0.083,472.5
r32_8x32,L2,0.084,472.5
r32_8x32,L2,0.085,475.0
r32_8x32,L2,0.086,475.0
r32_8x32,L2,0.087,475.0
r32_8x32,L2,0.088,475.0
r32_8x32,L2,0.089,475.0
r32_8x32,L2,0.09,475.0
r32_8x32,L2,0.091,475.0
r32_8x32,L2,0.092,475.0
r32_8x32,L2,0.093,475.0
r32_8x32,L2,0.094,475.0
r32_8x32,L2,0.095,475.0
r32_8x32,L2,0.096,475.0
r32_8x32,L2,0.097,475.0
r32_8x32,L2,0.098,475.0
r32_8x32,L2,0.099,477.5000305175781
r32_8x32,L2,0.1,477.5000305175781
r32_8x32,L2,0.101,477.5000305175781
r32_8x32,L2,0.102,477.5000305175781
r32_8x32,L2,0.103,477.5000305175781
r32_8x32,L2,0.104,477.5000305175781
r32_8x32,L2,0.105,477.5000305175781
r32_8x32,L2,0.106,477.5000305175781
r32_8x32,L2,0.107,477.5000305175781
r32_8x32,L2,0.108,477.5000305175781
r32_8x32,L2,0.109,477.5000305175781
r32_8x32,L2,0.11,477.5000305175781
r32_8x32,L2,0.111,477.5000305175781
r32_8x32,L2,0.112,477.5000305175781
r32_8x32,L2,0.113,477.5000305175781
r32_8x32,L2,0.114,480.0000305175781
r32_8x32,L2,0.115,480.0000305175781
r32_8x32,L2,0.116,480.0000305175781
r32_8x32,L2,0.117,480.0000305175781
r32_8x32,L2,0.118,480.0000305175781
r32_8x32,L2,0.119,480.0000305175781
r32_8x32,L2,0.12,480.0000305175781
r32_8x32,L2,0.121,480.0000305175781
r32_8x32,L2,0.122,480.0000305175781
r32_8x32,L2,0.123,480.0000305175781
r32_8x32,L2,0.124,480.0000305175781
r32_8x32,L2,0.125,480.0000305175781
r32_8x32,L2,0.126,480.0000305175781
r32_8x32,L2,0.127,480.0000305175781
r32_8x32,L2,0.128,480.0000305175781
r32_8x32,L2,0.129,480.0000305175781
r32_8x32,L2,0.13,480.0000305175781
r32_8x32,L2,0.131,480.0000305175781
r32_8x32,L2,0.132,482.5
r32_8x32,L2,0.133,482.5
r32_8x32,L2,0.134,482.5
r32_8x32,L2,0.135,482.5
r32_8x32,L2,0.136,482.5
r32_8x32,L2,0.137,482.5
r32_8x32,L2,0.138,482.5
r32_8x32,L2,0.139,482.5
r32_8x32,L2,0.14,482.5
r32_8x32,L2,0.141,482.5
r32_8x32,L2,0.142,482.5
r32_8x32,L2,0.143,482.5
r32_8x32,L2,0.144,482.5
r32_8x32,L2,0.145,482.5
r32_8x32,L2,0.146,482.5
r32_8x32,L2,0.147,482.5
r32_8x32,L2,0.148,482.5
r32_8x32,L2,0.149,482.5
r32_8x32,L2,0.15,482.5
r32_8x32,L2,0.151,482.5
r32_8x32,L2,0.152,482.5
r32_8x32,L2,0.153,482.5
r32_8x32,L2,0.154,484.9999694824219
r32_8x32,L2,0.155,484.9999694824219
r32_8x32,L2,0.156,484.9999694824219
r32_8x32,L2,0.157,484.9999694824219
r32_8x32,L2,0.158,484.9999694824219
r32_8x32,L2,0.159,484.9999694824219
r32_8x32,L2,0.16,484.9999694824219
r32_8x32,L2,0.161,484.9999694824219
r32_8x32,L2,0.162,484.9999694824219
r32_8x32,L2,0.163,484.9999694824219
r32_8x32,L2,0.164,484.9999694824219
r32_8x32,L2,0.165,484.9999694824219
r32_8x32,L2,0.166,484.9999694824219
r32_8x32,L2,0.167,484.9999694824219
r32_8x32,L2,0.168,484.9999694824219
r32_8x32,L2,0.169,484.9999694824219
r32_8x32,L2,0.17,484.9999694824219
r32_8x32,L2,0.171,484.9999694824219
r32_8x32,L2,0.172,484.9999694824219
r32_8x32,L2,0.173,484.9999694824219
r32_8x32,L2,0.174,484.9999694824219
r32_8x32,L2,0.175,484.9999694824219
r32_8x32,L2,0.176,487.5
r32_8x32,L2,0.177,487.5
r32_8x32,L2,0.178,487.5
r32_8x32,L2,0.179,487.5
r32_8x32,L2,0.18,487.5
r32_8x32,L2,0.181,487.5
r32_8x32,L2,0.182,487.5
r32_8x32,L2,0.183,487.5
r32_8x32,L2,0.184,487.5
r32_8x32,L2,0.185,487.5
r32_8x32,L2,0.186,487.5
r32_8x32,L2,0.187,487.5
r32_8x32,L2,0.188,487.5
r32_8x32,L2,0.189,487.5
r32_8x32,L2,0.19,487.5
r32_8x32,L2,0.191,487.5
r32_8x32,L2,0.192,487.5
r32_8x32,L2,0.193,487.5
r32_8x32,L2,0.194,487.5
r32_8x32,L2,0.195,487.5
r32_8x32,L2,0.196,487.5
r32_8x32,L2,0.197,487.5
r32_8x32,L2,0.198,487.5
r32_8x32,L2,0.199,487.5
r32_8x32,L2,0.2,490.0
r32_8x32,L2,0.201,490.0
r32_8x32,L2,0.202,490.0
r32_8x32,L2,0.203,490.0
r32_8x32,L2,0.204,490.0
r32_8x32,L2,0.205,490.0
r32_8x32,L2,0.206,490.0
r32_8x32,L2,0.207,490.0
r32_8x32,L2,0.208,490.0
r32_8x32,L2,0.209,490.0
r32_8x32,L2,0.21,490.0
r32_8x32,L2,0.211,490.0
r32_8x32,L2,0.212,490.0
r32_8x32,L2,0.213,490.0
r32_8x32,L2,0.214,490.0
r32_8x32,L2,0.215,490.0
r32_8x32,L2,0.216,490.0
r32_8x32,L2,0.217,490.0
r32_8x32,L2,0.218,490.0
r32_8x32,L2,0.219,490.0
r32_8x32,L2,0.22,490.0
r32_8x32,L2,0.221,490.0
r32_8x32,L2,0.222,490.0
r32_8x32,L2,0.223,490.0
r32_8x32,L2,0.224,490.0
r32_8x32,L2,0.225,492.5000305175781
r32_8x32,L2,0.226,492.5000305175781
r32_8x32,L2,0.227,492.5000305175781
r32_8x32,L2,0.228,492.5000305175781
r32_8x32,L2,0.229,492.5000305175781
r32_8x32,L2,0.23,492.5000305175781
r32_8x32,L2,0.231,492.5000305175781
r32_8x32,L2,0.232,492.5000305175781
r32_8x32,L2,0.233,492.5000305175781
r32_8x32,L2,0.234,492.5000305175781
r32_8x32,L2,0.235,492.5000305175781
r32_8x32,L2,0.236,492.5000305175781
r32_8x32,L2,0.237,492.5000305175781
r32_8x32,L2,0.238,492.5000305175781
r32_8x32,L2,0.239,492.5000305175781
r32_8x32,L2,0.24,492.5000305175781
r32_8x32,L2,0.241,492.5000305175781
r32_8x32,L2,0.242,492.5000305175781
r32_8x32,L2,0.243,492.5000305175781
r32_8x32,L2,0.244,492.5000305175781
r32_8x32,L2,0.245,492.5000305175781
r32_8x32,L2,0.246,492.5000305175781
r32_8x32,L2,0.247,492.5000305175781
r32_8x32,L2,0.248,492.5000305175781
r32_8x32,L2,0.249,492.5000305175781
r32_8x32,L2,0.25,492.5000305175781
r32_8x32,L2,0.251,494.9999694824219
r32_8x32,L2,0.252,494.9999694824219
r32_8x32,L2,0.253,494.9999694824219
r32_8x32,L2,0.254,494.9999694824219
r32_8x32,L2,0.255,494.9999694824219
r32_8x32,L2,0.256,494.9999694824219
r32_8x32,L2,0.257,494.9999694824219
r32_8x32,L2,0.258,494.9999694824219
r32_8x32,L2,0.259,494.9999694824219
r32_8x32,L2,0.26,494.9999694824219
r32_8x32,L2,0.261,494.9999694824219
r32_8x32,L2,0.262,494.9999694824219
r32_8x32,L2,0.263,494.9999694824219
r32_8x32,L2,0.264,494.9999694824219
r32_8x32,L2,0.265,494.9999694824219
r32_8x32,L2,0.266,494.9999694824219
r32_8x32,L2,0.267,494.9999694824219
r32_8x32,L2,0.268,494.9999694824219
r32_8x32,L2,0.269,494.9999694824219
r32_8x32,L2,0.27,494.9999694824219
r32_8x32,L2,0.271,494.9999694824219
r32_8x32,L2,0.272,494.9999694824219
r32_8x32,L2,0.273,494.9999694824219
r32_8x32,L2,0.274,494.9999694824219
r32_8x32,L2,0.275,494.9999694824219
r32_8x32,L2,0.276,494.9999694824219
r32_8x32,L2,0.277,497.5
r32_8x32,L2,0.278,497.5
r32_8x32,L2,0.279,497.5
r32_8x32,L2,0.28,497.5
r32_8x32,L2,0.281,497.5
r32_8x32,L2,0.282,497.5
r32_8x32,L2,0.283,497.5
r32_8x32,L2,0.284,497.5
r32_8x32,L2,0.285,497.5
r32_8x32,L2,0.286,497.5
r32_8x32,L2,0.287,497.5
r32_8x32,L2,0.288,497.5
r32_8x32,L2,0.289,497.5
r32_8x32,L2,0.29,497.5
r32_8x32,L2,0.291,497.5
r32_8x32,L2,0.292,497.5
r32_8x32,L2,0.293,497.5
r32_8x32,L2,0.294,497.5
r32_8x32,L2,0.295,497.5
r32_8x32,L2,0.296,497.5
r32_8x32,L2,0.297,497.5
r32_8x32,L2,0.298,497.5
r32_8x32,L2,0.299,497.5
r32_8x32,L2,0.3,497.5
r32_8x32,L2,0.301,497.5
r32_8x32,L2,0.302,497.5
r32_8x32,L2,0.303,500.0
r32_8x32,L2,0.304,500.0
r32_8x32,L2,0.305,500.0
r32_8x32,L2,0.306,500.0
r32_8x32,L2,0.307,500.0
r32_8x32,L2,0.308,500.0
r32_8x32,L2,0.309,500.0
r32_8x32,L2,0.31,500.0
r32_8x32,L2,0.311,500.0
r32_8x32,L2,0.312,500.0
r32_8x32,L2,0.313,500.0
r32_8x32,L2,0.314,500.0
r32_8x32,L2,0.315,500.0
r32_8x32,L2,0.316,500.0
r32_8x32,L2,0.317,500.0
r32_8x32,L2,0.318,500.0
r32_8x32,L2,0.319,500.0
r32_8x32,L2,0.32,500.0
r32_8x32,L2,0.321,500.0
r32_8x32,L2,0.322,500.0
r32_8x32,L2,0.323,500.0
r32_8x32,L2,0.324,500.0
r32_8x32,L2,0.325,500.0
r32_8x32,L2,0.326,500.0
r32_8x32,L2,0.327,502.5
r32_8x32,L2,0.328,502.5
r32_8x32,L2,0.329,502.5
r32_8x32,L2,0.33,502.5
r32_8x32,L2,0.331,502.5
r32_8x32,L2,0.332,502.5
r32_8x32,L2,0.333,502.5
r32_8x32,L2,0.334,502.5
r32_8x32,L2,0.335,502.5
r32_8x32,L2,0.336,502.5
r32_8x32,L2,0.337,502.5
r32_8x32,L2,0.338,502.5
r32_8x32,L2,0.339,502.5
r32_8x32,L2,0.34,502.5
r32_8x32,L2,0.341,502.5
r32_8x32,L2,0.342,502.5
r32_8x32,L2,0.343,502.5
r32_8x32,L2,0.344,502.5
r32_8x32,L2,0.345,502.5
r32_8x32,L2,0.346,502.5
r32_8x32,L2,0.347,502.5
r32_8x32,L2,0.348,505.00006103515625
r32_8x32,L2,0.349,505.00006103515625
r32_8x32,L2,0.35,505.00006103515625
r32_8x32,L2,0.351,505.00006103515625
r32_8x32,L2,0.352,505.00006103515625
r32_8x32,L2,0.353,505.00006103515625
r32_8x32,L2,0.354,505.00006103515625
r32_8x32,L2,0.355,505.00006103515625
r32_8x32,L2,0.356,505.00006103515625
r32_8x32,L2,0.357,505.00006103515625
r32_8x32,L2,0.358,505.00006103515625
r32_8x32,L2,0.359,505.00006103515625
r32_8x32,L2,0.36,505.00006103515625
r32_8x32,L2,0.361,505.00006103515625
r32_8x32,L2,0.362,505.00006103515625
r32_8x32,L2,0.363,505.00006103515625
r32_8x32,L2,0.364,505.00006103515625
r32_8x32,L2,0.365,505.00006103515625
r32_8x32,L2,0.366,505.00006103515625
r32_8x32,L2,0.367,505.00006103515625
r32_8x32,L2,0.368,505.00006103515625
r32_8x32,L2,0.369,507.5
r32_8x32,L2,0.37,507.5
r32_8x32,L2,0.371,507.5
r32_8x32,L2,0.372,507.5
r32_8x32,L2,0.373,507.5
r32_8x32,L2,0.374,507.5
r32_8x32,L2,0.375,507.5
r32_8x32,L2,0.376,507.5
r32_8x32,L2,0.377,507.5
r32_8x32,L2,0.378,507.5
r32_8x32,L2,0.379,507.5
r32_8x32,L2,0.38,507.5
r32_8x32,L2,0.381,507.5
r32_8x32,L2,0.382,507.5
r32_8x32,L2,0.383,507.5
r32_8x32,L2,0.384,507.5
r32_8x32,L2,0.385,507.5
r32_8x32,L2,0.386,507.5
r32_8x32,L2,0.387,507.5
r32_8x32,L2,0.388,507.5
r32_8x32,L2,0.389,510.0
r32_8x32,L2,0.39,510.0
r32_8x32,L2,0.391,510.0
r32_8x32,L2,0.392,510.0
r32_8x32,L2,0.393,510.0
r32_8x32,L2,0.394,510.0
r32_8x32,L2,0.395,510.0
r32_8x32,L2,0.396,510.0
r32_8x32,L2,0.397,510.0
r32_8x32,L2,0.398,510.0
r32_8x32,L2,0.399,510.0
r32_8x32,L2,0.4,510.0
r32_8x32,L2,0.401,510.0
r32_8x32,L2,0.402,510.0
r32_8x32,L2,0.403,510.0
r32_8x32,L2,0.404,510.0
r32_8x32,L2,0.405,510.0
r32_8x32,L2,0.406,510.0
r32_8x32,L2,0.407,510.0
r32_8x32,L2,0.408,510.0
r32_8x32,L2,0.409,510.0
r32_8x32,L2,0.41,512.5
r32_8x32,L2,0.411,512.5
r32_8x32,L2,0.412,512.5
r32_8x32,L2,0.413,512.5
r32_8x32,L2,0.414,512.5
r32_8x32,L2,0.415,512.5
r32_8x32,L2,0.416,512.5
r32_8x32,L2,0.417,512.5
r32_8x32,L2,0.418,512.5
r32_8x32,L2,0.419,512.5
r32_8x32,L2,0.42,512.5
r32_8x32,L2,0.421,512.5
r32_8x32,L2,0.422,512.5
r32_8x32,L2,0.423,512.5
r32_8x32,L2,0.424,512.5
r32_8x32,L2,0.425,512.5
r32_8x32,L2,0.426,512.5
r32_8x32,L2,0.427,512.5
r32_8x32,L2,0.428,515.0000610351562
r32_8x32,L2,0.429,515.0000610351562
r32_8x32,L2,0.43,515.0000610351562
r32_8x32,L2,0.431,515.0000610351562
r32_8x32,L2,0.432,515.0000610351562
r32_8x32,L2,0.433,515.0000610351562
r32_8x32,L2,0.434,515.0000610351562
r32_8x32,L2,0.435,515.0000610351562
r32_8x32,L2,0.436,515.0000610351562
r32_8x32,L2,0.437,515.0000610351562
r32_8x32,L2,0.438,515.0000610351562
r32_8x32,L2,0.439,515.0000610351562
r32_8x32,L2,0.44,515.0000610351562
r32_8x32,L2,0.441,515.0000610351562
r32_8x32,L2,0.442,515.0000610351562
r32_8x32,L2,0.443,515.0000610351562
r32_8x32,L2,0.444,515.0000610351562
r32_8x32,L2,0.445,515.0000610351562
r32_8x32,L2,0.446,517.5000610351562
r32_8x32,L2,0.447,517.5000610351562
r32_8x32,L2,0.448,517.5000610351562
r32_8x32,L2,0.449,517.5000610351562
r32_8x32,L2,0.45,517.5000610351562
r32_8x32,L2,0.451,517.5000610351562
r32_8x32,L2,0.452,517.5000610351562
r32_8x32,L2,0.453,517.5000610351562
r32_8x32,L2,0.454,517.5000610351562
r32_8x32,L2,0.455,517.5000610351562
r32_8x32,L2,0.456,517.5000610351562
r32_8x32,L2,0.457,517.5000610351562
r32_8x32,L2,0.458,517.5000610351562
r32_8x32,L2,0.459,517.5000610351562
r32_8x32,L2,0.46,517.5000610351562
r32_8x32,L2,0.461,517.5000610351562
r32_8x32,L2,0.462,517.5000610351562
r32_8x32,L2,0.463,517.5000610351562
r32_8x32,L2,0.464,520.0
r32_8x32,L2,0.465,520.0
r32_8x32,L2,0.466,520.0
r32_8x32,L2,0.467,520.0
r32_8x32,L2,0.468,520.0
r32_8x32,L2,0.469,520.0
r32_8x32,L2,0.47,520.0
r32_8x32,L2,0.471,520.0
r32_8x32,L2,0.472,520.0
r32_8x32,L2,0.473,520.0
r32_8x32,L2,0.474,520.0
r32_8x32,L2,0.475,520.0
r32_8x32,L2,0.476,520.0
r32_8x32,L2,0.477,520.0
r32_8x32,L2,0.478,520.0
r32_8x32,L2,0.479,520.0
r32_8x32,L2,0.48,522.5
r32_8x32,L2,0.481,522.5
r32_8x32,L2,0.482,522.5
r32_8x32,L2,0.483,522.5
r32_8x32,L2,0.484,522.5
r32_8x32,L2,0.485,522.5
r32_8x32,L2,0.486,522.5
r32_8x32,L2,0.487,522.5
r32_8x32,L2,0.488,522.5
r32_8x32,L2,0.489,522.5
r32_8x32,L2,0.49,522.5
r32_8x32,L2,0.491,522.5
r32_8x32,L2,0.492,522.5
r32_8x32,L2,0.493,522.5
r32_8x32,L2,0.494,522.5
r32_8x32,L2,0.495,525.0000610351562
r32_8x32,L2,0.496,525.0000610351562
r32_8x32,L2,0.497,525.0000610351562
r32_8x32,L2,0.498,525.0000610351562
r32_8x32,L2,0.499,525.0000610351562
r32_8x32,L2,0.5,525.0000610351562
r32_8x32,L2,0.501,525.0000610351562
r32_8x32,L2,0.502,525.0000610351562
r32_8x32,L2,0.503,525.0000610351562
r32_8x32,L2,0.504,525.0000610351562
r32_8x32,L2,0.505,525.0000610351562
r32_8x32,L2,0.506,525.0000610351562
r32_8x32,L2,0.507,525.0000610351562
r32_8x32,L2,0.508,525.0000610351562
r32_8x32,L2,0.509,527.5000610351562
r32_8x32,L2,0.51,527.5000610351562
r32_8x32,L2,0.511,527.5000610351562
r32_8x32,L2,0.512,527.5000610351562
r32_8x32,L2,0.513,527.5000610351562
r32_8x32,L2,0.514,527.5000610351562
r32_8x32,L2,0.515,527.5000610351562
r32_8x32,L2,0.516,527.5000610351562
r32_8x32,L2,0.517,527.5000610351562
r32_8x32,L2,0.518,527.5000610351562
r32_8x32,L2,0.519,527.5000610351562
r32_8x32,L2,0.52,527.5000610351562
r32_8x32,L2,0.521,527.5000610351562
r32_8x32,L2,0.522,530.0000610351562
r32_8x32,L2,0.523,530.0000610351562
r32_8x32,L2,0.524,530.0000610351562
r32_8x32,L2,0.525,530.0000610351562
r32_8x32,L2,0.526,530.0000610351562
r32_8x32,L2,0.527,530.0000610351562
r32_8x32,L2,0.528,530.0000610351562
r32_8x32,L2,0.529,530.0000610351562
r32_8x32,L2,0.53,530.0000610351562
r32_8x32,L2,0.531,530.0000610351562
r32_8x32,L2,0.532,530.0000610351562
r32_8x32,L2,0.533,530.0000610351562
r32_8x32,L2,0.534,532.4999389648438
r32_8x32,L2,0.535,532.4999389648438
r32_8x32,L2,0.536,532.4999389648438
r32_8x32,L2,0.537,532.4999389648438
r32_8x32,L2,0.538,532.4999389648438
r32_8x32,L2,0.539,532.4999389648438
r32_8x32,L2,0.54,532.4999389648438
r32_8x32,L2,0.541,532.4999389648438
r32_8x32,L2,0.542,532.4999389648438
r32_8x32,L2,0.543,532.4999389648438
r32_8x32,L2,0.544,532.4999389648438
r32_8x32,L2,0.545,535.0
r32_8x32,L2,0.546,535.0
r32_8x32,L2,0.547,535.0
r32_8x32,L2,0.548,535.0
r32_8x32,L2,0.549,535.0
r32_8x32,L2,0.55,535.0
r32_8x32,L2,0.551,535.0
r32_8x32,L2,0.552,535.0
r32_8x32,L2,0.553,535.0
r32_8x32,L2,0.554,535.0
r32_8x32,L2,0.555,535.0
r32_8x32,L2,0.556,537.5
r32_8x32,L2,0.557,537.5
r32_8x32,L2,0.558,537.5
r32_8x32,L2,0.559,537.5
r32_8x32,L2,0.56,537.5
r32_8x32,L2,0.561,537.5
r32_8x32,L2,0.562,537.5
r32_8x32,L2,0.563,537.5
r32_8x32,L2,0.564,537.5
r32_8x32,L2,0.565,537.5
r32_8x32,L2,0.566,537.5
r32_8x32,L2,0.567,540.0
r32_8x32,L2,0.568,540.0
r32_8x32,L2,0.569,540.0
r32_8x32,L2,0.57,540.0
r32_8x32,L2,0.571,540.0
r32_8x32,L2,0.572,540.0
r32_8x32,L2,0.573,540.0
r32_8x32,L2,0.574,540.0
r32_8x32,L2,0.575,540.0
r32_8x32,L2,0.576,540.0
r32_8x32,L2,0.577,542.5
r32_8x32,L2,0.578,542.5
r32_8x32,L2,0.579,542.5
r32_8x32,L2,0.58,542.5
r32_8x32,L2,0.581,542.5
r32_8x32,L2,0.582,542.5
r32_8x32,L2,0.583,542.5
r32_8x32,L2,0.584,542.5
r32_8x32,L2,0.585,545.0
r32_8x32,L2,0.586,545.0
r32_8x32,L2,0.587,545.0
r32_8x32,L2,0.588,545.0
r32_8x32,L2,0.589,545.0
r32_8x32,L2,0.59,545.0
r32_8x32,L2,0.591,545.0
r32_8x32,L2,0.592,545.0
r32_8x32,L2,0.593,545.0
r32_8x32,L2,0.594,547.5
r32_8x32,L2,0.595,547.5
r32_8x32,L2,0.596,547.5
r32_8x32,L2,0.597,547.5
r32_8x32,L2,0.598,547.5
r32_8x32,L2,0.599,547.5
r32_8x32,L2,0.6,547.5
r32_8x32,L2,0.601,547.5
r32_8x32,L2,0.602,547.5
r32_8x32,L2,0.603,550.0
r32_8x32,L2,0.604,550.0
r32_8x32,L2,0.605,550.0
r32_8x32,L2,0.606,550.0
r32_8x32,L2,0.607,550.0
r32_8x32,L2,0.608,550.0
r32_8x32,L2,0.609,550.0
r32_8x32,L2,0.61,550.0
r32_8x32,L2,0.611,552.5
r32_8x32,L2,0.612,552.5
r32_8x32,L2,0.613,552.5
r32_8x32,L2,0.614,552.5
r32_8x32,L2,0.615,552.5
r32_8x32,L2,0.616,552.5
r32_8x32,L2,0.617,552.5
r32_8x32,L2,0.618,555.0
r32_8x32,L2,0.619,555.0
r32_8x32,L2,0.62,555.0
r32_8x32,L2,0.621,555.0
r32_8x32,L2,0.622,555.0
r32_8x32,L2,0.623,555.0
r32_8x32,L2,0.624,555.0
r32_8x32,L2,0.625,555.0
r32_8x32,L2,0.626,557.5
r32_8x32,L2,0.627,557.5
r32_8x32,L2,0.628,557.5
r32_8x32,L2,0.629,557.5
r32_8x32,L2,0.63,557.5
r32_8x32,L2,0.631,557.5
r32_8x32,L2,0.632,557.5
r32_8x32,L2,0.633,560.0
r32_8x32,L2,0.634,560.0
r32_8x32,L2,0.635,560.0
r32_8x32,L2,0.636,560.0
r32_8x32,L2,0.637,560.0
r32_8x32,L2,0.638,560.0
r32_8x32,L2,0.639,560.0
r32_8x32,L2,0.64,562.5
r32_8x32,L2,0.641,562.5
r32_8x32,L2,0.642,562.5
r32_8x32,L2,0.643,562.5
r32_8x32,L2,0.644,562.5
r32_8x32,L2,0.645,562.5
r32_8x32,L2,0.646,565.0
r32_8x32,L2,0.647,565.0
r32_8x32,L2,0.648,565.0
r32_8x32,L2,0.649,565.0
r32_8x32,L2,0.65,565.0
r32_8x32,L2,0.651,565.0
r32_8x32,L2,0.652,567.5000610351562
r32_8x32,L2,0.653,567.5000610351562
r32_8x32,L2,0.654,567.5000610351562
r32_8x32,L2,0.655,567.5000610351562
r32_8x32,L2,0.656,567.5000610351562
r32_8x32,L2,0.657,567.5000610351562
r32_8x32,L2,0.658,570.0
r32_8x32,L2,0.659,570.0
r32_8x32,L2,0.66,570.0
r32_8x32,L2,0.661,570.0
r32_8x32,L2,0.662,570.0
r32_8x32,L2,0.663,572.5
r32_8x32,L2,0.664,572.5
r32_8x32,L2,0.665,572.5
r32_8x32,L2,0.666,572.5
r32_8x32,L2,0.667,572.5
r32_8x32,L2,0.668,575.0
r32_8x32,L2,0.669,575.0
r32_8x32,L2,0.67,575.0
r32_8x32,L2,0.671,575.0
r32_8x32,L2,0.672,575.0
r32_8x32,L2,0.673,577.5000610351562
r32_8x32,L2,0.674,577.5000610351562
r32_8x32,L2,0.675,577.5000610351562
r32_8x32,L2,0.676,577.5000610351562
r32_8x32,L2,0.677,577.5000610351562
r32_8x32,L2,0.678,580.0000610351562
r32_8x32,L2,0.679,580.0000610351562
r32_8x32,L2,0.68,580.0000610351562
r32_8x32,L2,0.681,580.0000610351562
r32_8x32,L2,0.682,580.0000610351562
r32_8x32,L2,0.683,582.5
r32_8x32,L2,0.684,582.5
r32_8x32,L2,0.685,582.5
r32_8x32,L2,0.686,582.5
r32_8x32,L2,0.687,582.5
r32_8x32,L2,0.688,585.0
r32_8x32,L2,0.689,585.0
r32_8x32,L2,0.69,585.0
r32_8x32,L2,0.691,585.0
r32_8x32,L2,0.692,587.5000610351562
r32_8x32,L2,0.693,587.5000610351562
r32_8x32,L2,0.694,587.5000610351562
r32_8x32,L2,0.695,587.5000610351562
r32_8x32,L2,0.696,587.5000610351562
r32_8x32,L2,0.697,590.0000610351562
r32_8x32,L2,0.698,590.0000610351562
r32_8x32,L2,0.699,590.0000610351562
r32_8x32,L2,0.7,590.0000610351562
r32_8x32,L2,0.701,592.5000610351562
r32_8x32,L2,0.702,592.5000610351562
r32_8x32,L2,0.703,592.5000610351562
r32_8x32,L2,0.704,592.5000610351562
r32_8x32,L2,0.705,594.9999389648438
r32_8x32,L2,0.706,594.9999389648438
r32_8x32,L2,0.707,594.9999389648438
r32_8x32,L2,0.708,594.9999389648438
r32_8x32,L2,0.709,597.5
r32_8x32,L2,0.71,597.5
r32_8x32,L2,0.711,597.5
r32_8x32,L2,0.712,597.5
r32_8x32,L2,0.713,600.0
r32_8x32,L2,0.714,600.0
r32_8x32,L2,0.715,600.0
r32_8x32,L2,0.716,600.0
r32_8x32,L2,0.717,600.0
r32_8x32,L2,0.718,602.5
r32_8x32,L2,0.719,602.5
r32_8x32,L2,0.72,602.5
r32_8x32,L2,0.721,605.0
r32_8x32,L2,0.722,605.0
r32_8x32,L2,0.723,607.5
r32_8x32,L2,0.724,607.5
r32_8x32,L2,0.725,610.0
r32_8x32,L2,0.726,610.0
r32_8x32,L2,0.727,610.0
r32_8x32,L2,0.728,612.5
r32_8x32,L2,0.729,612.5
r32_8x32,L2,0.73,615.0
r32_8x32,L2,0.731,615.0
r32_8x32,L2,0.732,617.5
r32_8x32,L2,0.733,617.5
r32_8x32,L2,0.734,620.0
r32_8x32,L2,0.735,620.0
r32_8x32,L2,0.736,620.0
r32_8x32,L2,0.737,622.5
r32_8x32,L2,0.738,622.5
r32_8x32,L2,0.739,625.0
r32_8x32,L2,0.74,625.0
r32_8x32,L2,0.741,625.0
r32_8x32,L2,0.742,627.5
r32_8x32,L2,0.743,627.5
r32_8x32,L2,0.744,627.5
r32_8x32,L2,0.745,630.0000610351562
r32_8x32,L2,0.746,630.0000610351562
r32_8x32,L2,0.747,632.5
r32_8x32,L2,0.748,632.5
r32_8x32,L2,0.749,632.5
r32_8x32,L2,0.75,635.0
r32_8x32,L2,0.751,635.0
r32_8x32,L2,0.752,635.0
r32_8x32,L2,0.753,637.5
r32_8x32,L2,0.754,637.5
r32_8x32,L2,0.755,640.0000610351562
r32_8x32,L2,0.756,640.0000610351562
r32_8x32,L2,0.757,640.0000610351562
r32_8x32,L2,0.758,642.5000610351562
r32_8x32,L2,0.759,642.5000610351562
r32_8x32,L2,0.76,645.0
r32_8x32,L2,0.761,645.0
r32_8x32,L2,0.762,645.0
r32_8x32,L2,0.763,647.5
r32_8x32,L2,0.764,647.5
r32_8x32,L2,0.765,647.5
r32_8x32,L2,0.766,650.0000610351562
r32_8x32,L2,0.767,650.0000610351562
r32_8x32,L2,0.768,652.5000610351562
r32_8x32,L2,0.769,652.5000610351562
r32_8x32,L2,0.77,652.5000610351562
r32_8x32,L2,0.771,655.0000610351562
r32_8x32,L2,0.772,655.0000610351562
r32_8x32,L2,0.773,657.4999389648438
r32_8x32,L2,0.774,657.4999389648438
r32_8x32,L2,0.775,657.4999389648438
r32_8x32,L2,0.776,660.0
r32_8x32,L2,0.777,660.0
r32_8x32,L2,0.778,660.0
r32_8x32,L2,0.779,662.5
r32_8x32,L2,0.78,662.5
r32_8x32,L2,0.781,662.5
r32_8x32,L2,0.782,665.0
r32_8x32,L2,0.783,665.0
r32_8x32,L2,0.784,665.0
r32_8x32,L2,0.785,667.5
r32_8x32,L2,0.786,667.5
r32_8x32,L2,0.787,670.0
r32_8x32,L2,0.788,670.0
r32_8x32,L2,0.789,670.0
r32_8x32,L2,0.79,672.5
r32_8x32,L2,0.791,672.5
r32_8x32,L2,0.792,672.5
r32_8x32,L2,0.793,675.0
r32_8x32,L2,0.794,675.0
r32_8x32,L2,0.795,675.0
r32_8x32,L2,0.796,677.5
r32_8x32,L2,0.797,677.5
r32_8x32,L2,0.798,680.0
r32_8x32,L2,0.799,680.0
r32_8x32,L2,0.8,680.0
r32_8x32,L2,0.801,682.5
r32_8x32,L2,0.802,682.5
r32_8x32,L2,0.803,685.0
r32_8x32,L2,0.804,685.0
r32_8x32,L2,0.805,687.5
r32_8x32,L2,0.806,687.5
r32_8x32,L2,0.807,687.5
r32_8x32,L2,0.808,690.0
r32_8x32,L2,0.809,690.0
r32_8x32,L2,0.81,692.5000610351562
r32_8x32,L2,0.811,692.5000610351562
r32_8x32,L2,0.812,692.5000610351562
r32_8x32,L2,0.813,695.0
r32_8x32,L2,0.814,697.5
r32_8x32,L2,0.815,697.5
r32_8x32,L2,0.816,697.5
r32_8x32,L2,0.817,700.0
r32_8x32,L2,0.818,700.0
r32_8x32,L2,0.819,702.5000610351562
r32_8x32,L2,0.82,702.5000610351562
r32_8x32,L2,0.821,702.5000610351562
r32_8x32,L2,0.822,705.0000610351562
r32_8x32,L2,0.823,707.5
r32_8x32,L2,0.824,707.5
r32_8x32,L2,0.825,710.0
r32_8x32,L2,0.826,710.0
r32_8x32,L2,0.827,712.5000610351562
r32_8x32,L2,0.828,712.5000610351562
r32_8x32,L2,0.829,715.0000610351562
r32_8x32,L2,0.83,717.5000610351562
r32_8x32,L2,0.831,717.5000610351562
r32_8x32,L2,0.832,719.9999389648438
r32_8x32,L2,0.833,722.5
r32_8x32,L2,0.834,722.5
r32_8x32,L2,0.835,725.0
r32_8x32,L2,0.836,725.0
r32_8x32,L2,0.837,727.5
r32_8x32,L2,0.838,730.0
r32_8x32,L2,0.839,732.5
r32_8x32,L2,0.84,732.5
r32_8x32,L2,0.841,735.0
r32_8x32,L2,0.842,737.5
r32_8x32,L2,0.843,737.5
r32_8x32,L2,0.844,740.0
r32_8x32,L2,0.845,742.5
r32_8x32,L2,0.846,742.5
r32_8x32,L2,0.847,745.0
r32_8x32,L2,0.848,745.0
r32_8x32,L2,0.849,747.5
r32_8x32,L2,0.85,750.0
r32_8x32,L2,0.851,752.5
r32_8x32,L2,0.852,755.0000610351562
r32_8x32,L2,0.853,757.5
r32_8x32,L2,0.854,757.5
r32_8x32,L2,0.855,760.0
r32_8x32,L2,0.856,762.5
r32_8x32,L2,0.857,765.0000610351562
r32_8x32,L2,0.858,767.5000610351562
r32_8x32,L2,0.859,767.5000610351562
r32_8x32,L2,0.86,770.0
r32_8x32,L2,0.861,772.5
r32_8x32,L2,0.862,772.5
r32_8x32,L2,0.863,775.0000610351562
r32_8x32,L2,0.864,777.5000610351562
r32_8x32,L2,0.865,780.0000610351562
r32_8x32,L2,0.866,782.4999389648438
r32_8x32,L2,0.867,785.0
r32_8x32,L2,0.868,785.0
r32_8x32,L2,0.869,787.5
r32_8x32,L2,0.87,790.0
r32_8x32,L2,0.871,790.0
r32_8x32,L2,0.872,792.5
r32_8x32,L2,0.873,795.0
r32_8x32,L2,0.874,797.5
r32_8x32,L2,0.875,797.5
r32_8x32,L2,0.876,800.0
r32_8x32,L2,0.877,800.0
r32_8x32,L2,0.878,802.4999389648438
r32_8x32,L2,0.879,805.0
r32_8x32,L2,0.88,807.5
r32_8x32,L2,0.881,810.0000610351562
r32_8x32,L2,0.882,812.5
r32_8x32,L2,0.883,815.0
r32_8x32,L2,0.884,817.5000610351562
r32_8x32,L2,0.885,820.0
r32_8x32,L2,0.886,820.0
r32_8x32,L2,0.887,822.5000610351562
r32_8x32,L2,0.888,825.0
r32_8x32,L2,0.889,827.5
r32_8x32,L2,0.89,830.0000610351562
r32_8x32,L2,0.891,832.5
r32_8x32,L2,0.892,835.0000610351562
r32_8x32,L2,0.893,837.5000610351562
r32_8x32,L2,0.894,840.0
r32_8x32,L2,0.895,842.5000610351562
r32_8x32,L2,0.896,844.9999389648438
r32_8x32,L2,0.897,847.5
r32_8x32,L2,0.898,850.0
r32_8x32,L2,0.899,852.4999389648438
r32_8x32,L2,0.9,855.0
r32_8x32,L2,0.901,857.5
r32_8x32,L2,0.902,860.0000610351562
r32_8x32,L2,0.903,862.5
r32_8x32,L2,0.904,864.9999389648438
r32_8x32,L2,0.905,867.5
r32_8x32,L2,0.906,870.0
r32_8x32,L2,0.907,872.5000610351562
r32_8x32,L2,0.908,875.0
r32_8x32,L2,0.909,880.0000610351562
r32_8x32,L2,0.91,882.5
r32_8x32,L2,0.911,885.0000610351562
r32_8x32,L2,0.912,887.5
r32_8x32,L2,0.913,892.5000610351562
r32_8x32,L2,0.914,895.0
r32_8x32,L2,0.915,897.5000610351562
r32_8x32,L2,0.916,900.0000610351562
r32_8x32,L2,0.917,905.0000610351562
r32_8x32,L2,0.918,907.4999389648438
r32_8x32,L2,0.919,912.5
r32_8x32,L2,0.92,917.5
r32_8x32,L2,0.921,922.5000610351562
r32_8x32,L2,0.922,927.4999389648438
r32_8x32,L2,0.923,932.5
r32_8x32,L2,0.924,937.5
r32_8x32,L2,0.925,942.5000610351562
r32_8x32,L2,0.926,947.5000610351562
r32_8x32,L2,0.927,950.0
r32_8x32,L2,0.928,952.5
r32_8x32,L2,0.929,957.5
r32_8x32,L2,0.93,962.5000610351562
r32_8x32,L2,0.931,967.5000610351562
r32_8x32,L2,0.932,969.9999389648438
r32_8x32,L2,0.933,975.0
r32_8x32,L2,0.934,977.4999389648438
r32_8x32,L2,0.935,982.5
r32_8x32,L2,0.936,987.5
r32_8x32,L2,0.937,989.9999389648438
r32_8x32,L2,0.938,992.5
r32_8x32,L2,0.939,997.5000610351562
r32_8x32,L2,0.94,1000.0
r32_8x32,L2,0.941,1005.0
r32_8x32,L2,0.942,1010.0001220703125
r32_8x32,L2,0.943,1012.5000610351562
r32_8x32,L2,0.944,1017.5000610351562
r32_8x32,L2,0.945,1022.5000610351562
r32_8x32,L2,0.946,1025.0
r32_8x32,L2,0.947,1030.0001220703125
r32_8x32,L2,0.948,1032.5
r32_8x32,L2,0.949,1037.5
r32_8x32,L2,0.95,1040.0
r32_8x32,L2,0.951,1045.0
r32_8x32,L2,0.952,1047.5
r32_8x32,L2,0.953,1050.0001220703125
r32_8x32,L2,0.954,1052.5
r32_8x32,L2,0.955,1057.5
r32_8x32,L2,0.956,1060.0001220703125
r32_8x32,L2,0.957,1064.9998779296875
r32_8x32,L2,0.958,1070.0
r32_8x32,L2,0.959,1075.0
r32_8x32,L2,0.96,1077.5
r32_8x32,L2,0.961,1082.5
r32_8x32,L2,0.962,1087.5
r32_8x32,L2,0.963,1092.5001220703125
r32_8x32,L2,0.964,1097.5001220703125
r32_8x32,L2,0.965,1105.0
r32_8x32,L2,0.966,1110.0
r32_8x32,L2,0.967,1117.5001220703125
r32_8x32,L2,0.968,1127.4998779296875
r32_8x32,L2,0.969,1135.0001220703125
r32_8x32,L2,0.97,1142.5
r32_8x32,L2,0.971,1152.5
r32_8x32,L2,0.972,1162.5
r32_8x32,L2,0.973,1170.0
r32_8x32,L2,0.974,1187.5
r32_8x32,L2,0.975,1205.0
r32_8x32,L2,0.976,1227.5
r32_8x32,L2,0.977,1252.4998779296875
r32_8x32,L2,0.978,1277.5
r32_8x32,L2,0.979,1297.5
r32_8x32,L2,0.98,1320.0
r32_8x32,L2,0.981,1340.0
r32_8x32,L2,0.982,1357.5
r32_8x32,L2,0.983,1372.5001220703125
r32_8x32,L2,0.984,1387.5
r32_8x32,L2,0.985,1400.0
r32_8x32,L2,0.986,1417.5
r32_8x32,L2,0.987,1435.0001220703125
r32_8x32,L2,0.988,1460.0
r32_8x32,L2,0.989,1480.0
r32_8x32,L2,0.99,1505.0
r32_8x32,L2,0.991,1542.5
r32_8x32,L2,0.992,1590.0
r32_8x32,L2,0.993,1650.0
r32_8x32,L2,0.994,1732.5001220703125
r32_8x32,L2,0.995,1792.4998779296875
r32_8x32,L2,0.996,1887.5
r32_8x32,L2,0.997,1970.0001220703125
r32_8x32,L2,0.998,2092.5
r32_8x32,L2,0.999,2287.500244140625
r32_8x32,L2,1.0,5370.00048828125
r32_8x32,L2-legacy,0.0,47.5006103515625
r32_8x32,L2-legacy,0.001,77.4993896484375
r32_8x32,L2-legacy,0.002,82.50122833251953
r32_8x32,L2-legacy,0.003,87.5
r32_8x32,L2-legacy,0.004,92.50030517578125
r32_8x32,L2-legacy,0.005,95.00008392333984
r32_8x32,L2-legacy,0.006,97.50061798095703
r32_8x32,L2-legacy,0.007,100.0
r32_8x32,L2-legacy,0.008,102.50015258789062
r32_8x32,L2-legacy,0.009,105.00031280517578
r32_8x32,L2-legacy,0.01,162.50001525878906
r32_8x32,L2-legacy,0.011,169.9997100830078
r32_8x32,L2-legacy,0.012,175.0
r32_8x32,L2-legacy,0.013,177.49940490722656
r32_8x32,L2-legacy,0.014,182.49969482421875
r32_8x32,L2-legacy,0.015,185.0006103515625
r32_8x32,L2-legacy,0.016,187.5
r32_8x32,L2-legacy,0.017,190.0001678466797
r32_8x32,L2-legacy,0.018,192.50030517578125
r32_8x32,L2-legacy,0.019,195.00123596191406
r32_8x32,L2-legacy,0.02,200.0
r32_8x32,L2-legacy,0.021,202.4993896484375
r32_8x32,L2-legacy,0.022,204.9999237060547
r32_8x32,L2-legacy,0.023,235.0006103515625
r32_8x32,L2-legacy,0.024,250.0
r32_8x32,L2-legacy,0.025,255.0003204345703
r32_8x32,L2-legacy,0.026,257.501220703125
r32_8x32,L2-legacy,0.027,262.5000305175781
r32_8x32,L2-legacy,0.028,264.9993896484375
r32_8x32,L2-legacy,0.029,265.0001525878906
r32_8x32,L2-legacy,0.03,267.50030517578125
r32_8x32,L2-legacy,0.031,269.9997253417969
r32_8x32,L2-legacy,0.032,270.001220703125
r32_8x32,L2-legacy,0.033,272.5006103515625
r32_8x32,L2-legacy,0.034,272.5006103515625
r32_8x32,L2-legacy,0.035,275.0
r32_8x32,L2-legacy,0.036,277.4994201660156
r32_8x32,L2-legacy,0.037,277.4994201660156
r32_8x32,L2-legacy,0.038,279.998779296875
r32_8x32,L2-legacy,0.039,280.00030517578125
r32_8x32,L2-legacy,0.04,282.49969482421875
r32_8x32,L2-legacy,0.041,282.501220703125
r32_8x32,L2-legacy,0.042,285.00006103515625
r32_8x32,L2-legacy,0.043,285.0006103515625
r32_8x32,L2-legacy,0.044,287.5
r32_8x32,L2-legacy,0.045,287.5
r32_8x32,L2-legacy,0.046,289.9993896484375
r32_8x32,L2-legacy,0.047,290.00018310546875
r32_8x32,L2-legacy,0.048,292.50030517578125
r32_8x32,L2-legacy,0.049,292.50030517578125
r32_8x32,L2-legacy,0.05,294.99969482421875
r32_8x32,L2-legacy,0.051,295.00006103515625
r32_8x32,L2-legacy,0.052,297.4998779296875
r32_8x32,L2-legacy,0.053,297.5006103515625
r32_8x32,L2-legacy,0.054,300.0
r32_8x32,L2-legacy,0.055,300.0
r32_8x32,L2-legacy,0.056,302.4993896484375
r32_8x32,L2-legacy,0.057,304.998779296875
r32_8x32,L2-legacy,0.058,305.00030517578125
r32_8x32,L2-legacy,0.059,310.0006408691406
r32_8x32,L2-legacy,0.06,319.99969482421875
r32_8x32,L2-legacy,0.061,325.0000305175781
r32_8x32,L2-legacy,0.062,329.998779296875
r32_8x32,L2-legacy,0.063,332.4997253417969
r32_8x32,L2-legacy,0.064,334.9998474121094
r32_8x32,L2-legacy,0.065,335.0006103515625
r32_8x32,L2-legacy,0.066,337.5
r32_8x32,L2-legacy,0.067,339.9994201660156
r32_8x32,L2-legacy,0.068,342.498779296875
r32_8x32,L2-legacy,0.069,342.50030517578125
r32_8x32,L2-legacy,0.07,344.99969482421875
r32_8x32,L2-legacy,0.071,344.99969482421875
r32_8x32,L2-legacy,0.072,347.4998474121094
r32_8x32,L2-legacy,0.073,347.5006103515625
r32_8x32,L2-legacy,0.074,347.5006103515625
r32_8x32,L2-legacy,0.075,350.0
r32_8x32,L2-legacy,0.076,350.0
r32_8x32,L2-legacy,0.077,352.4993896484375
r32_8x32,L2-legacy,0.078,352.4993896484375
r32_8x32,L2-legacy,0.079,352.50018310546875
r32_8x32,L2-legacy,0.08,354.9988098144531
r32_8x32,L2-legacy,0.081,355.00030517578125
r32_8x32,L2-legacy,0.082,355.00030517578125
r32_8x32,L2-legacy,0.083,357.49969482421875
r32_8x32,L2-legacy,0.084,357.49969482421875
r32_8x32,L2-legacy,0.085,357.5012512207031
r32_8x32,L2-legacy,0.086,359.9998779296875
r32_8x32,L2-legacy,0.087,360.0006103515625
r32_8x32,L2-legacy,0.088,360.0006103515625
r32_8x32,L2-legacy,0.089,362.5
r32_8x32,L2-legacy,0.09,362.5
r32_8x32,L2-legacy,0.091,362.5
r32_8x32,L2-legacy,0.092,364.9993896484375
r32_8x32,L2-legacy,0.093,364.9993896484375
r32_8x32,L2-legacy,0.094,364.9993896484375
r32_8x32,L2-legacy,0.095,365.0001525878906
r32_8x32,L2-legacy,0.096,367.4999084472656
r32_8x32,L2-legacy,0.097,367.50030517578125
r32_8x32,L2-legacy,0.098,367.50030517578125
r32_8x32,L2-legacy,0.099,369.99969482421875
r32_8x32,L2-legacy,0.1,369.99969482421875
r32_8x32,L2-legacy,0.101,370.0000915527344
r32_8x32,L2-legacy,0.102,370.001220703125
r32_8x32,L2-legacy,0.103,372.4998474121094
r32_8x32,L2-legacy,0.104,372.5006408691406
r32_8x32,L2-legacy,0.105,372.5006408691406
r32_8x32,L2-legacy,0.106,372.5006408691406
r32_8x32,L2-legacy,0.107,375.0
r32_8x32,L2-legacy,0.108,375.0
r32_8x32,L2-legacy,0.109,375.0
r32_8x32,L2-legacy,0.11,375.0
r32_8x32,L2-legacy,0.111,375.0
r32_8x32,L2-legacy,0.112,377.4993896484375
r32_8x32,L2-legacy,0.113,377.4993896484375
r32_8x32,L2-legacy,0.114,377.4993896484375
r32_8x32,L2-legacy,0.115,377.5001525878906
r32_8x32,L2-legacy,0.116,379.998779296875
r32_8x32,L2-legacy,0.117,379.99993896484375
r32_8x32,L2-legacy,0.118,380.0003356933594
r32_8x32,L2-legacy,0.119,380.0003356933594
r32_8x32,L2-legacy,0.12,380.0003356933594
r32_8x32,L2-legacy,0.121,382.49969482421875
r32_8x32,L2-legacy,0.122,382.49969482421875
r32_8x32,L2-legacy,0.123,382.49969482421875
r32_8x32,L2-legacy,0.124,382.5000915527344
r32_8x32,L2-legacy,0.125,382.501220703125
r32_8x32,L2-legacy,0.126,384.9998474121094
r32_8x32,L2-legacy,0.127,385.0006103515625
r32_8x32,L2-legacy,0.128,385.0006103515625
r32_8x32,L2-legacy,0.129,385.0006103515625
r32_8x32,L2-legacy,0.13,385.0006103515625
r32_8x32,L2-legacy,0.131,387.5000305175781
r32_8x32,L2-legacy,0.132,387.5000305175781
r32_8x32,L2-legacy,0.133,387.5000305175781
r32_8x32,L2-legacy,0.134,387.5000305175781
r32_8x32,L2-legacy,0.135,387.5000305175781
r32_8x32,L2-legacy,0.136,387.5000305175781
r32_8x32,L2-legacy,0.137,389.9993896484375
r32_8x32,L2-legacy,0.138,389.9993896484375
r32_8x32,L2-legacy,0.139,389.9993896484375
r32_8x32,L2-legacy,0.14,389.9993896484375
r32_8x32,L2-legacy,0.141,389.9993896484375
r32_8x32,L2-legacy,0.142,390.0001525878906
r32_8x32,L2-legacy,0.143,392.498779296875
r32_8x32,L2-legacy,0.144,392.498779296875
r32_8x32,L2-legacy,0.145,392.50030517578125
r32_8x32,L2-legacy,0.146,392.50030517578125
r32_8x32,L2-legacy,0.147,392.50030517578125
r32_8x32,L2-legacy,0.148,392.50030517578125
r32_8x32,L2-legacy,0.149,392.50030517578125
r32_8x32,L2-legacy,0.15,394.9997253417969
r32_8x32,L2-legacy,0.151,394.9997253417969
r32_8x32,L2-legacy,0.152,394.9997253417969
r32_8x32,L2-legacy,0.153,394.9997253417969
r32_8x32,L2-legacy,0.154,394.9997253417969
r32_8x32,L2-legacy,0.155,395.001220703125
r32_8x32,L2-legacy,0.156,395.001220703125
r32_8x32,L2-legacy,0.157,397.4998474121094
r32_8x32,L2-legacy,0.158,397.4998474121094
r32_8x32,L2-legacy,0.159,397.5006103515625
r32_8x32,L2-legacy,0.16,397.5006103515625
r32_8x32,L2-legacy,0.161,397.5006103515625
r32_8x32,L2-legacy,0.162,397.5006103515625
r32_8x32,L2-legacy,0.163,397.5006103515625
r32_8x32,L2-legacy,0.164,397.5006103515625
r32_8x32,L2-legacy,0.165,400.0
r32_8x32,L2-legacy,0.166,400.0
r32_8x32,L2-legacy,0.167,400.0
r32_8x32,L2-legacy,0.168,400.0
r32_8x32,L2-legacy,0.169,400.0
r32_8x32,L2-legacy,0.17,400.0
r32_8x32,L2-legacy,0.171,400.0
r32_8x32,L2-legacy,0.172,400.0
r32_8x32,L2-legacy,0.173,400.0
r32_8x32,L2-legacy,0.174,402.4994201660156
r32_8x32,L2-legacy,0.175,402.4994201660156
r32_8x32,L2-legacy,0.176,402.4994201660156
r32_8x32,L2-legacy,0.177,402.4994201660156
r32_8x32,L2-legacy,0.178,402.4994201660156
r32_8x32,L2-legacy,0.179,402.4994201660156
r32_8x32,L2-legacy,0.18,402.4994201660156
r32_8x32,L2-legacy,0.181,402.4994201660156
r32_8x32,L2-legacy,0.182,402.5001525878906
r32_8x32,L2-legacy,0.183,402.5001525878906
r32_8x32,L2-legacy,0.184,404.998779296875
r32_8x32,L2-legacy,0.185,404.998779296875
r32_8x32,L2-legacy,0.186,404.99993896484375
r32_8x32,L2-legacy,0.187,405.00030517578125
r32_8x32,L2-legacy,0.188,405.00030517578125
r32_8x32,L2-legacy,0.189,405.00030517578125
r32_8x32,L2-legacy,0.19,405.00030517578125
r32_8x32,L2-legacy,0.191,405.00030517578125
r32_8x32,L2-legacy,0.192,405.00030517578125
r32_8x32,L2-legacy,0.193,405.00030517578125
r32_8x32,L2-legacy,0.194,407.49969482421875
r32_8x32,L2-legacy,0.195,407.49969482421875
r32_8x32,L2-legacy,0.196,407.49969482421875
r32_8x32,L2-legacy,0.197,407.49969482421875
r32_8x32,L2-legacy,0.198,407.49969482421875
r32_8x32,L2-legacy,0.199,407.49969482421875
r32_8x32,L2-legacy,0.2,407.501220703125
r32_8x32,L2-legacy,0.201,407.501220703125
r32_8x32,L2-legacy,0.202,409.9998474121094
r32_8x32,L2-legacy,0.203,410.0006103515625
r32_8x32,L2-legacy,0.204,410.0006103515625
r32_8x32,L2-legacy,0.205,410.0006103515625
r32_8x32,L2-legacy,0.206,410.0006103515625
r32_8x32,L2-legacy,0.207,412.5
r32_8x32,L2-legacy,0.208,412.5
r32_8x32,L2-legacy,0.209,412.5
r32_8x32,L2-legacy,0.21,412.5
r32_8x32,L2-legacy,0.211,412.5
r32_8x32,L2-legacy,0.212,412.5
r32_8x32,L2-legacy,0.213,414.9993896484375
r32_8x32,L2-legacy,0.214,414.9993896484375
r32_8x32,L2-legacy,0.215,414.9993896484375
r32_8x32,L2-legacy,0.216,414.9993896484375
r32_8x32,L2-legacy,0.217,414.9993896484375
r32_8x32,L2-legacy,0.218,414.9993896484375
r32_8x32,L2-legacy,0.219,415.00018310546875
r32_8x32,L2-legacy,0.22,415.00018310546875
r32_8x32,L2-legacy,0.221,417.4988098144531
r32_8x32,L2-legacy,0.222,417.4988098144531
r32_8x32,L2-legacy,0.223,417.49993896484375
r32_8x32,L2-legacy,0.224,417.50030517578125
r32_8x32,L2-legacy,0.225,417.50030517578125
r32_8x32,L2-legacy,0.226,417.50030517578125
r32_8x32,L2-legacy,0.227,417.50030517578125
r32_8x32,L2-legacy,0.228,417.50030517578125
r32_8x32,L2-legacy,0.229,417.50030517578125
r32_8x32,L2-legacy,0.23,417.50030517578125
r32_8x32,L2-legacy,0.231,419.99969482421875
r32_8x32,L2-legacy,0.232,419.99969482421875
r32_8x32,L2-legacy,0.233,419.99969482421875
r32_8x32,L2-legacy,0.234,419.99969482421875
r32_8x32,L2-legacy,0.235,419.99969482421875
r32_8x32,L2-legacy,0.236,419.99969482421875
r32_8x32,L2-legacy,0.237,419.99969482421875
r32_8x32,L2-legacy,0.238,420.00006103515625
r32_8x32,L2-legacy,0.239,420.00006103515625
r32_8x32,L2-legacy,0.24,420.0012512207031
r32_8x32,L2-legacy,0.241,422.4998779296875
r32_8x32,L2-legacy,0.242,422.4998779296875
r32_8x32,L2-legacy,0.243,422.4998779296875
r32_8x32,L2-legacy,0.244,422.4998779296875
r32_8x32,L2-legacy,0.245,422.5006103515625
r32_8x32,L2-legacy,0.246,422.5006103515625
r32_8x32,L2-legacy,0.247,422.5006103515625
r32_8x32,L2-legacy,0.248,422.5006103515625
r32_8x32,L2-legacy,0.249,422.5006103515625
r32_8x32,L2-legacy,0.25,422.5006103515625
r32_8x32,L2-legacy,0.251,422.5006103515625
r32_8x32,L2-legacy,0.252,422.5006103515625
r32_8x32,L2-legacy,0.253,425.0
r32_8x32,L2-legacy,0.254,425.0
r32_8x32,L2-legacy,0.255,425.0
r32_8x32,L2-legacy,0.256,425.0
r32_8x32,L2-legacy,0.257,425.0
r32_8x32,L2-legacy,0.258,425.0
r32_8x32,L2-legacy,0.259,425.0
r32_8x32,L2-legacy,0.26,425.0
r32_8x32,L2-legacy,0.261,425.0
r32_8x32,L2-legacy,0.262,425.0
r32_8x32,L2-legacy,0.263,425.0
r32_8x32,L2-legacy,0.264,425.0
r32_8x32,L2-legacy,0.265,425.0
r32_8x32,L2-legacy,0.266,427.4993896484375
r32_8x32,L2-legacy,0.267,427.4993896484375
r32_8x32,L2-legacy,0.268,427.4993896484375
r32_8x32,L2-legacy,0.269,427.4993896484375
r32_8x32,L2-legacy,0.27,427.4993896484375
r32_8x32,L2-legacy,0.271,427.4993896484375
r32_8x32,L2-legacy,0.272,427.4993896484375
r32_8x32,L2-legacy,0.273,427.4993896484375
r32_8x32,L2-legacy,0.274,427.4993896484375
r32_8x32,L2-legacy,0.275,427.5001525878906
r32_8x32,L2-legacy,0.276,427.5001525878906
r32_8x32,L2-legacy,0.277,427.5001525878906
r32_8x32,L2-legacy,0.278,427.5001525878906
r32_8x32,L2-legacy,0.279,427.5001525878906
r32_8x32,L2-legacy,0.28,429.998779296875
r32_8x32,L2-legacy,0.281,429.998779296875
r32_8x32,L2-legacy,0.282,429.998779296875
r32_8x32,L2-legacy,0.283,429.9999084472656
r32_8x32,L2-legacy,0.284,429.9999084472656
r32_8x32,L2-legacy,0.285,429.9999084472656
r32_8x32,L2-legacy,0.286,430.00030517578125
r32_8x32,L2-legacy,0.287,430.00030517578125
r32_8x32,L2-legacy,0.288,430.00030517578125
r32_8x32,L2-legacy,0.289,430.00030517578125
r32_8x32,L2-legacy,0.29,430.00030517578125
r32_8x32,L2-legacy,0.291,430.00030517578125
r32_8x32,L2-legacy,0.292,430.00030517578125
r32_8x32,L2-legacy,0.293,430.00030517578125
r32_8x32,L2-legacy,0.294,430.00030517578125
r32_8x32,L2-legacy,0.295,430.00030517578125
r32_8x32,L2-legacy,0.296,430.00030517578125
r32_8x32,L2-legacy,0.297,432.49969482421875
r32_8x32,L2-legacy,0.298,432.49969482421875
r32_8x32,L2-legacy,0.299,432.49969482421875
r32_8x32,L2-legacy,0.3,432.49969482421875
r32_8x32,L2-legacy,0.301,432.49969482421875
r32_8x32,L2-legacy,0.302,432.49969482421875
r32_8x32,L2-legacy,0.303,432.49969482421875
r32_8x32,L2-legacy,0.304,432.49969482421875
r32_8x32,L2-legacy,0.305,432.49969482421875
r32_8x32,L2-legacy,0.306,432.49969482421875
r32_8x32,L2-legacy,0.307,432.49969482421875
r32_8x32,L2-legacy,0.308,432.5000915527344
r32_8x32,L2-legacy,0.309,432.5000915527344
r32_8x32,L2-legacy,0.31,432.5000915527344
r32_8x32,L2-legacy,0.311,432.501220703125
r32_8x32,L2-legacy,0.312,432.501220703125
r32_8x32,L2-legacy,0.313,432.501220703125
r32_8x32,L2-legacy,0.314,434.9998474121094
r32_8x32,L2-legacy,0.315,434.9998474121094
r32_8x32,L2-legacy,0.316,434.9998474121094
r32_8x32,L2-legacy,0.317,434.9998474121094
r32_8x32,L2-legacy,0.318,434.9998474121094
r32_8x32,L2-legacy,0.319,434.9998474121094
r32_8x32,L2-legacy,0.32,434.9998474121094
r32_8x32,L2-legacy,0.321,435.0000305175781
r32_8x32,L2-legacy,0.322,435.0006408691406
r32_8x32,L2-legacy,0.323,435.0006408691406
r32_8x32,L2-legacy,0.324,435.0006408691406
r32_8x32,L2-legacy,0.325,435.0006408691406
r32_8x32,L2-legacy,0.326,435.0006408691406
r32_8x32,L2-legacy,0.327,435.0006408691406
r32_8x32,L2-legacy,0.328,435.0006408691406
r32_8x32,L2-legacy,0.329,435.0006408691406
r32_8x32,L2-legacy,0.33,435.0006408691406
r32_8x32,L2-legacy,0.331,435.0006408691406
r32_8x32,L2-legacy,0.332,435.0006408691406
r32_8x32,L2-legacy,0.333,437.5
r32_8x32,L2-legacy,0.334,437.5
r32_8x32,L2-legacy,0.335,437.5
r32_8x32,L2-legacy,0.336,437.5
r32_8x32,L2-legacy,0.337,437.5
r32_8x32,L2-legacy,0.338,437.5
r32_8x32,L2-legacy,0.339,437.5
r32_8x32,L2-legacy,0.34,437.5
r32_8x32,L2-legacy,0.341,437.5
r32_8x32,L2-legacy,0.342,437.5
r32_8x32,L2-legacy,0.343,437.5
r32_8x32,L2-legacy,0.344,437.5
r32_8x32,L2-legacy,0.345,437.5
r32_8x32,L2-legacy,0.346,437.5
r32_8x32,L2-legacy,0.347,437.5
r32_8x32,L2-legacy,0.348,437.5
r32_8x32,L2-legacy,0.349,437.5
r32_8x32,L2-legacy,0.35,437.5
r32_8x32,L2-legacy,0.351,439.9993896484375
r32_8x32,L2-legacy,0.352,439.9993896484375
r32_8x32,L2-legacy,0.353,439.9993896484375
r32_8x32,L2-legacy,0.354,439.9993896484375
r32_8x32,L2-legacy,0.355,439.9993896484375
r32_8x32,L2-legacy,0.356,439.9993896484375
r32_8x32,L2-legacy,0.357,439.9993896484375
r32_8x32,L2-legacy,0.358,439.9993896484375
r32_8x32,L2-legacy,0.359,439.9993896484375
r32_8x32,L2-legacy,0.36,439.9993896484375
r32_8x32,L2-legacy,0.361,439.9993896484375
r32_8x32,L2-legacy,0.362,439.9993896484375
r32_8x32,L2-legacy,0.363,439.9999694824219
r32_8x32,L2-legacy,0.364,440.0001525878906
r32_8x32,L2-legacy,0.365,440.0001525878906
r32_8x32,L2-legacy,0.366,440.0001525878906
r32_8x32,L2-legacy,0.367,440.0001525878906
r32_8x32,L2-legacy,0.368,440.0001525878906
r32_8x32,L2-legacy,0.369,440.0001525878906
r32_8x32,L2-legacy,0.37,440.0001525878906
r32_8x32,L2-legacy,0.371,442.498779296875
r32_8x32,L2-legacy,0.372,442.498779296875
r32_8x32,L2-legacy,0.373,442.498779296875
r32_8x32,L2-legacy,0.374,442.49993896484375
r32_8x32,L2-legacy,0.375,442.49993896484375
r32_8x32,L2-legacy,0.376,442.49993896484375
r32_8x32,L2-legacy,0.377,442.5003356933594
r32_8x32,L2-legacy,0.378,442.5003356933594
r32_8x32,L2-legacy,0.379,442.5003356933594
r32_8x32,L2-legacy,0.38,442.5003356933594
r32_8x32,L2-legacy,0.381,442.5003356933594
r32_8x32,L2-legacy,0.382,442.5003356933594
r32_8x32,L2-legacy,0.383,442.5003356933594
r32_8x32,L2-legacy,0.384,442.5003356933594
r32_8x32,L2-legacy,0.385,442.5003356933594
r32_8x32,L2-legacy,0.386,442.5003356933594
r32_8x32,L2-legacy,0.387,442.5003356933594
r32_8x32,L2-legacy,0.388,442.5003356933594
r32_8x32,L2-legacy,0.389,442.5003356933594
r32_8x32,L2-legacy,0.39,442.5003356933594
r32_8x32,L2-legacy,0.391,444.99969482421875
r32_8x32,L2-legacy,0.392,444.99969482421875
r32_8x32,L2-legacy,0.393,444.99969482421875
r32_8x32,L2-legacy,0.394,444.99969482421875
r32_8x32,L2-legacy,0.395,444.99969482421875
r32_8x32,L2-legacy,0.396,444.99969482421875
r32_8x32,L2-legacy,0.397,444.99969482421875
r32_8x32,L2-legacy,0.398,444.99969482421875
r32_8x32,L2-legacy,0.399,444.99969482421875
r32_8x32,L2-legacy,0.4,444.99969482421875
r32_8x32,L2-legacy,0.401,444.99969482421875
r32_8x32,L2-legacy,0.402,444.99969482421875
r32_8x32,L2-legacy,0.403,444.99969482421875
r32_8x32,L2-legacy,0.404,445.0000915527344
r32_8x32,L2-legacy,0.405,445.0000915527344
r32_8x32,L2-legacy,0.406,445.0000915527344
r32_8x32,L2-legacy,0.407,445.001220703125
r32_8x32,L2-legacy,0.408,445.001220703125
r32_8x32,L2-legacy,0.409,445.001220703125
r32_8x32,L2-legacy,0.41,447.4998474121094
r32_8x32,L2-legacy,0.411,447.4998474121094
r32_8x32,L2-legacy,0.412,447.4998474121094
r32_8x32,L2-legacy,0.413,447.4998474121094
r32_8x32,L2-legacy,0.414,447.4998474121094
r32_8x32,L2-legacy,0.415,447.4998474121094
r32_8x32,L2-legacy,0.416,447.4998474121094
r32_8x32,L2-legacy,0.417,447.4998474121094
r32_8x32,L2-legacy,0.418,447.50006103515625
r32_8x32,L2-legacy,0.419,447.5006103515625
r32_8x32,L2-legacy,0.42,447.5006103515625
r32_8x32,L2-legacy,0.421,447.5006103515625
r32_8x32,L2-legacy,0.422,447.5006103515625
r32_8x32,L2-legacy,0.423,447.5006103515625
r32_8x32,L2-legacy,0.424,447.5006103515625
r32_8x32,L2-legacy,0.425,447.5006103515625
r32_8x32,L2-legacy,0.426,447.5006103515625
r32_8x32,L2-legacy,0.427,447.5006103515625
r32_8x32,L2-legacy,0.428,447.5006103515625
r32_8x32,L2-legacy,0.429,447.5006103515625
r32_8x32,L2-legacy,0.43,447.5006103515625
r32_8x32,L2-legacy,0.431,450.0000305175781
r32_8x32,L2-legacy,0.432,450.0000305175781
r32_8x32,L2-legacy,0.433,450.0000305175781
r32_8x32,L2-legacy,0.434,450.0000305175781
r32_8x32,L2-legacy,0.435,450.0000305175781
r32_8x32,L2-legacy,0.436,450.0000305175781
r32_8x32,L2-legacy,0.437,450.0000305175781
r32_8x32,L2-legacy,0.438,450.0000305175781
r32_8x32,L2-legacy,0.439,450.0000305175781
r32_8x32,L2-legacy,0.44,450.0000305175781
r32_8x32,L2-legacy,0.441,450.0000305175781
r32_8x32,L2-legacy,0.442,450.0000305175781
r32_8x32,L2-legacy,0.443,450.0000305175781
r32_8x32,L2-legacy,0.444,450.0000305175781
r32_8x32,L2-legacy,0.445,450.0000305175781
r32_8x32,L2-legacy,0.446,450.0000305175781
r32_8x32,L2-legacy,0.447,450.0000305175781
r32_8x32,L2-legacy,0.448,450.0000305175781
r32_8x32,L2-legacy,0.449,450.0000305175781
r32_8x32,L2-legacy,0.45,450.0000305175781
r32_8x32,L2-legacy,0.451,452.4993896484375
r32_8x32,L2-legacy,0.452,452.4993896484375
r32_8x32,L2-legacy,0.453,452.4993896484375
r32_8x32,L2-legacy,0.454,452.4993896484375
r32_8x32,L2-legacy,0.455,452.4993896484375
r32_8x32,L2-legacy,0.456,452.4993896484375
r32_8x32,L2-legacy,0.457,452.4993896484375
r32_8x32,L2-legacy,0.458,452.4993896484375
r32_8x32,L2-legacy,0.459,452.4993896484375
r32_8x32,L2-legacy,0.46,452.4993896484375
r32_8x32,L2-legacy,0.461,452.4993896484375
r32_8x32,L2-legacy,0.462,452.4999694824219
r32_8x32,L2-legacy,0.463,452.4999694824219
r32_8x32,L2-legacy,0.464,452.5001525878906
r32_8x32,L2-legacy,0.465,452.5001525878906
r32_8x32,L2-legacy,0.466,452.5001525878906
r32_8x32,L2-legacy,0.467,452.5001525878906
r32_8x32,L2-legacy,0.468,452.5001525878906
r32_8x32,L2-legacy,0.469,452.5001525878906
r32_8x32,L2-legacy,0.47,452.5001525878906
r32_8x32,L2-legacy,0.471,454.998779296875
r32_8x32,L2-legacy,0.472,454.998779296875
r32_8x32,L2-legacy,0.473,454.998779296875
r32_8x32,L2-legacy,0.474,454.99993896484375
r32_8x32,L2-legacy,0.475,454.99993896484375
r32_8x32,L2-legacy,0.476,454.99993896484375
r32_8x32,L2-legacy,0.477,454.99993896484375
r32_8x32,L2-legacy,0.478,455.00030517578125
r32_8x32,L2-legacy,0.479,455.00030517578125
r32_8x32,L2-legacy,0.48,455.00030517578125
r32_8x32,L2-legacy,0.481,455.00030517578125
r32_8x32,L2-legacy,0.482,455.00030517578125
r32_8x32,L2-legacy,0.483,455.00030517578125
r32_8x32,L2-legacy,0.484,455.00030517578125
r32_8x32,L2-legacy,0.485,455.00030517578125
r32_8x32,L2-legacy,0.486,455.00030517578125
r32_8x32,L2-legacy,0.487,455.00030517578125
r32_8x32,L2-legacy,0.488,455.00030517578125
r32_8x32,L2-legacy,0.489,455.00030517578125
r32_8x32,L2-legacy,0.49,455.00030517578125
r32_8x32,L2-legacy,0.491,457.4997253417969
r32_8x32,L2-legacy,0.492,457.4997253417969
r32_8x32,L2-legacy,0.493,457.4997253417969
r32_8x32,L2-legacy,0.494,457.4997253417969
r32_8x32,L2-legacy,0.495,457.4997253417969
r32_8x32,L2-legacy,0.496,457.4997253417969
r32_8x32,L2-legacy,0.497,457.4997253417969
r32_8x32,L2-legacy,0.498,457.4997253417969
r32_8x32,L2-legacy,0.499,457.4997253417969
r32_8x32,L2-legacy,0.5,457.4997253417969
r32_8x32,L2-legacy,0.501,457.4997253417969
r32_8x32,L2-legacy,0.502,457.4997253417969
r32_8x32,L2-legacy,0.503,457.50006103515625
r32_8x32,L2-legacy,0.504,457.50006103515625
r32_8x32,L2-legacy,0.505,457.50006103515625
r32_8x32,L2-legacy,0.506,457.50006103515625
r32_8x32,L2-legacy,0.507,457.501220703125
r32_8x32,L2-legacy,0.508,457.501220703125
r32_8x32,L2-legacy,0.509,457.501220703125
r32_8x32,L2-legacy,0.51,459.9998474121094
r32_8x32,L2-legacy,0.511,459.9998474121094
r32_8x32,L2-legacy,0.512,459.9998474121094
r32_8x32,L2-legacy,0.513,459.9998474121094
r32_8x32,L2-legacy,0.514,459.9998474121094
r32_8x32,L2-legacy,0.515,459.9998474121094
r32_8x32,L2-legacy,0.516,459.9998474121094
r32_8x32,L2-legacy,0.517,460.0000305175781
r32_8x32,L2-legacy,0.518,460.0000305175781
r32_8x32,L2-legacy,0.519,460.0006103515625
r32_8x32,L2-legacy,0.52,460.0006103515625
r32_8x32,L2-legacy,0.521,460.0006103515625
r32_8x32,L2-legacy,0.522,460.0006103515625
r32_8x32,L2-legacy,0.523,460.0006103515625
r32_8x32,L2-legacy,0.524,460.0006103515625
r32_8x32,L2-legacy,0.525,460.0006103515625
r32_8x32,L2-legacy,0.526,460.0006103515625
r32_8x32,L2-legacy,0.527,460.0006103515625
r32_8x32,L2-legacy,0.528,460.0006103515625
r32_8x32,L2-legacy,0.529,462.5
r32_8x32,L2-legacy,0.53,462.5
r32_8x32,L2-legacy,0.531,462.5
r32_8x32,L2-legacy,0.532,462.5
r32_8x32,L2-legacy,0.533,462.5
r32_8x32,L2-legacy,0.534,462.5
r32_8x32,L2-legacy,0.535,462.5
r32_8x32,L2-legacy,0.536,462.5
r32_8x32,L2-legacy,0.537,462.5
r32_8x32,L2-legacy,0.538,462.5
r32_8x32,L2-legacy,0.539,462.5
r32_8x32,L2-legacy,0.54,462.5
r32_8x32,L2-legacy,0.541,462.5
r32_8x32,L2-legacy,0.542,462.5
r32_8x32,L2-legacy,0.543,462.5
r32_8x32,L2-legacy,0.544,462.5
r32_8x32,L2-legacy,0.545,462.5
r32_8x32,L2-legacy,0.546,462.5
r32_8x32,L2-legacy,0.547,464.9994201660156
r32_8x32,L2-legacy,0.548,464.9994201660156
r32_8x32,L2-legacy,0.549,464.9994201660156
r32_8x32,L2-legacy,0.55,464.9994201660156
r32_8x32,L2-legacy,0.551,464.9994201660156
r32_8x32,L2-legacy,0.552,464.9994201660156
r32_8x32,L2-legacy,0.553,464.9994201660156
r32_8x32,L2-legacy,0.554,464.9994201660156
r32_8x32,L2-legacy,0.555,464.9994201660156
r32_8x32,L2-legacy,0.556,464.9994201660156
r32_8x32,L2-legacy,0.557,464.9999694824219
r32_8x32,L2-legacy,0.558,465.0001525878906
r32_8x32,L2-legacy,0.559,465.0001525878906
r32_8x32,L2-legacy,0.56,465.0001525878906
r32_8x32,L2-legacy,0.561,465.0001525878906
r32_8x32,L2-legacy,0.562,465.0001525878906
r32_8x32,L2-legacy,0.563,465.0001525878906
r32_8x32,L2-legacy,0.564,465.0001525878906
r32_8x32,L2-legacy,0.565,467.498779296875
r32_8x32,L2-legacy,0.566,467.498779296875
r32_8x32,L2-legacy,0.567,467.498779296875
r32_8x32,L2-legacy,0.568,467.49993896484375
r32_8x32,L2-legacy,0.569,467.49993896484375
r32_8x32,L2-legacy,0.57,467.49993896484375
r32_8x32,L2-legacy,0.571,467.49993896484375
r32_8x32,L2-legacy,0.572,467.50030517578125
r32_8x32,L2-legacy,0.573,467.50030517578125
r32_8x32,L2-legacy,0.574,467.50030517578125
r32_8x32,L2-legacy,0.575,467.50030517578125
r32_8x32,L2-legacy,0.576,467.50030517578125
r32_8x32,L2-legacy,0.577,467.50030517578125
r32_8x32,L2-legacy,0.578,467.50030517578125
r32_8x32,L2-legacy,0.579,467.50030517578125
r32_8x32,L2-legacy,0.58,467.50030517578125
r32_8x32,L2-legacy,0.581,467.50030517578125
r32_8x32,L2-legacy,0.582,467.50030517578125
r32_8x32,L2-legacy,0.583,467.50030517578125
r32_8x32,L2-legacy,0.584,469.99969482421875
r32_8x32,L2-legacy,0.585,469.99969482421875
r32_8x32,L2-legacy,0.586,469.99969482421875
r32_8x32,L2-legacy,0.587,469.99969482421875
r32_8x32,L2-legacy,0.588,469.99969482421875
r32_8x32,L2-legacy,0.589,469.99969482421875
r32_8x32,L2-legacy,0.59,469.99969482421875
r32_8x32,L2-legacy,0.591,469.99969482421875
r32_8x32,L2-legacy,0.592,469.99969482421875
r32_8x32,L2-legacy,0.593,469.99969482421875
r32_8x32,L2-legacy,0.594,470.0000915527344
r32_8x32,L2-legacy,0.595,470.0000915527344
r32_8x32,L2-legacy,0.596,470.0000915527344
r32_8x32,L2-legacy,0.597,470.0000915527344
r32_8x32,L2-legacy,0.598,470.001220703125
r32_8x32,L2-legacy,0.599,470.001220703125
r32_8x32,L2-legacy,0.6,470.001220703125
r32_8x32,L2-legacy,0.601,472.4998474121094
r32_8x32,L2-legacy,0.602,472.4998474121094
r32_8x32,L2-legacy,0.603,472.4998474121094
r32_8x32,L2-legacy,0.604,472.4998474121094
r32_8x32,L2-legacy,0.605,472.4998474121094
r32_8x32,L2-legacy,0.606,472.4998474121094
r32_8x32,L2-legacy,0.607,472.50006103515625
r32_8x32,L2-legacy,0.608,472.5006103515625
r32_8x32,L2-legacy,0.609,472.5006103515625
r32_8x32,L2-legacy,0.61,472.5006103515625
r32_8x32,L2-legacy,0.611,472.5006103515625
r32_8x32,L2-legacy,0.612,472.5006103515625
r32_8x32,L2-legacy,0.613,472.5006103515625
r32_8x32,L2-legacy,0.614,472.5006103515625
r32_8x32,L2-legacy,0.615,472.5006103515625
r32_8x32,L2-legacy,0.616,472.5006103515625
r32_8x32,L2-legacy,0.617,472.5006103515625
r32_8x32,L2-legacy,0.618,475.0
r32_8x32,L2-legacy,0.619,475.0
r32_8x32,L2-legacy,0.62,475.0
r32_8x32,L2-legacy,0.621,475.0
r32_8x32,L2-legacy,0.622,475.0
r32_8x32,L2-legacy,0.623,475.0
r32_8x32,L2-legacy,0.624,475.0
r32_8x32,L2-legacy,0.625,475.0
r32_8x32,L2-legacy,0.626,475.0
r32_8x32,L2-legacy,0.627,475.0
r32_8x32,L2-legacy,0.628,475.0
r32_8x32,L2-legacy,0.629,475.0
r32_8x32,L2-legacy,0.63,475.0
r32_8x32,L2-legacy,0.631,475.0
r32_8x32,L2-legacy,0.632,475.0
r32_8x32,L2-legacy,0.633,475.0
r32_8x32,L2-legacy,0.634,475.0
r32_8x32,L2-legacy,0.635,477.4993896484375
r32_8x32,L2-legacy,0.636,477.4993896484375
r32_8x32,L2-legacy,0.637,477.4993896484375
r32_8x32,L2-legacy,0.638,477.4993896484375
r32_8x32,L2-legacy,0.639,477.4993896484375
r32_8x32,L2-legacy,0.64,477.4993896484375
r32_8x32,L2-legacy,0.641,477.4993896484375
r32_8x32,L2-legacy,0.642,477.4993896484375
r32_8x32,L2-legacy,0.643,477.4993896484375
r32_8x32,L2-legacy,0.644,477.4999694824219
r32_8x32,L2-legacy,0.645,477.50018310546875
r32_8x32,L2-legacy,0.646,477.50018310546875
r32_8x32,L2-legacy,0.647,477.50018310546875
r32_8x32,L2-legacy,0.648,477.50018310546875
r32_8x32,L2-legacy,0.649,477.50018310546875
r32_8x32,L2-legacy,0.65,477.50018310546875
r32_8x32,L2-legacy,0.651,479.9988098144531
r32_8x32,L2-legacy,0.652,479.9988098144531
r32_8x32,L2-legacy,0.653,479.99993896484375
r32_8x32,L2-legacy,0.654,479.99993896484375
r32_8x32,L2-legacy,0.655,479.99993896484375
r32_8x32,L2-legacy,0.656,480.0000305175781
r32_8x32,L2-legacy,0.657,480.00030517578125
r32_8x32,L2-legacy,0.658,480.00030517578125
r32_8x32,L2-legacy,0.659,480.00030517578125
r32_8x32,L2-legacy,0.66,480.00030517578125
r32_8x32,L2-legacy,0.661,480.00030517578125
r32_8x32,L2-legacy,0.662,480.00030517578125
r32_8x32,L2-legacy,0.663,480.00030517578125
r32_8x32,L2-legacy,0.664,480.00030517578125
r32_8x32,L2-legacy,0.665,480.00030517578125
r32_8x32,L2-legacy,0.666,480.00030517578125
r32_8x32,L2-legacy,0.667,482.49969482421875
r32_8x32,L2-legacy,0.668,482.49969482421875
r32_8x32,L2-legacy,0.669,482.49969482421875
r32_8x32,L2-legacy,0.67,482.49969482421875
r32_8x32,L2-legacy,0.671,482.49969482421875
r32_8x32,L2-legacy,0.672,482.49969482421875
r32_8x32,L2-legacy,0.673,482.49969482421875
r32_8x32,L2-legacy,0.674,482.49969482421875
r32_8x32,L2-legacy,0.675,482.49969482421875
r32_8x32,L2-legacy,0.676,482.49969482421875
r32_8x32,L2-legacy,0.677,482.50006103515625
r32_8x32,L2-legacy,0.678,482.50006103515625
r32_8x32,L2-legacy,0.679,482.50006103515625
r32_8x32,L2-legacy,0.68,482.5012512207031
r32_8x32,L2-legacy,0.681,482.5012512207031
r32_8x32,L2-legacy,0.682,484.9998779296875
r32_8x32,L2-legacy,0.683,484.9998779296875
r32_8x32,L2-legacy,0.684,484.9998779296875
r32_8x32,L2-legacy,0.685,484.9998779296875
r32_8x32,L2-legacy,0.686,484.9998779296875
r32_8x32,L2-legacy,0.687,484.9998779296875
r32_8x32,L2-legacy,0.688,485.0000305175781
r32_8x32,L2-legacy,0.689,485.0006103515625
r32_8x32,L2-legacy,0.69,485.0006103515625
r32_8x32,L2-legacy,0.691,485.0006103515625
r32_8x32,L2-legacy,0.692,485.0006103515625
r32_8x32,L2-legacy,0.693,485.0006103515625
r32_8x32,L2-legacy,0.694,485.0006103515625
r32_8x32,L2-legacy,0.695,485.0006103515625
r32_8x32,L2-legacy,0.696,485.0006103515625
r32_8x32,L2-legacy,0.697,487.5
r32_8x32,L2-legacy,0.698,487.5
r32_8x32,L2-legacy,0.699,487.5
r32_8x32,L2-legacy,0.7,487.5
r32_8x32,L2-legacy,0.701,487.5
r32_8x32,L2-legacy,0.702,487.5
r32_8x32,L2-legacy,0.703,487.5
r32_8x32,L2-legacy,0.704,487.5
r32_8x32,L2-legacy,0.705,487.5
r32_8x32,L2-legacy,0.706,487.5
r32_8x32,L2-legacy,0.707,487.5
r32_8x32,L2-legacy,0.708,487.5
r32_8x32,L2-legacy,0.709,487.5
r32_8x32,L2-legacy,0.71,489.9993896484375
r32_8x32,L2-legacy,0.711,489.9993896484375
r32_8x32,L2-legacy,0.712,489.9993896484375
r32_8x32,L2-legacy,0.713,489.9993896484375
r32_8x32,L2-legacy,0.714,489.9993896484375
r32_8x32,L2-legacy,0.715,489.9993896484375
r32_8x32,L2-legacy,0.716,489.9993896484375
r32_8x32,L2-legacy,0.717,489.9999694824219
r32_8x32,L2-legacy,0.718,489.9999694824219
r32_8x32,L2-legacy,0.719,490.0001525878906
r32_8x32,L2-legacy,0.72,490.0001525878906
r32_8x32,L2-legacy,0.721,490.0001525878906
r32_8x32,L2-legacy,0.722,490.0001525878906
r32_8x32,L2-legacy,0.723,490.0001525878906
r32_8x32,L2-legacy,0.724,492.498779296875
r32_8x32,L2-legacy,0.725,492.4999084472656
r32_8x32,L2-legacy,0.726,492.4999084472656
r32_8x32,L2-legacy,0.727,492.4999084472656
r32_8x32,L2-legacy,0.728,492.50030517578125
r32_8x32,L2-legacy,0.729,492.50030517578125
r32_8x32,L2-legacy,0.73,492.50030517578125
r32_8x32,L2-legacy,0.731,492.50030517578125
r32_8x32,L2-legacy,0.732,492.50030517578125
r32_8x32,L2-legacy,0.733,492.50030517578125
r32_8x32,L2-legacy,0.734,492.50030517578125
r32_8x32,L2-legacy,0.735,492.50030517578125
r32_8x32,L2-legacy,0.736,492.50030517578125
r32_8x32,L2-legacy,0.737,494.99969482421875
r32_8x32,L2-legacy,0.738,494.99969482421875
r32_8x32,L2-legacy,0.739,494.99969482421875
r32_8x32,L2-legacy,0.74,494.99969482421875
r32_8x32,L2-legacy,0.741,494.99969482421875
r32_8x32,L2-legacy,0.742,494.99969482421875
r32_8x32,L2-legacy,0.743,494.99969482421875
r32_8x32,L2-legacy,0.744,494.9999694824219
r32_8x32,L2-legacy,0.745,495.0000915527344
r32_8x32,L2-legacy,0.746,495.0000915527344
r32_8x32,L2-legacy,0.747,495.0000915527344
r32_8x32,L2-legacy,0.748,495.001220703125
r32_8x32,L2-legacy,0.749,497.4998474121094
r32_8x32,L2-legacy,0.75,497.4998474121094
r32_8x32,L2-legacy,0.751,497.4998474121094
r32_8x32,L2-legacy,0.752,497.4998474121094
r32_8x32,L2-legacy,0.753,497.4998474121094
r32_8x32,L2-legacy,0.754,497.5000305175781
r32_8x32,L2-legacy,0.755,497.5006408691406
r32_8x32,L2-legacy,0.756,497.5006408691406
r32_8x32,L2-legacy,0.757,497.5006408691406
r32_8x32,L2-legacy,0.758,497.5006408691406
r32_8x32,L2-legacy,0.759,497.5006408691406
r32_8x32,L2-legacy,0.76,497.5006408691406
r32_8x32,L2-legacy,0.761,500.0
r32_8x32,L2-legacy,0.762,500.0
r32_8x32,L2-legacy,0.763,500.0
r32_8x32,L2-legacy,0.764,500.0
r32_8x32,L2-legacy,0.765,500.0
r32_8x32,L2-legacy,0.766,500.0
r32_8x32,L2-legacy,0.767,500.0
r32_8x32,L2-legacy,0.768,500.0
r32_8x32,L2-legacy,0.769,500.0
r32_8x32,L2-legacy,0.77,500.0
r32_8x32,L2-legacy,0.771,500.0
r32_8x32,L2-legacy,0.772,502.4993896484375
r32_8x32,L2-legacy,0.773,502.4993896484375
r32_8x32,L2-legacy,0.774,502.4993896484375
r32_8x32,L2-legacy,0.775,502.4993896484375
r32_8x32,L2-legacy,0.776,502.4993896484375
r32_8x32,L2-legacy,0.777,502.4993896484375
r32_8x32,L2-legacy,0.778,502.5
r32_8x32,L2-legacy,0.779,502.5
r32_8x32,L2-legacy,0.78,502.50018310546875
r32_8x32,L2-legacy,0.781,502.50018310546875
r32_8x32,L2-legacy,0.782,502.50018310546875
r32_8x32,L2-legacy,0.783,504.9988098144531
r32_8x32,L2-legacy,0.784,504.9988098144531
r32_8x32,L2-legacy,0.785,504.99993896484375
r32_8x32,L2-legacy,0.786,504.99993896484375
r32_8x32,L2-legacy,0.787,505.00030517578125
r32_8x32,L2-legacy,0.788,505.00030517578125
r32_8x32,L2-legacy,0.789,505.00030517578125
r32_8x32,L2-legacy,0.79,505.00030517578125
r32_8x32,L2-legacy,0.791,505.00030517578125
r32_8x32,L2-legacy,0.792,505.00030517578125
r32_8x32,L2-legacy,0.793,505.00030517578125
r32_8x32,L2-legacy,0.794,507.49969482421875
r32_8x32,L2-legacy,0.795,507.49969482421875
r32_8x32,L2-legacy,0.796,507.49969482421875
r32_8x32,L2-legacy,0.797,507.49969482421875
r32_8x32,L2-legacy,0.798,507.49969482421875
r32_8x32,L2-legacy,0.799,507.5001220703125
r32_8x32,L2-legacy,0.8,507.5001220703125
r32_8x32,L2-legacy,0.801,507.5012512207031
r32_8x32,L2-legacy,0.802,509.9998779296875
r32_8x32,L2-legacy,0.803,509.9998779296875
r32_8x32,L2-legacy,0.804,509.9998779296875
r32_8x32,L2-legacy,0.805,510.00006103515625
r32_8x32,L2-legacy,0.806,510.0006408691406
r32_8x32,L2-legacy,0.807,510.0006408691406
r32_8x32,L2-legacy,0.808,512.5
r32_8x32,L2-legacy,0.809,512.5
r32_8x32,L2-legacy,0.81,512.5
r32_8x32,L2-legacy,0.811,512.5
r32_8x32,L2-legacy,0.812,512.5
r32_8x32,L2-legacy,0.813,512.5
r32_8x32,L2-legacy,0.814,512.5
r32_8x32,L2-legacy,0.815,514.9993896484375
r32_8x32,L2-legacy,0.816,514.9993896484375
r32_8x32,L2-legacy,0.817,514.9993896484375
r32_8x32,L2-legacy,0.818,515.0
r32_8x32,L2-legacy,0.819,515.0001831054688
r32_8x32,L2-legacy,0.82,515.0001831054688
r32_8x32,L2-legacy,0.821,515.0001831054688
r32_8x32,L2-legacy,0.822,517.498779296875
r32_8x32,L2-legacy,0.823,517.4999389648438
r32_8x32,L2-legacy,0.824,517.5000610351562
r32_8x32,L2-legacy,0.825,517.5003662109375
r32_8x32,L2-legacy,0.826,517.5003662109375
r32_8x32,L2-legacy,0.827,517.5003662109375
r32_8x32,L2-legacy,0.828,517.5003662109375
r32_8x32,L2-legacy,0.829,519.9996948242188
r32_8x32,L2-legacy,0.83,519.9996948242188
r32_8x32,L2-legacy,0.831,519.9996948242188
r32_8x32,L2-legacy,0.832,519.9996948242188
r32_8x32,L2-legacy,0.833,520.0
r32_8x32,L2-legacy,0.834,520.0001220703125
r32_8x32,L2-legacy,0.835,520.001220703125
r32_8x32,L2-legacy,0.836,522.4998779296875
r32_8x32,L2-legacy,0.837,522.4998779296875
r32_8x32,L2-legacy,0.838,522.5000610351562
r32_8x32,L2-legacy,0.839,522.5006103515625
r32_8x32,L2-legacy,0.84,522.5006103515625
r32_8x32,L2-legacy,0.841,522.5006103515625
r32_8x32,L2-legacy,0.842,522.5006103515625
r32_8x32,L2-legacy,0.843,525.0000610351562
r32_8x32,L2-legacy,0.844,525.0000610351562
r32_8x32,L2-legacy,0.845,525.0000610351562
r32_8x32,L2-legacy,0.846,525.0000610351562
r32_8x32,L2-legacy,0.847,525.0000610351562
r32_8x32,L2-legacy,0.848,525.0000610351562
r32_8x32,L2-legacy,0.849,527.4993896484375
r32_8x32,L2-legacy,0.85,527.4993896484375
r32_8x32,L2-legacy,0.851,527.4993896484375
r32_8x32,L2-legacy,0.852,527.4993896484375
r32_8x32,L2-legacy,0.853,527.5
r32_8x32,L2-legacy,0.854,527.5001220703125
r32_8x32,L2-legacy,0.855,527.5001220703125
r32_8x32,L2-legacy,0.856,527.5001220703125
r32_8x32,L2-legacy,0.857,529.998779296875
r32_8x32,L2-legacy,0.858,529.9999389648438
r32_8x32,L2-legacy,0.859,530.0003051757812
r32_8x32,L2-legacy,0.86,530.0003051757812
r32_8x32,L2-legacy,0.861,530.0003051757812
r32_8x32,L2-legacy,0.862,530.0003051757812
r32_8x32,L2-legacy,0.863,532.499755859375
r32_8x32,L2-legacy,0.864,532.499755859375
r32_8x32,L2-legacy,0.865,532.499755859375
r32_8x32,L2-legacy,0.866,532.499755859375
r32_8x32,L2-legacy,0.867,532.5000610351562
r32_8x32,L2-legacy,0.868,532.501220703125
r32_8x32,L2-legacy,0.869,534.9998779296875
r32_8x32,L2-legacy,0.87,534.9998779296875
r32_8x32,L2-legacy,0.871,535.0
r32_8x32,L2-legacy,0.872,535.0006103515625
r32_8x32,L2-legacy,0.873,535.0006103515625
r32_8x32,L2-legacy,0.874,535.0006103515625
r32_8x32,L2-legacy,0.875,537.5
r32_8x32,L2-legacy,0.876,537.5
r32_8x32,L2-legacy,0.877,537.5
r32_8x32,L2-legacy,0.878,537.5
r32_8x32,L2-legacy,0.879,537.5
r32_8x32,L2-legacy,0.88,537.5
r32_8x32,L2-legacy,0.881,539.9994506835938
r32_8x32,L2-legacy,0.882,539.9994506835938
r32_8x32,L2-legacy,0.883,539.9999389648438
r32_8x32,L2-legacy,0.884,540.0001220703125
r32_8x32,L2-legacy,0.885,540.0001220703125
r32_8x32,L2-legacy,0.886,542.498779296875
r32_8x32,L2-legacy,0.887,542.4999389648438
r32_8x32,L2-legacy,0.888,542.5003051757812
r32_8x32,L2-legacy,0.889,542.5003051757812
r32_8x32,L2-legacy,0.89,542.5003051757812
r32_8x32,L2-legacy,0.891,544.9996948242188
r32_8x32,L2-legacy,0.892,544.9996948242188
r32_8x32,L2-legacy,0.893,544.9996948242188
r32_8x32,L2-legacy,0.894,545.0
r32_8x32,L2-legacy,0.895,545.001220703125
r32_8x32,L2-legacy,0.896,547.4998168945312
r32_8x32,L2-legacy,0.897,547.5
r32_8x32,L2-legacy,0.898,547.5006103515625
r32_8x32,L2-legacy,0.899,547.5006103515625
r32_8x32,L2-legacy,0.9,547.5006103515625
r32_8x32,L2-legacy,0.901,550.0
r32_8x32,L2-legacy,0.902,550.0
r32_8x32,L2-legacy,0.903,550.0
r32_8x32,L2-legacy,0.904,550.0
r32_8x32,L2-legacy,0.905,550.0
r32_8x32,L2-legacy,0.906,552.4993896484375
r32_8x32,L2-legacy,0.907,552.4993896484375
r32_8x32,L2-legacy,0.908,552.4999389648438
r32_8x32,L2-legacy,0.909,552.5001831054688
r32_8x32,L2-legacy,0.91,554.9999389648438
r32_8x32,L2-legacy,0.911,555.0
r32_8x32,L2-legacy,0.912,555.0003051757812
r32_8x32,L2-legacy,0.913,555.0003051757812
r32_8x32,L2-legacy,0.914,557.4996948242188
r32_8x32,L2-legacy,0.915,557.4996948242188
r32_8x32,L2-legacy,0.916,557.5000610351562
r32_8x32,L2-legacy,0.917,559.9998779296875
r32_8x32,L2-legacy,0.918,559.9998779296875
r32_8x32,L2-legacy,0.919,560.0006103515625
r32_8x32,L2-legacy,0.92,560.0006103515625
r32_8x32,L2-legacy,0.921,562.5
r32_8x32,L2-legacy,0.922,562.5
r32_8x32,L2-legacy,0.923,562.5
r32_8x32,L2-legacy,0.924,564.9993896484375
r32_8x32,L2-legacy,0.925,564.9993896484375
r32_8x32,L2-legacy,0.926,565.0
r32_8x32,L2-legacy,0.927,565.0001831054688
r32_8x32,L2-legacy,0.928,567.5000610351562
r32_8x32,L2-legacy,0.929,567.5003051757812
r32_8x32,L2-legacy,0.93,567.5003051757812
r32_8x32,L2-legacy,0.931,569.9996948242188
r32_8x32,L2-legacy,0.932,569.9996948242188
r32_8x32,L2-legacy,0.933,570.0
r32_8x32,L2-legacy,0.934,572.4998779296875
r32_8x32,L2-legacy,0.935,572.5000610351562
r32_8x32,L2-legacy,0.936,572.5006713867188
r32_8x32,L2-legacy,0.937,575.0
r32_8x32,L2-legacy,0.938,575.0
r32_8x32,L2-legacy,0.939,575.0
r32_8x32,L2-legacy,0.94,577.4993896484375
r32_8x32,L2-legacy,0.941,577.4993896484375
r32_8x32,L2-legacy,0.942,577.5001831054688
r32_8x32,L2-legacy,0.943,579.9999389648438
r32_8x32,L2-legacy,0.944,580.0003662109375
r32_8x32,L2-legacy,0.945,580.0003662109375
r32_8x32,L2-legacy,0.946,582.4996948242188
r32_8x32,L2-legacy,0.947,582.5001220703125
r32_8x32,L2-legacy,0.948,584.9998779296875
r32_8x32,L2-legacy,0.949,585.0000610351562
r32_8x32,L2-legacy,0.95,585.0006103515625
r32_8x32,L2-legacy,0.951,587.5000610351562
r32_8x32,L2-legacy,0.952,587.5000610351562
r32_8x32,L2-legacy,0.953,589.9993896484375
r32_8x32,L2-legacy,0.954,590.0000610351562
r32_8x32,L2-legacy,0.955,592.5000610351562
r32_8x32,L2-legacy,0.956,592.5003051757812
r32_8x32,L2-legacy,0.957,594.999755859375
r32_8x32,L2-legacy,0.958,594.9999389648438
r32_8x32,L2-legacy,0.959,595.0000610351562
r32_8x32,L2-legacy,0.96,597.5
r32_8x32,L2-legacy,0.961,597.5006103515625
r32_8x32,L2-legacy,0.962,600.0
r32_8x32,L2-legacy,0.963,600.0
r32_8x32,L2-legacy,0.964,602.4994506835938
r32_8x32,L2-legacy,0.965,602.5
r32_8x32,L2-legacy,0.966,604.9999389648438
r32_8x32,L2-legacy,0.967,605.0003051757812
r32_8x32,L2-legacy,0.968,607.4996948242188
r32_8x32,L2-legacy,0.969,612.5
r32_8x32,L2-legacy,0.97,617.4999389648438
r32_8x32,L2-legacy,0.971,622.4998779296875
r32_8x32,L2-legacy,0.972,625.0
r32_8x32,L2-legacy,0.973,630.0000610351562
r32_8x32,L2-legacy,0.974,632.5
r32_8x32,L2-legacy,0.975,637.5
r32_8x32,L2-legacy,0.976,640.0000610351562
r32_8x32,L2-legacy,0.977,644.9996948242188
r32_8x32,L2-legacy,0.978,647.5006103515625
r32_8x32,L2-legacy,0.979,652.5
r32_8x32,L2-legacy,0.98,657.4999389648438
r32_8x32,L2-legacy,0.981,662.5
r32_8x32,L2-legacy,0.982,667.5
r32_8x32,L2-legacy,0.983,672.5
r32_8x32,L2-legacy,0.984,680.0
r32_8x32,L2-legacy,0.985,685.0000610351562
r32_8x32,L2-legacy,0.986,690.0001831054688
r32_8x32,L2-legacy,0.987,697.5006713867188
r32_8x32,L2-legacy,0.988,705.0000610351562
r32_8x32,L2-legacy,0.989,720.0000610351562
r32_8x32,L2-legacy,0.99,732.4996948242188
r32_8x32,L2-legacy,0.991,747.5006103515625
r32_8x32,L2-legacy,0.992,760.0006713867188
r32_8x32,L2-legacy,0.993,775.0000610351562
r32_8x32,L2-legacy,0.994,792.5
r32_8x32,L2-legacy,0.995,804.9999389648438
r32_8x32,L2-legacy,0.996,832.4996948242188
r32_8x32,L2-legacy,0.997,859.9998168945312
r32_8x32,L2-legacy,0.998,894.9996948242188
r32_8x32,L2-legacy,0.999,960.0000610351562
r32_8x32,L2-legacy,1.0,1280.0001220703125
r32_8x32,ns3,0.0,275.0654296875
r32_8x32,ns3,0.001,317.5713806152344
r32_8x32,ns3,0.002,335.0672607421875
r32_8x32,ns3,0.003,345.07073974609375
r32_8x32,ns3,0.004,352.5690002441406
r32_8x32,ns3,0.005,357.5684814453125
r32_8x32,ns3,0.006,362.5696716308594
r32_8x32,ns3,0.007,367.57086181640625
r32_8x32,ns3,0.008,372.5654602050781
r32_8x32,ns3,0.009,375.0672607421875
r32_8x32,ns3,0.01,377.5654296875
r32_8x32,ns3,0.011,377.56903076171875
r32_8x32,ns3,0.012,380.0672607421875
r32_8x32,ns3,0.013,382.5654296875
r32_8x32,ns3,0.014,382.57073974609375
r32_8x32,ns3,0.015,385.0684814453125
r32_8x32,ns3,0.016,387.5672607421875
r32_8x32,ns3,0.017,387.5690002441406
r32_8x32,ns3,0.018,390.0654296875
r32_8x32,ns3,0.019,390.0684814453125
r32_8x32,ns3,0.02,390.07196044921875
r32_8x32,ns3,0.021,392.5672607421875
r32_8x32,ns3,0.022,392.5690002441406
r32_8x32,ns3,0.023,392.5719299316406
r32_8x32,ns3,0.024,395.0672607421875
r32_8x32,ns3,0.025,395.0684814453125
r32_8x32,ns3,0.026,395.0707702636719
r32_8x32,ns3,0.027,397.5654602050781
r32_8x32,ns3,0.028,397.5672607421875
r32_8x32,ns3,0.029,397.56903076171875
r32_8x32,ns3,0.03,397.5708312988281
r32_8x32,ns3,0.031,400.0654296875
r32_8x32,ns3,0.032,400.0672912597656
r32_8x32,ns3,0.033,400.0690002441406
r32_8x32,ns3,0.034,400.0707702636719
r32_8x32,ns3,0.035,402.5654602050781
r32_8x32,ns3,0.036,402.5672302246094
r32_8x32,ns3,0.037,402.56842041015625
r32_8x32,ns3,0.038,402.56903076171875
r32_8x32,ns3,0.039,402.5702209472656
r32_8x32,ns3,0.04,402.5714111328125
r32_8x32,ns3,0.041,405.0654602050781
r32_8x32,ns3,0.042,405.0672607421875
r32_8x32,ns3,0.043,405.0684509277344
r32_8x32,ns3,0.044,405.06903076171875
r32_8x32,ns3,0.045,405.0702209472656
r32_8x32,ns3,0.046,405.0719299316406
r32_8x32,ns3,0.047,407.5654296875
r32_8x32,ns3,0.048,407.5672607421875
r32_8x32,ns3,0.049,407.5672607421875
r32_8x32,ns3,0.05,407.5684509277344
r32_8x32,ns3,0.051,407.5690002441406
r32_8x32,ns3,0.052,407.5701904296875
r32_8x32,ns3,0.053,407.57073974609375
r32_8x32,ns3,0.054,407.5724792480469
r32_8x32,ns3,0.055,410.0672912597656
r32_8x32,ns3,0.056,410.0672912597656
r32_8x32,ns3,0.057,410.0684814453125
r32_8x32,ns3,0.058,410.0690002441406
r32_8x32,ns3,0.059,410.0690002441406
r32_8x32,ns3,0.06,410.0701904296875
r32_8x32,ns3,0.061,410.0713806152344
r32_8x32,ns3,0.062,410.07421875
r32_8x32,ns3,0.063,412.5672912597656
r32_8x32,ns3,0.064,412.5672912597656
r32_8x32,ns3,0.065,412.5684814453125
r32_8x32,ns3,0.066,412.5684814453125
r32_8x32,ns3,0.067,412.56903076171875
r32_8x32,ns3,0.068,412.5702209472656
r32_8x32,ns3,0.069,412.5707702636719
r32_8x32,ns3,0.07,412.5724792480469
r32_8x32,ns3,0.071,415.0672607421875
r32_8x32,ns3,0.072,415.0672607421875
r32_8x32,ns3,0.073,415.0672607421875
r32_8x32,ns3,0.074,415.0684509277344
r32_8x32,ns3,0.075,415.0684509277344
r32_8x32,ns3,0.076,415.0690002441406
r32_8x32,ns3,0.077,415.06964111328125
r32_8x32,ns3,0.078,415.07073974609375
r32_8x32,ns3,0.079,415.0719299316406
r32_8x32,ns3,0.08,417.5654296875
r32_8x32,ns3,0.081,417.5672607421875
r32_8x32,ns3,0.082,417.5672607421875
r32_8x32,ns3,0.083,417.5672607421875
r32_8x32,ns3,0.084,417.5672607421875
r32_8x32,ns3,0.085,417.5684509277344
r32_8x32,ns3,0.086,417.5690002441406
r32_8x32,ns3,0.087,417.5690002441406
r32_8x32,ns3,0.088,417.56964111328125
r32_8x32,ns3,0.089,417.5701904296875
r32_8x32,ns3,0.09,417.5708312988281
r32_8x32,ns3,0.091,417.572509765625
r32_8x32,ns3,0.092,420.0654602050781
r32_8x32,ns3,0.093,420.0672912597656
r32_8x32,ns3,0.094,420.0672912597656
r32_8x32,ns3,0.095,420.0672912597656
r32_8x32,ns3,0.096,420.0672912597656
r32_8x32,ns3,0.097,420.0684814453125
r32_8x32,ns3,0.098,420.0689697265625
r32_8x32,ns3,0.099,420.0689697265625
r32_8x32,ns3,0.1,420.0696716308594
r32_8x32,ns3,0.101,420.0701599121094
r32_8x32,ns3,0.102,420.07073974609375
r32_8x32,ns3,0.103,420.07135009765625
r32_8x32,ns3,0.104,420.0724792480469
r32_8x32,ns3,0.105,422.5654296875
r32_8x32,ns3,0.106,422.5672912597656
r32_8x32,ns3,0.107,422.5672912597656
r32_8x32,ns3,0.108,422.5672912597656
r32_8x32,ns3,0.109,422.5672912597656
r32_8x32,ns3,0.11,422.5684814453125
r32_8x32,ns3,0.111,422.5684814453125
r32_8x32,ns3,0.112,422.5690002441406
r32_8x32,ns3,0.113,422.5690002441406
r32_8x32,ns3,0.114,422.5696716308594
r32_8x32,ns3,0.115,422.5701904296875
r32_8x32,ns3,0.116,422.5701904296875
r32_8x32,ns3,0.117,422.5707702636719
r32_8x32,ns3,0.118,422.57196044921875
r32_8x32,ns3,0.119,422.57244873046875
r32_8x32,ns3,0.12,425.0654296875
r32_8x32,ns3,0.121,425.0672607421875
r32_8x32,ns3,0.122,425.0672607421875
r32_8x32,ns3,0.123,425.0672607421875
r32_8x32,ns3,0.124,425.0672607421875
r32_8x32,ns3,0.125,425.0672607421875
r32_8x32,ns3,0.126,425.0684814453125
r32_8x32,ns3,0.127,425.0684814453125
r32_8x32,ns3,0.128,425.0690002441406
r32_8x32,ns3,0.129,425.0690002441406
r32_8x32,ns3,0.13,425.0696716308594
r32_8x32,ns3,0.131,425.0701904296875
r32_8x32,ns3,0.132,425.0701904296875
r32_8x32,ns3,0.133,425.0707702636719
r32_8x32,ns3,0.134,425.0713806152344
r32_8x32,ns3,0.135,425.0724792480469
r32_8x32,ns3,0.136,427.5654296875
r32_8x32,ns3,0.137,427.5672302246094
r32_8x32,ns3,0.138,427.5672302246094
r32_8x32,ns3,0.139,427.5672302246094
r32_8x32,ns3,0.14,427.5672302246094
r32_8x32,ns3,0.141,427.5672302246094
r32_8x32,ns3,0.142,427.56842041015625
r32_8x32,ns3,0.143,427.56842041015625
r32_8x32,ns3,0.144,427.5690002441406
r32_8x32,ns3,0.145,427.5690002441406
r32_8x32,ns3,0.146,427.5690002441406
r32_8x32,ns3,0.147,427.56964111328125
r32_8x32,ns3,0.148,427.5701904296875
r32_8x32,ns3,0.149,427.57073974609375
r32_8x32,ns3,0.15,427.5713806152344
r32_8x32,ns3,0.151,427.5719299316406
r32_8x32,ns3,0.152,427.57366943359375
r32_8x32,ns3,0.153,430.0654602050781
r32_8x32,ns3,0.154,430.0672607421875
r32_8x32,ns3,0.155,430.0672607421875
r32_8x32,ns3,0.156,430.0672607421875
r32_8x32,ns3,0.157,430.0672607421875
r32_8x32,ns3,0.158,430.0672607421875
r32_8x32,ns3,0.159,430.0684509277344
r32_8x32,ns3,0.16,430.0684509277344
r32_8x32,ns3,0.161,430.0684509277344
r32_8x32,ns3,0.162,430.06903076171875
r32_8x32,ns3,0.163,430.06903076171875
r32_8x32,ns3,0.164,430.06964111328125
r32_8x32,ns3,0.165,430.0702209472656
r32_8x32,ns3,0.166,430.0702209472656
r32_8x32,ns3,0.167,430.07073974609375
r32_8x32,ns3,0.168,430.0714111328125
r32_8x32,ns3,0.169,430.0720520019531
r32_8x32,ns3,0.17,430.0736999511719
r32_8x32,ns3,0.171,432.5654602050781
r32_8x32,ns3,0.172,432.5672607421875
r32_8x32,ns3,0.173,432.5672607421875
r32_8x32,ns3,0.174,432.5672607421875
r32_8x32,ns3,0.175,432.5672607421875
r32_8x32,ns3,0.176,432.5672607421875
r32_8x32,ns3,0.177,432.5672607421875
r32_8x32,ns3,0.178,432.5684509277344
r32_8x32,ns3,0.179,432.5684509277344
r32_8x32,ns3,0.18,432.5684509277344
r32_8x32,ns3,0.181,432.5690002441406
r32_8x32,ns3,0.182,432.5690002441406
r32_8x32,ns3,0.183,432.5690002441406
r32_8x32,ns3,0.184,432.56964111328125
r32_8x32,ns3,0.185,432.5701904296875
r32_8x32,ns3,0.186,432.5707702636719
r32_8x32,ns3,0.187,432.5707702636719
r32_8x32,ns3,0.188,432.5713806152344
r32_8x32,ns3,0.189,432.57244873046875
r32_8x32,ns3,0.19,435.0654296875
r32_8x32,ns3,0.191,435.0654296875
r32_8x32,ns3,0.192,435.0672607421875
r32_8x32,ns3,0.193,435.0672607421875
r32_8x32,ns3,0.194,435.0672607421875
r32_8x32,ns3,0.195,435.0672607421875
r32_8x32,ns3,0.196,435.0672607421875
r32_8x32,ns3,0.197,435.0672607421875
r32_8x32,ns3,0.198,435.0684509277344
r32_8x32,ns3,0.199,435.0684509277344
r32_8x32,ns3,0.2,435.0684509277344
r32_8x32,ns3,0.201,435.0690002441406
r32_8x32,ns3,0.202,435.0690002441406
r32_8x32,ns3,0.203,435.06964111328125
r32_8x32,ns3,0.204,435.06964111328125
r32_8x32,ns3,0.205,435.0701904296875
r32_8x32,ns3,0.206,435.07073974609375
r32_8x32,ns3,0.207,435.0708312988281
r32_8x32,ns3,0.208,435.07196044921875
r32_8x32,ns3,0.209,435.0724792480469
r32_8x32,ns3,0.21,437.5654296875
r32_8x32,ns3,0.211,437.5654296875
r32_8x32,ns3,0.212,437.5672912597656
r32_8x32,ns3,0.213,437.5672912597656
r32_8x32,ns3,0.214,437.5672912597656
r32_8x32,ns3,0.215,437.5672912597656
r32_8x32,ns3,0.216,437.5672912597656
r32_8x32,ns3,0.217,437.5672912597656
r32_8x32,ns3,0.218,437.5684814453125
r32_8x32,ns3,0.219,437.5684814453125
r32_8x32,ns3,0.22,437.5684814453125
r32_8x32,ns3,0.221,437.5690002441406
r32_8x32,ns3,0.222,437.5690002441406
r32_8x32,ns3,0.223,437.5690002441406
r32_8x32,ns3,0.224,437.5696716308594
r32_8x32,ns3,0.225,437.5701904296875
r32_8x32,ns3,0.226,437.5707702636719
r32_8x32,ns3,0.227,437.5707702636719
r32_8x32,ns3,0.228,437.5713806152344
r32_8x32,ns3,0.229,437.57196044921875
r32_8x32,ns3,0.23,437.57366943359375
r32_8x32,ns3,0.231,440.0654296875
r32_8x32,ns3,0.232,440.0660095214844
r32_8x32,ns3,0.233,440.0672607421875
r32_8x32,ns3,0.234,440.0672607421875
r32_8x32,ns3,0.235,440.0672607421875
r32_8x32,ns3,0.236,440.0672607421875
r32_8x32,ns3,0.237,440.0672607421875
r32_8x32,ns3,0.238,440.0672607421875
r32_8x32,ns3,0.239,440.0684509277344
r32_8x32,ns3,0.24,440.0684509277344
r32_8x32,ns3,0.241,440.0684509277344
r32_8x32,ns3,0.242,440.06903076171875
r32_8x32,ns3,0.243,440.06903076171875
r32_8x32,ns3,0.244,440.06903076171875
r32_8x32,ns3,0.245,440.06964111328125
r32_8x32,ns3,0.246,440.0702209472656
r32_8x32,ns3,0.247,440.0702209472656
r32_8x32,ns3,0.248,440.0707092285156
r32_8x32,ns3,0.249,440.0714111328125
r32_8x32,ns3,0.25,440.0718994140625
r32_8x32,ns3,0.251,440.0730895996094
r32_8x32,ns3,0.252,442.5654296875
r32_8x32,ns3,0.253,442.5654296875
r32_8x32,ns3,0.254,442.5672607421875
r32_8x32,ns3,0.255,442.5672607421875
r32_8x32,ns3,0.256,442.5672607421875
r32_8x32,ns3,0.257,442.5672607421875
r32_8x32,ns3,0.258,442.5672607421875
r32_8x32,ns3,0.259,442.5672607421875
r32_8x32,ns3,0.26,442.5684509277344
r32_8x32,ns3,0.261,442.5684509277344
r32_8x32,ns3,0.262,442.5684509277344
r32_8x32,ns3,0.263,442.56903076171875
r32_8x32,ns3,0.264,442.56903076171875
r32_8x32,ns3,0.265,442.56903076171875
r32_8x32,ns3,0.266,442.56964111328125
r32_8x32,ns3,0.267,442.5702209472656
r32_8x32,ns3,0.268,442.5702209472656
r32_8x32,ns3,0.269,442.57073974609375
r32_8x32,ns3,0.27,442.5708312988281
r32_8x32,ns3,0.271,442.5719299316406
r32_8x32,ns3,0.272,442.572509765625
r32_8x32,ns3,0.273,445.0654602050781
r32_8x32,ns3,0.274,445.0654602050781
r32_8x32,ns3,0.275,445.0654602050781
r32_8x32,ns3,0.276,445.0672607421875
r32_8x32,ns3,0.277,445.0672607421875
r32_8x32,ns3,0.278,445.0672607421875
r32_8x32,ns3,0.279,445.0672607421875
r32_8x32,ns3,0.28,445.0672607421875
r32_8x32,ns3,0.281,445.0672607421875
r32_8x32,ns3,0.282,445.0672607421875
r32_8x32,ns3,0.283,445.0684509277344
r32_8x32,ns3,0.284,445.0684509277344
r32_8x32,ns3,0.285,445.0684509277344
r32_8x32,ns3,0.286,445.0690002441406
r32_8x32,ns3,0.287,445.0690002441406
r32_8x32,ns3,0.288,445.06964111328125
r32_8x32,ns3,0.289,445.0701904296875
r32_8x32,ns3,0.29,445.0701904296875
r32_8x32,ns3,0.291,445.07073974609375
r32_8x32,ns3,0.292,445.0713806152344
r32_8x32,ns3,0.293,445.0719299316406
r32_8x32,ns3,0.294,445.07421875
r32_8x32,ns3,0.295,447.5653991699219
r32_8x32,ns3,0.296,447.5653991699219
r32_8x32,ns3,0.297,447.5653991699219
r32_8x32,ns3,0.298,447.5672912597656
r32_8x32,ns3,0.299,447.5672912597656
r32_8x32,ns3,0.3,447.5672912597656
r32_8x32,ns3,0.301,447.5672912597656
r32_8x32,ns3,0.302,447.5672912597656
r32_8x32,ns3,0.303,447.5672912597656
r32_8x32,ns3,0.304,447.5684814453125
r32_8x32,ns3,0.305,447.5684814453125
r32_8x32,ns3,0.306,447.5684814453125
r32_8x32,ns3,0.307,447.5689697265625
r32_8x32,ns3,0.308,447.5689697265625
r32_8x32,ns3,0.309,447.5696716308594
r32_8x32,ns3,0.31,447.5701599121094
r32_8x32,ns3,0.311,447.5701599121094
r32_8x32,ns3,0.312,447.5707702636719
r32_8x32,ns3,0.313,447.57196044921875
r32_8x32,ns3,0.314,447.5731506347656
r32_8x32,ns3,0.315,450.0654296875
r32_8x32,ns3,0.316,450.0654296875
r32_8x32,ns3,0.317,450.0660095214844
r32_8x32,ns3,0.318,450.0672912597656
r32_8x32,ns3,0.319,450.0672912597656
r32_8x32,ns3,0.32,450.0672912597656
r32_8x32,ns3,0.321,450.0672912597656
r32_8x32,ns3,0.322,450.0672912597656
r32_8x32,ns3,0.323,450.0684814453125
r32_8x32,ns3,0.324,450.0684814453125
r32_8x32,ns3,0.325,450.0684814453125
r32_8x32,ns3,0.326,450.0690002441406
r32_8x32,ns3,0.327,450.0690002441406
r32_8x32,ns3,0.328,450.0696716308594
r32_8x32,ns3,0.329,450.0696716308594
r32_8x32,ns3,0.33,450.0701904296875
r32_8x32,ns3,0.331,450.0707702636719
r32_8x32,ns3,0.332,450.0713806152344
r32_8x32,ns3,0.333,450.0731506347656
r32_8x32,ns3,0.334,452.5654296875
r32_8x32,ns3,0.335,452.5654296875
r32_8x32,ns3,0.336,452.5654296875
r32_8x32,ns3,0.337,452.5660095214844
r32_8x32,ns3,0.338,452.5672607421875
r32_8x32,ns3,0.339,452.5672607421875
r32_8x32,ns3,0.34,452.5672607421875
r32_8x32,ns3,0.341,452.5672607421875
r32_8x32,ns3,0.342,452.5672607421875
r32_8x32,ns3,0.343,452.5684509277344
r32_8x32,ns3,0.344,452.5684509277344
r32_8x32,ns3,0.345,452.5690002441406
r32_8x32,ns3,0.346,452.5690002441406
r32_8x32,ns3,0.347,452.56964111328125
r32_8x32,ns3,0.348,452.5701904296875
r32_8x32,ns3,0.349,452.5708312988281
r32_8x32,ns3,0.35,452.572509765625
r32_8x32,ns3,0.351,455.0654602050781
r32_8x32,ns3,0.352,455.0654602050781
r32_8x32,ns3,0.353,455.0654602050781
r32_8x32,ns3,0.354,455.0654602050781
r32_8x32,ns3,0.355,455.0672607421875
r32_8x32,ns3,0.356,455.0672607421875
r32_8x32,ns3,0.357,455.0672607421875
r32_8x32,ns3,0.358,455.0672607421875
r32_8x32,ns3,0.359,455.0672607421875
r32_8x32,ns3,0.36,455.068359375
r32_8x32,ns3,0.361,455.0684509277344
r32_8x32,ns3,0.362,455.0684509277344
r32_8x32,ns3,0.363,455.06903076171875
r32_8x32,ns3,0.364,455.06964111328125
r32_8x32,ns3,0.365,455.07073974609375
r32_8x32,ns3,0.366,455.0714111328125
r32_8x32,ns3,0.367,457.5654602050781
r32_8x32,ns3,0.368,457.5654602050781
r32_8x32,ns3,0.369,457.5654602050781
r32_8x32,ns3,0.37,457.5654602050781
r32_8x32,ns3,0.371,457.56597900390625
r32_8x32,ns3,0.372,457.5672607421875
r32_8x32,ns3,0.373,457.5672607421875
r32_8x32,ns3,0.374,457.5672607421875
r32_8x32,ns3,0.375,457.5672607421875
r32_8x32,ns3,0.376,457.5684814453125
r32_8x32,ns3,0.377,457.5684814453125
r32_8x32,ns3,0.378,457.5684814453125
r32_8x32,ns3,0.379,457.5689697265625
r32_8x32,ns3,0.38,457.5701599121094
r32_8x32,ns3,0.381,457.57086181640625
r32_8x32,ns3,0.382,457.5736389160156
r32_8x32,ns3,0.383,460.0654296875
r32_8x32,ns3,0.384,460.0654296875
r32_8x32,ns3,0.385,460.0654296875
r32_8x32,ns3,0.386,460.0654296875
r32_8x32,ns3,0.387,460.0672607421875
r32_8x32,ns3,0.388,460.0672607421875
r32_8x32,ns3,0.389,460.0672607421875
r32_8x32,ns3,0.39,460.0672607421875
r32_8x32,ns3,0.391,460.0672607421875
r32_8x32,ns3,0.392,460.0684509277344
r32_8x32,ns3,0.393,460.0684509277344
r32_8x32,ns3,0.394,460.0690002441406
r32_8x32,ns3,0.395,460.06964111328125
r32_8x32,ns3,0.396,460.0707702636719
r32_8x32,ns3,0.397,460.0742492675781
r32_8x32,ns3,0.398,462.5654296875
r32_8x32,ns3,0.399,462.5654296875
r32_8x32,ns3,0.4,462.5654296875
r32_8x32,ns3,0.401,462.5654296875
r32_8x32,ns3,0.402,462.5672912597656
r32_8x32,ns3,0.403,462.5672912597656
r32_8x32,ns3,0.404,462.5672912597656
r32_8x32,ns3,0.405,462.5672912597656
r32_8x32,ns3,0.406,462.56781005859375
r32_8x32,ns3,0.407,462.5684814453125
r32_8x32,ns3,0.408,462.5684814453125
r32_8x32,ns3,0.409,462.5696716308594
r32_8x32,ns3,0.41,462.5707702636719
r32_8x32,ns3,0.411,465.0654602050781
r32_8x32,ns3,0.412,465.0654602050781
r32_8x32,ns3,0.413,465.0654602050781
r32_8x32,ns3,0.414,465.0654602050781
r32_8x32,ns3,0.415,465.0654602050781
r32_8x32,ns3,0.416,465.0660095214844
r32_8x32,ns3,0.417,465.0672302246094
r32_8x32,ns3,0.418,465.0672302246094
r32_8x32,ns3,0.419,465.0672302246094
r32_8x32,ns3,0.42,465.0678405761719
r32_8x32,ns3,0.421,465.06842041015625
r32_8x32,ns3,0.422,465.06903076171875
r32_8x32,ns3,0.423,465.0696105957031
r32_8x32,ns3,0.424,465.0719299316406
r32_8x32,ns3,0.425,467.5654602050781
r32_8x32,ns3,0.426,467.5654602050781
r32_8x32,ns3,0.427,467.5654602050781
r32_8x32,ns3,0.428,467.5654602050781
r32_8x32,ns3,0.429,467.56597900390625
r32_8x32,ns3,0.43,467.5672607421875
r32_8x32,ns3,0.431,467.5672607421875
r32_8x32,ns3,0.432,467.5672607421875
r32_8x32,ns3,0.433,467.5678405761719
r32_8x32,ns3,0.434,467.5684509277344
r32_8x32,ns3,0.435,467.56903076171875
r32_8x32,ns3,0.436,467.56964111328125
r32_8x32,ns3,0.437,467.572509765625
r32_8x32,ns3,0.438,470.0654296875
r32_8x32,ns3,0.439,470.0654296875
r32_8x32,ns3,0.44,470.0654296875
r32_8x32,ns3,0.441,470.0654296875
r32_8x32,ns3,0.442,470.0654296875
r32_8x32,ns3,0.443,470.06597900390625
r32_8x32,ns3,0.444,470.0672607421875
r32_8x32,ns3,0.445,470.0672607421875
r32_8x32,ns3,0.446,470.0672607421875
r32_8x32,ns3,0.447,470.0684509277344
r32_8x32,ns3,0.448,470.0684509277344
r32_8x32,ns3,0.449,470.06964111328125
r32_8x32,ns3,0.45,472.5653991699219
r32_8x32,ns3,0.451,472.5653991699219
r32_8x32,ns3,0.452,472.5653991699219
r32_8x32,ns3,0.453,472.5653991699219
r32_8x32,ns3,0.454,472.5653991699219
r32_8x32,ns3,0.455,472.56597900390625
r32_8x32,ns3,0.456,472.5672912597656
r32_8x32,ns3,0.457,472.5672912597656
r32_8x32,ns3,0.458,472.5672912597656
r32_8x32,ns3,0.459,472.56781005859375
r32_8x32,ns3,0.46,472.5684814453125
r32_8x32,ns3,0.461,472.5690002441406
r32_8x32,ns3,0.462,472.57086181640625
r32_8x32,ns3,0.463,475.0654296875
r32_8x32,ns3,0.464,475.0654296875
r32_8x32,ns3,0.465,475.0654296875
r32_8x32,ns3,0.466,475.0654296875
r32_8x32,ns3,0.467,475.0654296875
r32_8x32,ns3,0.468,475.0672912597656
r32_8x32,ns3,0.469,475.0672912597656
r32_8x32,ns3,0.47,475.0672912597656
r32_8x32,ns3,0.471,475.06781005859375
r32_8x32,ns3,0.472,475.0684814453125
r32_8x32,ns3,0.473,475.06903076171875
r32_8x32,ns3,0.474,477.5654296875
r32_8x32,ns3,0.475,477.5654296875
r32_8x32,ns3,0.476,477.5654296875
r32_8x32,ns3,0.477,477.5654296875
r32_8x32,ns3,0.478,477.5654296875
r32_8x32,ns3,0.479,477.5660095214844
r32_8x32,ns3,0.48,477.5672607421875
r32_8x32,ns3,0.481,477.5672607421875
r32_8x32,ns3,0.482,477.56781005859375
r32_8x32,ns3,0.483,477.5684509277344
r32_8x32,ns3,0.484,477.5690002441406
r32_8x32,ns3,0.485,480.0654296875
r32_8x32,ns3,0.486,480.0654296875
r32_8x32,ns3,0.487,480.0654296875
r32_8x32,ns3,0.488,480.0654296875
r32_8x32,ns3,0.489,480.0654296875
r32_8x32,ns3,0.49,480.06597900390625
r32_8x32,ns3,0.491,480.0672607421875
r32_8x32,ns3,0.492,480.0672607421875
r32_8x32,ns3,0.493,480.06781005859375
r32_8x32,ns3,0.494,480.0684509277344
r32_8x32,ns3,0.495,480.0690002441406
r32_8x32,ns3,0.496,482.5654602050781
r32_8x32,ns3,0.497,482.5654602050781
r32_8x32,ns3,0.498,482.5654602050781
r32_8x32,ns3,0.499,482.5654602050781
r32_8x32,ns3,0.5,482.5654602050781
r32_8x32,ns3,0.501,482.56597900390625
r32_8x32,ns3,0.502,482.5672912597656
r32_8x32,ns3,0.503,482.5672912597656
r32_8x32,ns3,0.504,482.5684814453125
r32_8x32,ns3,0.505,482.5684814453125
r32_8x32,ns3,0.506,482.57086181640625
r32_8x32,ns3,0.507,485.0654296875
r32_8x32,ns3,0.508,485.0654296875
r32_8x32,ns3,0.509,485.0654296875
r32_8x32,ns3,0.51,485.0654296875
r32_8x32,ns3,0.511,485.0660095214844
r32_8x32,ns3,0.512,485.0672912597656
r32_8x32,ns3,0.513,485.0672912597656
r32_8x32,ns3,0.514,485.0684814453125
r32_8x32,ns3,0.515,487.5654296875
r32_8x32,ns3,0.516,487.5654296875
r32_8x32,ns3,0.517,487.5654296875
r32_8x32,ns3,0.518,487.5654296875
r32_8x32,ns3,0.519,487.5654296875
r32_8x32,ns3,0.52,487.56597900390625
r32_8x32,ns3,0.521,487.5672607421875
r32_8x32,ns3,0.522,487.5672607421875
r32_8x32,ns3,0.523,487.5684814453125
r32_8x32,ns3,0.524,487.5708312988281
r32_8x32,ns3,0.525,490.0654296875
r32_8x32,ns3,0.526,490.0654296875
r32_8x32,ns3,0.527,490.0654296875
r32_8x32,ns3,0.528,490.0654296875
r32_8x32,ns3,0.529,490.0672302246094
r32_8x32,ns3,0.53,490.0672302246094
r32_8x32,ns3,0.531,490.06842041015625
r32_8x32,ns3,0.532,492.5654602050781
r32_8x32,ns3,0.533,492.5654602050781
r32_8x32,ns3,0.534,492.5654602050781
r32_8x32,ns3,0.535,492.5654602050781
r32_8x32,ns3,0.536,492.5659484863281
r32_8x32,ns3,0.537,492.5672607421875
r32_8x32,ns3,0.538,492.5684509277344
r32_8x32,ns3,0.539,492.56964111328125
r32_8x32,ns3,0.54,495.0654602050781
r32_8x32,ns3,0.541,495.0654602050781
r32_8x32,ns3,0.542,495.0654602050781
r32_8x32,ns3,0.543,495.0654602050781
r32_8x32,ns3,0.544,495.0672607421875
r32_8x32,ns3,0.545,495.0672607421875
r32_8x32,ns3,0.546,495.0684509277344
r32_8x32,ns3,0.547,497.5654296875
r32_8x32,ns3,0.548,497.5654296875
r32_8x32,ns3,0.549,497.5654296875
r32_8x32,ns3,0.55,497.5654296875
r32_8x32,ns3,0.551,497.5672607421875
r32_8x32,ns3,0.552,497.5672607421875
r32_8x32,ns3,0.553,497.5690002441406
r32_8x32,ns3,0.554,500.0654602050781
r32_8x32,ns3,0.555,500.0654602050781
r32_8x32,ns3,0.556,500.0654602050781
r32_8x32,ns3,0.557,500.0654602050781
r32_8x32,ns3,0.558,500.06597900390625
r32_8x32,ns3,0.559,500.0672912597656
r32_8x32,ns3,0.56,500.0684814453125
r32_8x32,ns3,0.561,502.5654296875
r32_8x32,ns3,0.562,502.5654296875
r32_8x32,ns3,0.563,502.5654296875
r32_8x32,ns3,0.564,502.5654296875
r32_8x32,ns3,0.565,502.5672302246094
r32_8x32,ns3,0.566,502.56842041015625
r32_8x32,ns3,0.567,505.0654296875
r32_8x32,ns3,0.568,505.0654296875
r32_8x32,ns3,0.569,505.0672912597656
r32_8x32,ns3,0.57,505.0672912597656
r32_8x32,ns3,0.571,507.5654296875
r32_8x32,ns3,0.572,507.5654296875
r32_8x32,ns3,0.573,507.5654296875
r32_8x32,ns3,0.574,507.5672912597656
r32_8x32,ns3,0.575,507.5696716308594
r32_8x32,ns3,0.576,510.0654296875
r32_8x32,ns3,0.577,510.0654296875
r32_8x32,ns3,0.578,510.0672912597656
r32_8x32,ns3,0.579,510.0684814453125
r32_8x32,ns3,0.58,512.5654296875
r32_8x32,ns3,0.581,512.5654296875
r32_8x32,ns3,0.582,512.5654296875
r32_8x32,ns3,0.583,512.5672607421875
r32_8x32,ns3,0.584,512.5684814453125
r32_8x32,ns3,0.585,515.0654296875
r32_8x32,ns3,0.586,515.0654296875
r32_8x32,ns3,0.587,515.0654296875
r32_8x32,ns3,0.588,515.0672607421875
r32_8x32,ns3,0.589,515.0684814453125
r32_8x32,ns3,0.59,517.5654296875
r32_8x32,ns3,0.591,517.5654296875
r32_8x32,ns3,0.592,517.5659790039062
r32_8x32,ns3,0.593,517.5672607421875
r32_8x32,ns3,0.594,517.5684814453125
r32_8x32,ns3,0.595,517.5707397460938
r32_8x32,ns3,0.596,520.0654907226562
r32_8x32,ns3,0.597,520.0654907226562
r32_8x32,ns3,0.598,520.0654907226562
r32_8x32,ns3,0.599,520.0672607421875
r32_8x32,ns3,0.6,520.0684814453125
r32_8x32,ns3,0.601,520.0690307617188
r32_8x32,ns3,0.602,520.0707397460938
r32_8x32,ns3,0.603,522.5654296875
r32_8x32,ns3,0.604,522.5654296875
r32_8x32,ns3,0.605,522.5654296875
r32_8x32,ns3,0.606,522.5672607421875
r32_8x32,ns3,0.607,522.5672607421875
r32_8x32,ns3,0.608,522.5690307617188
r32_8x32,ns3,0.609,525.0654296875
r32_8x32,ns3,0.61,525.0654296875
r32_8x32,ns3,0.611,525.0660400390625
r32_8x32,ns3,0.612,525.0672607421875
r32_8x32,ns3,0.613,525.0696411132812
r32_8x32,ns3,0.614,527.5654296875
r32_8x32,ns3,0.615,527.5654296875
r32_8x32,ns3,0.616,527.5672607421875
r32_8x32,ns3,0.617,527.572509765625
r32_8x32,ns3,0.618,530.0654907226562
r32_8x32,ns3,0.619,530.0672607421875
r32_8x32,ns3,0.62,530.0684814453125
r32_8x32,ns3,0.621,532.5654907226562
r32_8x32,ns3,0.622,532.5654907226562
r32_8x32,ns3,0.623,532.5672607421875
r32_8x32,ns3,0.624,532.5708618164062
r32_8x32,ns3,0.625,535.0654296875
r32_8x32,ns3,0.626,535.0672607421875
r32_8x32,ns3,0.627,535.0684814453125
r32_8x32,ns3,0.628,537.5654296875
r32_8x32,ns3,0.629,537.5673217773438
r32_8x32,ns3,0.63,537.5684814453125
r32_8x32,ns3,0.631,540.0654907226562
r32_8x32,ns3,0.632,540.0654907226562
r32_8x32,ns3,0.633,540.0672607421875
r32_8x32,ns3,0.634,540.0684204101562
r32_8x32,ns3,0.635,542.5654907226562
r32_8x32,ns3,0.636,542.5654907226562
r32_8x32,ns3,0.637,542.5672607421875
r32_8x32,ns3,0.638,542.5684204101562
r32_8x32,ns3,0.639,545.0654907226562
r32_8x32,ns3,0.64,545.0654907226562
r32_8x32,ns3,0.641,545.0659790039062
r32_8x32,ns3,0.642,545.0672607421875
r32_8x32,ns3,0.643,545.0684204101562
r32_8x32,ns3,0.644,547.5654296875
r32_8x32,ns3,0.645,547.5654296875
r32_8x32,ns3,0.646,547.5673217773438
r32_8x32,ns3,0.647,547.5673217773438
r32_8x32,ns3,0.648,547.5697021484375
r32_8x32,ns3,0.649,550.0654296875
r32_8x32,ns3,0.65,550.0654296875
r32_8x32,ns3,0.651,550.0673217773438
r32_8x32,ns3,0.652,550.0684814453125
r32_8x32,ns3,0.653,552.5654296875
r32_8x32,ns3,0.654,552.5654296875
r32_8x32,ns3,0.655,552.5672607421875
r32_8x32,ns3,0.656,552.5690307617188
r32_8x32,ns3,0.657,555.0654296875
r32_8x32,ns3,0.658,555.0654296875
r32_8x32,ns3,0.659,555.0672607421875
r32_8x32,ns3,0.66,555.0684204101562
r32_8x32,ns3,0.661,557.5654296875
r32_8x32,ns3,0.662,557.5654296875
r32_8x32,ns3,0.663,557.5654296875
r32_8x32,ns3,0.664,557.5673217773438
r32_8x32,ns3,0.665,557.5697021484375
r32_8x32,ns3,0.666,560.0654296875
r32_8x32,ns3,0.667,560.0654296875
r32_8x32,ns3,0.668,560.0673217773438
r32_8x32,ns3,0.669,560.0684814453125
r32_8x32,ns3,0.67,562.5654296875
r32_8x32,ns3,0.671,562.5654296875
r32_8x32,ns3,0.672,562.5673217773438
r32_8x32,ns3,0.673,562.5684814453125
r32_8x32,ns3,0.674,565.0654296875
r32_8x32,ns3,0.675,565.0654296875
r32_8x32,ns3,0.676,565.0672607421875
r32_8x32,ns3,0.677,565.0684204101562
r32_8x32,ns3,0.678,567.5654296875
r32_8x32,ns3,0.679,567.5654296875
r32_8x32,ns3,0.68,567.5672607421875
r32_8x32,ns3,0.681,567.5684814453125
r32_8x32,ns3,0.682,570.0654296875
r32_8x32,ns3,0.683,570.0654296875
r32_8x32,ns3,0.684,570.0654296875
r32_8x32,ns3,0.685,570.0672607421875
r32_8x32,ns3,0.686,570.0708618164062
r32_8x32,ns3,0.687,572.5654296875
r32_8x32,ns3,0.688,572.5654296875
r32_8x32,ns3,0.689,572.5672607421875
r32_8x32,ns3,0.69,572.5684814453125
r32_8x32,ns3,0.691,575.0654296875
r32_8x32,ns3,0.692,575.0654296875
r32_8x32,ns3,0.693,575.0672607421875
r32_8x32,ns3,0.694,575.0678100585938
r32_8x32,ns3,0.695,577.5654296875
r32_8x32,ns3,0.696,577.5654296875
r32_8x32,ns3,0.697,577.5660400390625
r32_8x32,ns3,0.698,577.5672607421875
r32_8x32,ns3,0.699,580.0654296875
r32_8x32,ns3,0.7,580.0654296875
r32_8x32,ns3,0.701,580.0654296875
r32_8x32,ns3,0.702,580.0672607421875
r32_8x32,ns3,0.703,580.0690307617188
r32_8x32,ns3,0.704,582.5654907226562
r32_8x32,ns3,0.705,582.5654907226562
r32_8x32,ns3,0.706,582.5654907226562
r32_8x32,ns3,0.707,582.5672607421875
r32_8x32,ns3,0.708,582.5696411132812
r32_8x32,ns3,0.709,585.0654296875
r32_8x32,ns3,0.71,585.0654296875
r32_8x32,ns3,0.711,585.0672607421875
r32_8x32,ns3,0.712,585.0684814453125
r32_8x32,ns3,0.713,587.5654296875
r32_8x32,ns3,0.714,587.5654296875
r32_8x32,ns3,0.715,587.5654296875
r32_8x32,ns3,0.716,587.5660400390625
r32_8x32,ns3,0.717,587.5678100585938
r32_8x32,ns3,0.718,590.0654296875
r32_8x32,ns3,0.719,590.0654296875
r32_8x32,ns3,0.72,590.0660400390625
r32_8x32,ns3,0.721,590.0672607421875
r32_8x32,ns3,0.722,590.0696411132812
r32_8x32,ns3,0.723,592.5654907226562
r32_8x32,ns3,0.724,592.5654907226562
r32_8x32,ns3,0.725,592.5672607421875
r32_8x32,ns3,0.726,592.56787109375
r32_8x32,ns3,0.727,595.0654907226562
r32_8x32,ns3,0.728,595.0654907226562
r32_8x32,ns3,0.729,595.0654907226562
r32_8x32,ns3,0.73,595.0672607421875
r32_8x32,ns3,0.731,595.0672607421875
r32_8x32,ns3,0.732,597.5654296875
r32_8x32,ns3,0.733,597.5654296875
r32_8x32,ns3,0.734,597.5654296875
r32_8x32,ns3,0.735,597.5672607421875
r32_8x32,ns3,0.736,597.5696411132812
r32_8x32,ns3,0.737,600.0654296875
r32_8x32,ns3,0.738,600.0654296875
r32_8x32,ns3,0.739,600.0673217773438
r32_8x32,ns3,0.74,600.0678100585938
r32_8x32,ns3,0.741,602.5654907226562
r32_8x32,ns3,0.742,602.5654907226562
r32_8x32,ns3,0.743,602.5654907226562
r32_8x32,ns3,0.744,602.5672607421875
r32_8x32,ns3,0.745,605.0654907226562
r32_8x32,ns3,0.746,605.0654907226562
r32_8x32,ns3,0.747,605.0684204101562
r32_8x32,ns3,0.748,607.5654907226562
r32_8x32,ns3,0.749,607.5672607421875
r32_8x32,ns3,0.75,610.0654296875
r32_8x32,ns3,0.751,610.0673217773438
r32_8x32,ns3,0.752,610.0697021484375
r32_8x32,ns3,0.753,612.5654296875
r32_8x32,ns3,0.754,612.5684814453125
r32_8x32,ns3,0.755,615.0654296875
r32_8x32,ns3,0.756,615.0672607421875
r32_8x32,ns3,0.757,617.5654296875
r32_8x32,ns3,0.758,617.5654296875
r32_8x32,ns3,0.759,617.5684204101562
r32_8x32,ns3,0.76,620.0654296875
r32_8x32,ns3,0.761,620.0673217773438
r32_8x32,ns3,0.762,622.5654296875
r32_8x32,ns3,0.763,622.5673217773438
r32_8x32,ns3,0.764,622.5697021484375
r32_8x32,ns3,0.765,625.0654296875
r32_8x32,ns3,0.766,625.0673217773438
r32_8x32,ns3,0.767,627.5654296875
r32_8x32,ns3,0.768,627.5672607421875
r32_8x32,ns3,0.769,630.0654296875
r32_8x32,ns3,0.77,630.0672607421875
r32_8x32,ns3,0.771,630.0684814453125
r32_8x32,ns3,0.772,632.5654296875
r32_8x32,ns3,0.773,632.5672607421875
r32_8x32,ns3,0.774,635.0654296875
r32_8x32,ns3,0.775,635.0684814453125
r32_8x32,ns3,0.776,637.5654296875
r32_8x32,ns3,0.777,637.5672607421875
r32_8x32,ns3,0.778,637.5696411132812
r32_8x32,ns3,0.779,640.0654296875
r32_8x32,ns3,0.78,640.0672607421875
r32_8x32,ns3,0.781,640.0684814453125
r32_8x32,ns3,0.782,642.5654296875
r32_8x32,ns3,0.783,642.5672607421875
r32_8x32,ns3,0.784,645.0654907226562
r32_8x32,ns3,0.785,645.0654907226562
r32_8x32,ns3,0.786,645.0684814453125
r32_8x32,ns3,0.787,647.5654296875
r32_8x32,ns3,0.788,647.5672607421875
r32_8x32,ns3,0.789,647.5690307617188
r32_8x32,ns3,0.79,650.0654296875
r32_8x32,ns3,0.791,650.0684814453125
r32_8x32,ns3,0.792,652.5654296875
r32_8x32,ns3,0.793,652.5672607421875
r32_8x32,ns3,0.794,655.0654907226562
r32_8x32,ns3,0.795,655.0654907226562
r32_8x32,ns3,0.796,655.0684814453125
r32_8x32,ns3,0.797,657.5654907226562
r32_8x32,ns3,0.798,657.5672607421875
r32_8x32,ns3,0.799,660.0654296875
r32_8x32,ns3,0.8,660.0672607421875
r32_8x32,ns3,0.801,662.5654296875
r32_8x32,ns3,0.802,662.5673217773438
r32_8x32,ns3,0.803,665.0654907226562
r32_8x32,ns3,0.804,665.0654907226562
r32_8x32,ns3,0.805,665.0684204101562
r32_8x32,ns3,0.806,667.5654907226562
r32_8x32,ns3,0.807,667.5684204101562
r32_8x32,ns3,0.808,670.0654907226562
r32_8x32,ns3,0.809,670.0672607421875
r32_8x32,ns3,0.81,672.5654296875
r32_8x32,ns3,0.811,672.5654296875
r32_8x32,ns3,0.812,672.5684814453125
r32_8x32,ns3,0.813,675.0654296875
r32_8x32,ns3,0.814,675.0673217773438
r32_8x32,ns3,0.815,677.5654296875
r32_8x32,ns3,0.816,677.5672607421875
r32_8x32,ns3,0.817,680.0654296875
r32_8x32,ns3,0.818,680.0684204101562
r32_8x32,ns3,0.819,682.5654296875
r32_8x32,ns3,0.82,682.5684814453125
r32_8x32,ns3,0.821,685.0654296875
r32_8x32,ns3,0.822,685.0697021484375
r32_8x32,ns3,0.823,687.5654296875
r32_8x32,ns3,0.824,687.5684814453125
r32_8x32,ns3,0.825,690.0654296875
r32_8x32,ns3,0.826,690.0678100585938
r32_8x32,ns3,0.827,692.5654296875
r32_8x32,ns3,0.828,692.5672607421875
r32_8x32,ns3,0.829,695.0654296875
r32_8x32,ns3,0.83,695.0672607421875
r32_8x32,ns3,0.831,697.5654296875
r32_8x32,ns3,0.832,697.5672607421875
r32_8x32,ns3,0.833,700.0654296875
r32_8x32,ns3,0.834,700.0672607421875
r32_8x32,ns3,0.835,700.07080078125
r32_8x32,ns3,0.836,702.5654296875
r32_8x32,ns3,0.837,702.5696411132812
r32_8x32,ns3,0.838,705.0672607421875
r32_8x32,ns3,0.839,707.5654907226562
r32_8x32,ns3,0.84,707.5708618164062
r32_8x32,ns3,0.841,710.0672607421875
r32_8x32,ns3,0.842,712.5654296875
r32_8x32,ns3,0.843,712.5684814453125
r32_8x32,ns3,0.844,715.0672607421875
r32_8x32,ns3,0.845,717.5654907226562
r32_8x32,ns3,0.846,717.5684814453125
r32_8x32,ns3,0.847,720.0654907226562
r32_8x32,ns3,0.848,722.5654296875
r32_8x32,ns3,0.849,722.5672607421875
r32_8x32,ns3,0.85,725.0654296875
r32_8x32,ns3,0.851,725.0697021484375
r32_8x32,ns3,0.852,727.5672607421875
r32_8x32,ns3,0.853,730.0654907226562
r32_8x32,ns3,0.854,730.0672607421875
r32_8x32,ns3,0.855,732.5654907226562
r32_8x32,ns3,0.856,732.5672607421875
r32_8x32,ns3,0.857,735.0654296875
r32_8x32,ns3,0.858,735.0684814453125
r32_8x32,ns3,0.859,737.5654296875
r32_8x32,ns3,0.86,737.57080078125
r32_8x32,ns3,0.861,740.0672607421875
r32_8x32,ns3,0.862,742.5654296875
r32_8x32,ns3,0.863,742.5684204101562
r32_8x32,ns3,0.864,745.0673217773438
r32_8x32,ns3,0.865,747.5654296875
r32_8x32,ns3,0.866,747.5697021484375
r32_8x32,ns3,0.867,750.0673217773438
r32_8x32,ns3,0.868,752.5654296875
r32_8x32,ns3,0.869,752.5678100585938
r32_8x32,ns3,0.87,755.0654296875
r32_8x32,ns3,0.871,757.5654296875
r32_8x32,ns3,0.872,757.5672607421875
r32_8x32,ns3,0.873,760.0654296875
r32_8x32,ns3,0.874,762.5654296875
r32_8x32,ns3,0.875,762.5672607421875
r32_8x32,ns3,0.876,765.0654296875
r32_8x32,ns3,0.877,767.5654296875
r32_8x32,ns3,0.878,767.5672607421875
r32_8x32,ns3,0.879,770.0654907226562
r32_8x32,ns3,0.88,772.5654296875
r32_8x32,ns3,0.881,772.5684814453125
r32_8x32,ns3,0.882,775.0672607421875
r32_8x32,ns3,0.883,777.5654296875
r32_8x32,ns3,0.884,780.0654907226562
r32_8x32,ns3,0.885,780.0684814453125
r32_8x32,ns3,0.886,782.5672607421875
r32_8x32,ns3,0.887,785.0672607421875
r32_8x32,ns3,0.888,787.5654296875
r32_8x32,ns3,0.889,790.0654907226562
r32_8x32,ns3,0.89,792.5654907226562
r32_8x32,ns3,0.891,792.5684204101562
r32_8x32,ns3,0.892,795.0684204101562
r32_8x32,ns3,0.893,797.5673217773438
r32_8x32,ns3,0.894,800.0654296875
r32_8x32,ns3,0.895,802.5654907226562
r32_8x32,ns3,0.896,802.5697021484375
r32_8x32,ns3,0.897,807.5653686523438
r32_8x32,ns3,0.898,810.0654296875
r32_8x32,ns3,0.899,812.5654296875
r32_8x32,ns3,0.9,815.0654907226562
r32_8x32,ns3,0.901,817.5678100585938
r32_8x32,ns3,0.902,820.0673217773438
r32_8x32,ns3,0.903,822.5684204101562
r32_8x32,ns3,0.904,825.069580078125
r32_8x32,ns3,0.905,827.5684814453125
r32_8x32,ns3,0.906,830.0696411132812
r32_8x32,ns3,0.907,835.0654907226562
r32_8x32,ns3,0.908,837.5654296875
r32_8x32,ns3,0.909,840.0673217773438
r32_8x32,ns3,0.91,842.5672607421875
r32_8x32,ns3,0.911,845.0684814453125
r32_8x32,ns3,0.912,850.0654296875
r32_8x32,ns3,0.913,852.5673217773438
r32_8x32,ns3,0.914,855.0672607421875
r32_8x32,ns3,0.915,857.5673217773438
r32_8x32,ns3,0.916,862.5654296875
r32_8x32,ns3,0.917,865.0673217773438
r32_8x32,ns3,0.918,867.5672607421875
r32_8x32,ns3,0.919,870.0684814453125
r32_8x32,ns3,0.92,875.0654296875
r32_8x32,ns3,0.921,877.5654907226562
r32_8x32,ns3,0.922,880.0672607421875
r32_8x32,ns3,0.923,885.0654907226562
r32_8x32,ns3,0.924,887.5654296875
r32_8x32,ns3,0.925,890.0654907226562
r32_8x32,ns3,0.926,892.5672607421875
r32_8x32,ns3,0.927,895.0684814453125
r32_8x32,ns3,0.928,897.5696411132812
r32_8x32,ns3,0.929,902.5654907226562
r32_8x32,ns3,0.93,905.0672607421875
r32_8x32,ns3,0.931,907.5673217773438
r32_8x32,ns3,0.932,912.5654296875
r32_8x32,ns3,0.933,915.0673217773438
r32_8x32,ns3,0.934,917.5684814453125
r32_8x32,ns3,0.935,922.5673217773438
r32_8x32,ns3,0.936,925.0672607421875
r32_8x32,ns3,0.937,927.5684204101562
r32_8x32,ns3,0.938,930.0672607421875
r32_8x32,ns3,0.939,932.5684814453125
r32_8x32,ns3,0.94,937.5672607421875
r32_8x32,ns3,0.941,940.0684204101562
r32_8x32,ns3,0.942,945.0654296875
r32_8x32,ns3,0.943,947.5654907226562
r32_8x32,ns3,0.944,950.0671997070312
r32_8x32,ns3,0.945,952.5696411132812
r32_8x32,ns3,0.946,957.5654296875
r32_8x32,ns3,0.947,960.0672607421875
r32_8x32,ns3,0.948,965.0654907226562
r32_8x32,ns3,0.949,970.0654296875
r32_8x32,ns3,0.95,972.5672607421875
r32_8x32,ns3,0.951,977.5654907226562
r32_8x32,ns3,0.952,982.5654296875
r32_8x32,ns3,0.953,987.5672607421875
r32_8x32,ns3,0.954,992.5684814453125
r32_8x32,ns3,0.955,997.5690307617188
r32_8x32,ns3,0.956,1005.0685424804688
r32_8x32,ns3,0.957,1015.0673217773438
r32_8x32,ns3,0.958,1025.0672607421875
r32_8x32,ns3,0.959,1035.0655517578125
r32_8x32,ns3,0.96,1045.0654296875
r32_8x32,ns3,0.961,1052.5697021484375
r32_8x32,ns3,0.962,1067.5654296875
r32_8x32,ns3,0.963,1077.5655517578125
r32_8x32,ns3,0.964,1082.5689697265625
r32_8x32,ns3,0.965,1090.0697021484375
r32_8x32,ns3,0.966,1097.5655517578125
r32_8x32,ns3,0.967,1102.5655517578125
r32_8x32,ns3,0.968,1110.0672607421875
r32_8x32,ns3,0.969,1120.0654296875
r32_8x32,ns3,0.97,1127.570068359375
r32_8x32,ns3,0.971,1137.5655517578125
r32_8x32,ns3,0.972,1145.0654296875
r32_8x32,ns3,0.973,1152.5684814453125
r32_8x32,ns3,0.974,1160.0689697265625
r32_8x32,ns3,0.975,1170.0654296875
r32_8x32,ns3,0.976,1180.0672607421875
r32_8x32,ns3,0.977,1192.5660400390625
r32_8x32,ns3,0.978,1205.0672607421875
r32_8x32,ns3,0.979,1225.0654296875
r32_8x32,ns3,0.98,1237.5684814453125
r32_8x32,ns3,0.981,1252.5672607421875
r32_8x32,ns3,0.982,1270.0654296875
r32_8x32,ns3,0.983,1287.5654296875
r32_8x32,ns3,0.984,1302.5654296875
r32_8x32,ns3,0.985,1322.5654296875
r32_8x32,ns3,0.986,1345.06591796875
r32_8x32,ns3,0.987,1370.0654296875
r32_8x32,ns3,0.988,1390.0673828125
r32_8x32,ns3,0.989,1417.5654296875
r32_8x32,ns3,0.99,1442.5654296875
r32_8x32,ns3,0.991,1465.0654296875
r32_8x32,ns3,0.992,1495.0654296875
r32_8x32,ns3,0.993,1530.0654296875
r32_8x32,ns3,0.994,1575.0655517578125
r32_8x32,ns3,0.995,1615.0673828125
r32_8x32,ns3,0.996,1672.5654296875
r32_8x32,ns3,0.997,1725.07080078125
r32_8x32,ns3,0.998,1782.568359375
r32_8x32,ns3,0.999,1870.0655517578125
r32_8x32,ns3,1.0,1997.5684814453125
